[2026-09-17 10:43:43] local.ERROR: file_put_contents(C:\laragon\www\STIT2\storage\framework/sessions/8aIYRR8Aw2HwRHh8I1rmlfifZFI0Zo5Fi4vgVZcX): Failed to open stream: No such file or directory {"exception":"[object] (ErrorException(code: 0): file_put_contents(C:\\laragon\\www\\STIT2\\storage\\framework/sessions/8aIYRR8Aw2HwRHh8I1rmlfifZFI0Zo5Fi4vgVZcX): Failed to open stream: No such file or directory at C:\\laragon\\www\\STIT2\\vendor\\laravel\\framework\\src\\Illuminate\\Filesystem\\Filesystem.php:204)
[stacktrace]
#0 C:\\laragon\\www\\STIT2\\vendor\\laravel\\framework\\src\\Illuminate\\Foundation\\Bootstrap\\HandleExceptions.php(256): Illuminate\\Foundation\\Bootstrap\\HandleExceptions->handleError(2, 'file_put_conten...', 'C:\\\\laragon\\\\www\\\\...', 204)
#1 [internal function]: Illuminate\\Foundation\\Bootstrap\\HandleExceptions->Illuminate\\Foundation\\Bootstrap\\{closure}(2, 'file_put_conten...', 'C:\\\\laragon\\\\www\\\\...', 204)
#2 C:\\laragon\\www\\STIT2\\vendor\\laravel\\framework\\src\\Illuminate\\Filesystem\\Filesystem.php(204): file_put_contents('C:\\\\laragon\\\\www\\\\...', 'a:3:{s:6:\"_toke...', 2)
#3 C:\\laragon\\www\\STIT2\\vendor\\laravel\\framework\\src\\Illuminate\\Session\\FileSessionHandler.php(89): Illuminate\\Filesystem\\Filesystem->put('C:\\\\laragon\\\\www\\\\...', 'a:3:{s:6:\"_toke...', true)
#4 C:\\laragon\\www\\STIT2\\vendor\\laravel\\framework\\src\\Illuminate\\Session\\Store.php(175): Illuminate\\Session\\FileSessionHandler->write('8aIYRR8Aw2HwRHh...', 'a:3:{s:6:\"_toke...')
#5 C:\\laragon\\www\\STIT2\\vendor\\laravel\\framework\\src\\Illuminate\\Session\\Middleware\\StartSession.php(244): Illuminate\\Session\\Store->save()
#6 C:\\laragon\\www\\STIT2\\vendor\\laravel\\framework\\src\\Illuminate\\Session\\Middleware\\StartSession.php(129): Illuminate\\Session\\Middleware\\StartSession->saveSession(Object(Illuminate\\Http\\Request))
#7 C:\\laragon\\www\\STIT2\\vendor\\laravel\\framework\\src\\Illuminate\\Session\\Middleware\\StartSession.php(63): Illuminate\\Session\\Middleware\\StartSession->handleStatefulRequest(Object(Illuminate\\Http\\Request), Object(Illuminate\\Session\\Store), Object(Closure))
#8 C:\\laragon\\www\\STIT2\\vendor\\laravel\\framework\\src\\Illuminate\\Pipeline\\Pipeline.php(208): Illuminate\\Session\\Middleware\\StartSession->handle(Object(Illuminate\\Http\\Request), Object(Closure))
#9 C:\\laragon\\www\\STIT2\\vendor\\laravel\\framework\\src\\Illuminate\\Cookie\\Middleware\\AddQueuedCookiesToResponse.php(36): Illuminate\\Pipeline\\Pipeline->Illuminate\\Pipeline\\{closure}(Object(Illuminate\\Http\\Request))
#10 C:\\laragon\\www\\STIT2\\vendor\\laravel\\framework\\src\\Illuminate\\Pipeline\\Pipeline.php(208): Illuminate\\Cookie\\Middleware\\AddQueuedCookiesToResponse->handle(Object(Illuminate\\Http\\Request), Object(Closure))
#11 C:\\laragon\\www\\STIT2\\vendor\\laravel\\framework\\src\\Illuminate\\Cookie\\Middleware\\EncryptCookies.php(74): Illuminate\\Pipeline\\Pipeline->Illuminate\\Pipeline\\{closure}(Object(Illuminate\\Http\\Request))
#12 C:\\laragon\\www\\STIT2\\vendor\\laravel\\framework\\src\\Illuminate\\Pipeline\\Pipeline.php(208): Illuminate\\Cookie\\Middleware\\EncryptCookies->handle(Object(Illuminate\\Http\\Request), Object(Closure))
#13 C:\\laragon\\www\\STIT2\\vendor\\laravel\\framework\\src\\Illuminate\\Pipeline\\Pipeline.php(126): Illuminate\\Pipeline\\Pipeline->Illuminate\\Pipeline\\{closure}(Object(Illuminate\\Http\\Request))
#14 C:\\laragon\\www\\STIT2\\vendor\\laravel\\framework\\src\\Illuminate\\Routing\\Router.php(807): Illuminate\\Pipeline\\Pipeline->then(Object(Closure))
#15 C:\\laragon\\www\\STIT2\\vendor\\laravel\\framework\\src\\Illuminate\\Routing\\Router.php(786): Illuminate\\Routing\\Router->runRouteWithinStack(Object(Illuminate\\Routing\\Route), Object(Illuminate\\Http\\Request))
#16 C:\\laragon\\www\\STIT2\\vendor\\laravel\\framework\\src\\Illuminate\\Routing\\Router.php(750): Illuminate\\Routing\\Router->runRoute(Object(Illuminate\\Http\\Request), Object(Illuminate\\Routing\\Route))
#17 C:\\laragon\\www\\STIT2\\vendor\\laravel\\framework\\src\\Illuminate\\Routing\\Router.php(739): Illuminate\\Routing\\Router->dispatchToRoute(Object(Illuminate\\Http\\Request))
#18 C:\\laragon\\www\\STIT2\\vendor\\laravel\\framework\\src\\Illuminate\\Foundation\\Http\\Kernel.php(200): Illuminate\\Routing\\Router->dispatch(Object(Illuminate\\Http\\Request))
#19 C:\\laragon\\www\\STIT2\\vendor\\laravel\\framework\\src\\Illuminate\\Pipeline\\Pipeline.php(169): Illuminate\\Foundation\\Http\\Kernel->Illuminate\\Foundation\\Http\\{closure}(Object(Illuminate\\Http\\Request))
#20 C:\\laragon\\www\\STIT2\\vendor\\livewire\\livewire\\src\\Features\\SupportDisablingBackButtonCache\\DisableBackButtonCacheMiddleware.php(19): Illuminate\\Pipeline\\Pipeline->Illuminate\\Pipeline\\{closure}(Object(Illuminate\\Http\\Request))
#21 C:\\laragon\\www\\STIT2\\vendor\\laravel\\framework\\src\\Illuminate\\Pipeline\\Pipeline.php(208): Livewire\\Features\\SupportDisablingBackButtonCache\\DisableBackButtonCacheMiddleware->handle(Object(Illuminate\\Http\\Request), Object(Closure))
#22 C:\\laragon\\www\\STIT2\\vendor\\laravel\\framework\\src\\Illuminate\\Foundation\\Http\\Middleware\\TransformsRequest.php(21): Illuminate\\Pipeline\\Pipeline->Illuminate\\Pipeline\\{closure}(Object(Illuminate\\Http\\Request))
#23 C:\\laragon\\www\\STIT2\\vendor\\laravel\\framework\\src\\Illuminate\\Foundation\\Http\\Middleware\\ConvertEmptyStringsToNull.php(31): Illuminate\\Foundation\\Http\\Middleware\\TransformsRequest->handle(Object(Illuminate\\Http\\Request), Object(Closure))
#24 C:\\laragon\\www\\STIT2\\vendor\\laravel\\framework\\src\\Illuminate\\Pipeline\\Pipeline.php(208): Illuminate\\Foundation\\Http\\Middleware\\ConvertEmptyStringsToNull->handle(Object(Illuminate\\Http\\Request), Object(Closure))
#25 C:\\laragon\\www\\STIT2\\vendor\\laravel\\framework\\src\\Illuminate\\Foundation\\Http\\Middleware\\TransformsRequest.php(21): Illuminate\\Pipeline\\Pipeline->Illuminate\\Pipeline\\{closure}(Object(Illuminate\\Http\\Request))
#26 C:\\laragon\\www\\STIT2\\vendor\\laravel\\framework\\src\\Illuminate\\Foundation\\Http\\Middleware\\TrimStrings.php(51): Illuminate\\Foundation\\Http\\Middleware\\TransformsRequest->handle(Object(Illuminate\\Http\\Request), Object(Closure))
#27 C:\\laragon\\www\\STIT2\\vendor\\laravel\\framework\\src\\Illuminate\\Pipeline\\Pipeline.php(208): Illuminate\\Foundation\\Http\\Middleware\\TrimStrings->handle(Object(Illuminate\\Http\\Request), Object(Closure))
#28 C:\\laragon\\www\\STIT2\\vendor\\laravel\\framework\\src\\Illuminate\\Http\\Middleware\\ValidatePostSize.php(27): Illuminate\\Pipeline\\Pipeline->Illuminate\\Pipeline\\{closure}(Object(Illuminate\\Http\\Request))
#29 C:\\laragon\\www\\STIT2\\vendor\\laravel\\framework\\src\\Illuminate\\Pipeline\\Pipeline.php(208): Illuminate\\Http\\Middleware\\ValidatePostSize->handle(Object(Illuminate\\Http\\Request), Object(Closure))
#30 C:\\laragon\\www\\STIT2\\vendor\\laravel\\framework\\src\\Illuminate\\Foundation\\Http\\Middleware\\PreventRequestsDuringMaintenance.php(109): Illuminate\\Pipeline\\Pipeline->Illuminate\\Pipeline\\{closure}(Object(Illuminate\\Http\\Request))
#31 C:\\laragon\\www\\STIT2\\vendor\\laravel\\framework\\src\\Illuminate\\Pipeline\\Pipeline.php(208): Illuminate\\Foundation\\Http\\Middleware\\PreventRequestsDuringMaintenance->handle(Object(Illuminate\\Http\\Request), Object(Closure))
#32 C:\\laragon\\www\\STIT2\\vendor\\laravel\\framework\\src\\Illuminate\\Http\\Middleware\\HandleCors.php(48): Illuminate\\Pipeline\\Pipeline->Illuminate\\Pipeline\\{closure}(Object(Illuminate\\Http\\Request))
#33 C:\\laragon\\www\\STIT2\\vendor\\laravel\\framework\\src\\Illuminate\\Pipeline\\Pipeline.php(208): Illuminate\\Http\\Middleware\\HandleCors->handle(Object(Illuminate\\Http\\Request), Object(Closure))
#34 C:\\laragon\\www\\STIT2\\vendor\\laravel\\framework\\src\\Illuminate\\Http\\Middleware\\TrustProxies.php(58): Illuminate\\Pipeline\\Pipeline->Illuminate\\Pipeline\\{closure}(Object(Illuminate\\Http\\Request))
#35 C:\\laragon\\www\\STIT2\\vendor\\laravel\\framework\\src\\Illuminate\\Pipeline\\Pipeline.php(208): Illuminate\\Http\\Middleware\\TrustProxies->handle(Object(Illuminate\\Http\\Request), Object(Closure))
#36 C:\\laragon\\www\\STIT2\\vendor\\laravel\\framework\\src\\Illuminate\\Foundation\\Http\\Middleware\\InvokeDeferredCallbacks.php(22): Illuminate\\Pipeline\\Pipeline->Illuminate\\Pipeline\\{closure}(Object(Illuminate\\Http\\Request))
#37 C:\\laragon\\www\\STIT2\\vendor\\laravel\\framework\\src\\Illuminate\\Pipeline\\Pipeline.php(208): Illuminate\\Foundation\\Http\\Middleware\\InvokeDeferredCallbacks->handle(Object(Illuminate\\Http\\Request), Object(Closure))
#38 C:\\laragon\\www\\STIT2\\vendor\\laravel\\framework\\src\\Illuminate\\Http\\Middleware\\ValidatePathEncoding.php(26): Illuminate\\Pipeline\\Pipeline->Illuminate\\Pipeline\\{closure}(Object(Illuminate\\Http\\Request))
#39 C:\\laragon\\www\\STIT2\\vendor\\laravel\\framework\\src\\Illuminate\\Pipeline\\Pipeline.php(208): Illuminate\\Http\\Middleware\\ValidatePathEncoding->handle(Object(Illuminate\\Http\\Request), Object(Closure))
#40 C:\\laragon\\www\\STIT2\\vendor\\laravel\\framework\\src\\Illuminate\\Pipeline\\Pipeline.php(126): Illuminate\\Pipeline\\Pipeline->Illuminate\\Pipeline\\{closure}(Object(Illuminate\\Http\\Request))
#41 C:\\laragon\\www\\STIT2\\vendor\\laravel\\framework\\src\\Illuminate\\Foundation\\Http\\Kernel.php(175): Illuminate\\Pipeline\\Pipeline->then(Object(Closure))
#42 C:\\laragon\\www\\STIT2\\vendor\\laravel\\framework\\src\\Illuminate\\Foundation\\Http\\Kernel.php(144): Illuminate\\Foundation\\Http\\Kernel->sendRequestThroughRouter(Object(Illuminate\\Http\\Request))
#43 C:\\laragon\\www\\STIT2\\public\\index.php(51): Illuminate\\Foundation\\Http\\Kernel->handle(Object(Illuminate\\Http\\Request))
#44 C:\\laragon\\www\\STIT2\\vendor\\laravel\\framework\\src\\Illuminate\\Foundation\\resources\\server.php(23): require_once('C:\\\\laragon\\\\www\\\\...')
#45 {main}
"} 
[2026-09-17 10:43:47] local.ERROR: file_put_contents(C:\laragon\www\STIT2\storage\framework/sessions/U6HCqfoIJG29ClQ3Czdd4UBeDHIrojJnpoKnJIX4): Failed to open stream: No such file or directory {"exception":"[object] (ErrorException(code: 0): file_put_contents(C:\\laragon\\www\\STIT2\\storage\\framework/sessions/U6HCqfoIJG29ClQ3Czdd4UBeDHIrojJnpoKnJIX4): Failed to open stream: No such file or directory at C:\\laragon\\www\\STIT2\\vendor\\laravel\\framework\\src\\Illuminate\\Filesystem\\Filesystem.php:204)
[stacktrace]
#0 C:\\laragon\\www\\STIT2\\vendor\\laravel\\framework\\src\\Illuminate\\Foundation\\Bootstrap\\HandleExceptions.php(256): Illuminate\\Foundation\\Bootstrap\\HandleExceptions->handleError(2, 'file_put_conten...', 'C:\\\\laragon\\\\www\\\\...', 204)
#1 [internal function]: Illuminate\\Foundation\\Bootstrap\\HandleExceptions->Illuminate\\Foundation\\Bootstrap\\{closure}(2, 'file_put_conten...', 'C:\\\\laragon\\\\www\\\\...', 204)
#2 C:\\laragon\\www\\STIT2\\vendor\\laravel\\framework\\src\\Illuminate\\Filesystem\\Filesystem.php(204): file_put_contents('C:\\\\laragon\\\\www\\\\...', 'a:3:{s:6:\"_toke...', 2)
#3 C:\\laragon\\www\\STIT2\\vendor\\laravel\\framework\\src\\Illuminate\\Session\\FileSessionHandler.php(89): Illuminate\\Filesystem\\Filesystem->put('C:\\\\laragon\\\\www\\\\...', 'a:3:{s:6:\"_toke...', true)
#4 C:\\laragon\\www\\STIT2\\vendor\\laravel\\framework\\src\\Illuminate\\Session\\Store.php(175): Illuminate\\Session\\FileSessionHandler->write('U6HCqfoIJG29ClQ...', 'a:3:{s:6:\"_toke...')
#5 C:\\laragon\\www\\STIT2\\vendor\\laravel\\framework\\src\\Illuminate\\Session\\Middleware\\StartSession.php(244): Illuminate\\Session\\Store->save()
#6 C:\\laragon\\www\\STIT2\\vendor\\laravel\\framework\\src\\Illuminate\\Session\\Middleware\\StartSession.php(129): Illuminate\\Session\\Middleware\\StartSession->saveSession(Object(Illuminate\\Http\\Request))
#7 C:\\laragon\\www\\STIT2\\vendor\\laravel\\framework\\src\\Illuminate\\Session\\Middleware\\StartSession.php(63): Illuminate\\Session\\Middleware\\StartSession->handleStatefulRequest(Object(Illuminate\\Http\\Request), Object(Illuminate\\Session\\Store), Object(Closure))
#8 C:\\laragon\\www\\STIT2\\vendor\\laravel\\framework\\src\\Illuminate\\Pipeline\\Pipeline.php(208): Illuminate\\Session\\Middleware\\StartSession->handle(Object(Illuminate\\Http\\Request), Object(Closure))
#9 C:\\laragon\\www\\STIT2\\vendor\\laravel\\framework\\src\\Illuminate\\Cookie\\Middleware\\AddQueuedCookiesToResponse.php(36): Illuminate\\Pipeline\\Pipeline->Illuminate\\Pipeline\\{closure}(Object(Illuminate\\Http\\Request))
#10 C:\\laragon\\www\\STIT2\\vendor\\laravel\\framework\\src\\Illuminate\\Pipeline\\Pipeline.php(208): Illuminate\\Cookie\\Middleware\\AddQueuedCookiesToResponse->handle(Object(Illuminate\\Http\\Request), Object(Closure))
#11 C:\\laragon\\www\\STIT2\\vendor\\laravel\\framework\\src\\Illuminate\\Cookie\\Middleware\\EncryptCookies.php(74): Illuminate\\Pipeline\\Pipeline->Illuminate\\Pipeline\\{closure}(Object(Illuminate\\Http\\Request))
#12 C:\\laragon\\www\\STIT2\\vendor\\laravel\\framework\\src\\Illuminate\\Pipeline\\Pipeline.php(208): Illuminate\\Cookie\\Middleware\\EncryptCookies->handle(Object(Illuminate\\Http\\Request), Object(Closure))
#13 C:\\laragon\\www\\STIT2\\vendor\\laravel\\framework\\src\\Illuminate\\Pipeline\\Pipeline.php(126): Illuminate\\Pipeline\\Pipeline->Illuminate\\Pipeline\\{closure}(Object(Illuminate\\Http\\Request))
#14 C:\\laragon\\www\\STIT2\\vendor\\laravel\\framework\\src\\Illuminate\\Routing\\Router.php(807): Illuminate\\Pipeline\\Pipeline->then(Object(Closure))
#15 C:\\laragon\\www\\STIT2\\vendor\\laravel\\framework\\src\\Illuminate\\Routing\\Router.php(786): Illuminate\\Routing\\Router->runRouteWithinStack(Object(Illuminate\\Routing\\Route), Object(Illuminate\\Http\\Request))
#16 C:\\laragon\\www\\STIT2\\vendor\\laravel\\framework\\src\\Illuminate\\Routing\\Router.php(750): Illuminate\\Routing\\Router->runRoute(Object(Illuminate\\Http\\Request), Object(Illuminate\\Routing\\Route))
#17 C:\\laragon\\www\\STIT2\\vendor\\laravel\\framework\\src\\Illuminate\\Routing\\Router.php(739): Illuminate\\Routing\\Router->dispatchToRoute(Object(Illuminate\\Http\\Request))
#18 C:\\laragon\\www\\STIT2\\vendor\\laravel\\framework\\src\\Illuminate\\Foundation\\Http\\Kernel.php(200): Illuminate\\Routing\\Router->dispatch(Object(Illuminate\\Http\\Request))
#19 C:\\laragon\\www\\STIT2\\vendor\\laravel\\framework\\src\\Illuminate\\Pipeline\\Pipeline.php(169): Illuminate\\Foundation\\Http\\Kernel->Illuminate\\Foundation\\Http\\{closure}(Object(Illuminate\\Http\\Request))
#20 C:\\laragon\\www\\STIT2\\vendor\\livewire\\livewire\\src\\Features\\SupportDisablingBackButtonCache\\DisableBackButtonCacheMiddleware.php(19): Illuminate\\Pipeline\\Pipeline->Illuminate\\Pipeline\\{closure}(Object(Illuminate\\Http\\Request))
#21 C:\\laragon\\www\\STIT2\\vendor\\laravel\\framework\\src\\Illuminate\\Pipeline\\Pipeline.php(208): Livewire\\Features\\SupportDisablingBackButtonCache\\DisableBackButtonCacheMiddleware->handle(Object(Illuminate\\Http\\Request), Object(Closure))
#22 C:\\laragon\\www\\STIT2\\vendor\\laravel\\framework\\src\\Illuminate\\Foundation\\Http\\Middleware\\TransformsRequest.php(21): Illuminate\\Pipeline\\Pipeline->Illuminate\\Pipeline\\{closure}(Object(Illuminate\\Http\\Request))
#23 C:\\laragon\\www\\STIT2\\vendor\\laravel\\framework\\src\\Illuminate\\Foundation\\Http\\Middleware\\ConvertEmptyStringsToNull.php(31): Illuminate\\Foundation\\Http\\Middleware\\TransformsRequest->handle(Object(Illuminate\\Http\\Request), Object(Closure))
#24 C:\\laragon\\www\\STIT2\\vendor\\laravel\\framework\\src\\Illuminate\\Pipeline\\Pipeline.php(208): Illuminate\\Foundation\\Http\\Middleware\\ConvertEmptyStringsToNull->handle(Object(Illuminate\\Http\\Request), Object(Closure))
#25 C:\\laragon\\www\\STIT2\\vendor\\laravel\\framework\\src\\Illuminate\\Foundation\\Http\\Middleware\\TransformsRequest.php(21): Illuminate\\Pipeline\\Pipeline->Illuminate\\Pipeline\\{closure}(Object(Illuminate\\Http\\Request))
#26 C:\\laragon\\www\\STIT2\\vendor\\laravel\\framework\\src\\Illuminate\\Foundation\\Http\\Middleware\\TrimStrings.php(51): Illuminate\\Foundation\\Http\\Middleware\\TransformsRequest->handle(Object(Illuminate\\Http\\Request), Object(Closure))
#27 C:\\laragon\\www\\STIT2\\vendor\\laravel\\framework\\src\\Illuminate\\Pipeline\\Pipeline.php(208): Illuminate\\Foundation\\Http\\Middleware\\TrimStrings->handle(Object(Illuminate\\Http\\Request), Object(Closure))
#28 C:\\laragon\\www\\STIT2\\vendor\\laravel\\framework\\src\\Illuminate\\Http\\Middleware\\ValidatePostSize.php(27): Illuminate\\Pipeline\\Pipeline->Illuminate\\Pipeline\\{closure}(Object(Illuminate\\Http\\Request))
#29 C:\\laragon\\www\\STIT2\\vendor\\laravel\\framework\\src\\Illuminate\\Pipeline\\Pipeline.php(208): Illuminate\\Http\\Middleware\\ValidatePostSize->handle(Object(Illuminate\\Http\\Request), Object(Closure))
#30 C:\\laragon\\www\\STIT2\\vendor\\laravel\\framework\\src\\Illuminate\\Foundation\\Http\\Middleware\\PreventRequestsDuringMaintenance.php(109): Illuminate\\Pipeline\\Pipeline->Illuminate\\Pipeline\\{closure}(Object(Illuminate\\Http\\Request))
#31 C:\\laragon\\www\\STIT2\\vendor\\laravel\\framework\\src\\Illuminate\\Pipeline\\Pipeline.php(208): Illuminate\\Foundation\\Http\\Middleware\\PreventRequestsDuringMaintenance->handle(Object(Illuminate\\Http\\Request), Object(Closure))
#32 C:\\laragon\\www\\STIT2\\vendor\\laravel\\framework\\src\\Illuminate\\Http\\Middleware\\HandleCors.php(48): Illuminate\\Pipeline\\Pipeline->Illuminate\\Pipeline\\{closure}(Object(Illuminate\\Http\\Request))
#33 C:\\laragon\\www\\STIT2\\vendor\\laravel\\framework\\src\\Illuminate\\Pipeline\\Pipeline.php(208): Illuminate\\Http\\Middleware\\HandleCors->handle(Object(Illuminate\\Http\\Request), Object(Closure))
#34 C:\\laragon\\www\\STIT2\\vendor\\laravel\\framework\\src\\Illuminate\\Http\\Middleware\\TrustProxies.php(58): Illuminate\\Pipeline\\Pipeline->Illuminate\\Pipeline\\{closure}(Object(Illuminate\\Http\\Request))
#35 C:\\laragon\\www\\STIT2\\vendor\\laravel\\framework\\src\\Illuminate\\Pipeline\\Pipeline.php(208): Illuminate\\Http\\Middleware\\TrustProxies->handle(Object(Illuminate\\Http\\Request), Object(Closure))
#36 C:\\laragon\\www\\STIT2\\vendor\\laravel\\framework\\src\\Illuminate\\Foundation\\Http\\Middleware\\InvokeDeferredCallbacks.php(22): Illuminate\\Pipeline\\Pipeline->Illuminate\\Pipeline\\{closure}(Object(Illuminate\\Http\\Request))
#37 C:\\laragon\\www\\STIT2\\vendor\\laravel\\framework\\src\\Illuminate\\Pipeline\\Pipeline.php(208): Illuminate\\Foundation\\Http\\Middleware\\InvokeDeferredCallbacks->handle(Object(Illuminate\\Http\\Request), Object(Closure))
#38 C:\\laragon\\www\\STIT2\\vendor\\laravel\\framework\\src\\Illuminate\\Http\\Middleware\\ValidatePathEncoding.php(26): Illuminate\\Pipeline\\Pipeline->Illuminate\\Pipeline\\{closure}(Object(Illuminate\\Http\\Request))
#39 C:\\laragon\\www\\STIT2\\vendor\\laravel\\framework\\src\\Illuminate\\Pipeline\\Pipeline.php(208): Illuminate\\Http\\Middleware\\ValidatePathEncoding->handle(Object(Illuminate\\Http\\Request), Object(Closure))
#40 C:\\laragon\\www\\STIT2\\vendor\\laravel\\framework\\src\\Illuminate\\Pipeline\\Pipeline.php(126): Illuminate\\Pipeline\\Pipeline->Illuminate\\Pipeline\\{closure}(Object(Illuminate\\Http\\Request))
#41 C:\\laragon\\www\\STIT2\\vendor\\laravel\\framework\\src\\Illuminate\\Foundation\\Http\\Kernel.php(175): Illuminate\\Pipeline\\Pipeline->then(Object(Closure))
#42 C:\\laragon\\www\\STIT2\\vendor\\laravel\\framework\\src\\Illuminate\\Foundation\\Http\\Kernel.php(144): Illuminate\\Foundation\\Http\\Kernel->sendRequestThroughRouter(Object(Illuminate\\Http\\Request))
#43 C:\\laragon\\www\\STIT2\\public\\index.php(51): Illuminate\\Foundation\\Http\\Kernel->handle(Object(Illuminate\\Http\\Request))
#44 C:\\laragon\\www\\STIT2\\vendor\\laravel\\framework\\src\\Illuminate\\Foundation\\resources\\server.php(23): require_once('C:\\\\laragon\\\\www\\\\...')
#45 {main}
"} 
[2026-09-17 10:44:04] local.ERROR: file_put_contents(C:\laragon\www\STIT2\storage\framework/sessions/cibEjrN2qZTir3ZS4y5SvQynUBDaUuMUUkEO50W1): Failed to open stream: No such file or directory {"exception":"[object] (ErrorException(code: 0): file_put_contents(C:\\laragon\\www\\STIT2\\storage\\framework/sessions/cibEjrN2qZTir3ZS4y5SvQynUBDaUuMUUkEO50W1): Failed to open stream: No such file or directory at C:\\laragon\\www\\STIT2\\vendor\\laravel\\framework\\src\\Illuminate\\Filesystem\\Filesystem.php:204)
[stacktrace]
#0 C:\\laragon\\www\\STIT2\\vendor\\laravel\\framework\\src\\Illuminate\\Foundation\\Bootstrap\\HandleExceptions.php(256): Illuminate\\Foundation\\Bootstrap\\HandleExceptions->handleError(2, 'file_put_conten...', 'C:\\\\laragon\\\\www\\\\...', 204)
#1 [internal function]: Illuminate\\Foundation\\Bootstrap\\HandleExceptions->Illuminate\\Foundation\\Bootstrap\\{closure}(2, 'file_put_conten...', 'C:\\\\laragon\\\\www\\\\...', 204)
#2 C:\\laragon\\www\\STIT2\\vendor\\laravel\\framework\\src\\Illuminate\\Filesystem\\Filesystem.php(204): file_put_contents('C:\\\\laragon\\\\www\\\\...', 'a:3:{s:6:\"_toke...', 2)
#3 C:\\laragon\\www\\STIT2\\vendor\\laravel\\framework\\src\\Illuminate\\Session\\FileSessionHandler.php(89): Illuminate\\Filesystem\\Filesystem->put('C:\\\\laragon\\\\www\\\\...', 'a:3:{s:6:\"_toke...', true)
#4 C:\\laragon\\www\\STIT2\\vendor\\laravel\\framework\\src\\Illuminate\\Session\\Store.php(175): Illuminate\\Session\\FileSessionHandler->write('cibEjrN2qZTir3Z...', 'a:3:{s:6:\"_toke...')
#5 C:\\laragon\\www\\STIT2\\vendor\\laravel\\framework\\src\\Illuminate\\Session\\Middleware\\StartSession.php(244): Illuminate\\Session\\Store->save()
#6 C:\\laragon\\www\\STIT2\\vendor\\laravel\\framework\\src\\Illuminate\\Session\\Middleware\\StartSession.php(129): Illuminate\\Session\\Middleware\\StartSession->saveSession(Object(Illuminate\\Http\\Request))
#7 C:\\laragon\\www\\STIT2\\vendor\\laravel\\framework\\src\\Illuminate\\Session\\Middleware\\StartSession.php(63): Illuminate\\Session\\Middleware\\StartSession->handleStatefulRequest(Object(Illuminate\\Http\\Request), Object(Illuminate\\Session\\Store), Object(Closure))
#8 C:\\laragon\\www\\STIT2\\vendor\\laravel\\framework\\src\\Illuminate\\Pipeline\\Pipeline.php(208): Illuminate\\Session\\Middleware\\StartSession->handle(Object(Illuminate\\Http\\Request), Object(Closure))
#9 C:\\laragon\\www\\STIT2\\vendor\\laravel\\framework\\src\\Illuminate\\Cookie\\Middleware\\AddQueuedCookiesToResponse.php(36): Illuminate\\Pipeline\\Pipeline->Illuminate\\Pipeline\\{closure}(Object(Illuminate\\Http\\Request))
#10 C:\\laragon\\www\\STIT2\\vendor\\laravel\\framework\\src\\Illuminate\\Pipeline\\Pipeline.php(208): Illuminate\\Cookie\\Middleware\\AddQueuedCookiesToResponse->handle(Object(Illuminate\\Http\\Request), Object(Closure))
#11 C:\\laragon\\www\\STIT2\\vendor\\laravel\\framework\\src\\Illuminate\\Cookie\\Middleware\\EncryptCookies.php(74): Illuminate\\Pipeline\\Pipeline->Illuminate\\Pipeline\\{closure}(Object(Illuminate\\Http\\Request))
#12 C:\\laragon\\www\\STIT2\\vendor\\laravel\\framework\\src\\Illuminate\\Pipeline\\Pipeline.php(208): Illuminate\\Cookie\\Middleware\\EncryptCookies->handle(Object(Illuminate\\Http\\Request), Object(Closure))
#13 C:\\laragon\\www\\STIT2\\vendor\\laravel\\framework\\src\\Illuminate\\Pipeline\\Pipeline.php(126): Illuminate\\Pipeline\\Pipeline->Illuminate\\Pipeline\\{closure}(Object(Illuminate\\Http\\Request))
#14 C:\\laragon\\www\\STIT2\\vendor\\laravel\\framework\\src\\Illuminate\\Routing\\Router.php(807): Illuminate\\Pipeline\\Pipeline->then(Object(Closure))
#15 C:\\laragon\\www\\STIT2\\vendor\\laravel\\framework\\src\\Illuminate\\Routing\\Router.php(786): Illuminate\\Routing\\Router->runRouteWithinStack(Object(Illuminate\\Routing\\Route), Object(Illuminate\\Http\\Request))
#16 C:\\laragon\\www\\STIT2\\vendor\\laravel\\framework\\src\\Illuminate\\Routing\\Router.php(750): Illuminate\\Routing\\Router->runRoute(Object(Illuminate\\Http\\Request), Object(Illuminate\\Routing\\Route))
#17 C:\\laragon\\www\\STIT2\\vendor\\laravel\\framework\\src\\Illuminate\\Routing\\Router.php(739): Illuminate\\Routing\\Router->dispatchToRoute(Object(Illuminate\\Http\\Request))
#18 C:\\laragon\\www\\STIT2\\vendor\\laravel\\framework\\src\\Illuminate\\Foundation\\Http\\Kernel.php(200): Illuminate\\Routing\\Router->dispatch(Object(Illuminate\\Http\\Request))
#19 C:\\laragon\\www\\STIT2\\vendor\\laravel\\framework\\src\\Illuminate\\Pipeline\\Pipeline.php(169): Illuminate\\Foundation\\Http\\Kernel->Illuminate\\Foundation\\Http\\{closure}(Object(Illuminate\\Http\\Request))
#20 C:\\laragon\\www\\STIT2\\vendor\\livewire\\livewire\\src\\Features\\SupportDisablingBackButtonCache\\DisableBackButtonCacheMiddleware.php(19): Illuminate\\Pipeline\\Pipeline->Illuminate\\Pipeline\\{closure}(Object(Illuminate\\Http\\Request))
#21 C:\\laragon\\www\\STIT2\\vendor\\laravel\\framework\\src\\Illuminate\\Pipeline\\Pipeline.php(208): Livewire\\Features\\SupportDisablingBackButtonCache\\DisableBackButtonCacheMiddleware->handle(Object(Illuminate\\Http\\Request), Object(Closure))
#22 C:\\laragon\\www\\STIT2\\vendor\\laravel\\framework\\src\\Illuminate\\Foundation\\Http\\Middleware\\TransformsRequest.php(21): Illuminate\\Pipeline\\Pipeline->Illuminate\\Pipeline\\{closure}(Object(Illuminate\\Http\\Request))
#23 C:\\laragon\\www\\STIT2\\vendor\\laravel\\framework\\src\\Illuminate\\Foundation\\Http\\Middleware\\ConvertEmptyStringsToNull.php(31): Illuminate\\Foundation\\Http\\Middleware\\TransformsRequest->handle(Object(Illuminate\\Http\\Request), Object(Closure))
#24 C:\\laragon\\www\\STIT2\\vendor\\laravel\\framework\\src\\Illuminate\\Pipeline\\Pipeline.php(208): Illuminate\\Foundation\\Http\\Middleware\\ConvertEmptyStringsToNull->handle(Object(Illuminate\\Http\\Request), Object(Closure))
#25 C:\\laragon\\www\\STIT2\\vendor\\laravel\\framework\\src\\Illuminate\\Foundation\\Http\\Middleware\\TransformsRequest.php(21): Illuminate\\Pipeline\\Pipeline->Illuminate\\Pipeline\\{closure}(Object(Illuminate\\Http\\Request))
#26 C:\\laragon\\www\\STIT2\\vendor\\laravel\\framework\\src\\Illuminate\\Foundation\\Http\\Middleware\\TrimStrings.php(51): Illuminate\\Foundation\\Http\\Middleware\\TransformsRequest->handle(Object(Illuminate\\Http\\Request), Object(Closure))
#27 C:\\laragon\\www\\STIT2\\vendor\\laravel\\framework\\src\\Illuminate\\Pipeline\\Pipeline.php(208): Illuminate\\Foundation\\Http\\Middleware\\TrimStrings->handle(Object(Illuminate\\Http\\Request), Object(Closure))
#28 C:\\laragon\\www\\STIT2\\vendor\\laravel\\framework\\src\\Illuminate\\Http\\Middleware\\ValidatePostSize.php(27): Illuminate\\Pipeline\\Pipeline->Illuminate\\Pipeline\\{closure}(Object(Illuminate\\Http\\Request))
#29 C:\\laragon\\www\\STIT2\\vendor\\laravel\\framework\\src\\Illuminate\\Pipeline\\Pipeline.php(208): Illuminate\\Http\\Middleware\\ValidatePostSize->handle(Object(Illuminate\\Http\\Request), Object(Closure))
#30 C:\\laragon\\www\\STIT2\\vendor\\laravel\\framework\\src\\Illuminate\\Foundation\\Http\\Middleware\\PreventRequestsDuringMaintenance.php(109): Illuminate\\Pipeline\\Pipeline->Illuminate\\Pipeline\\{closure}(Object(Illuminate\\Http\\Request))
#31 C:\\laragon\\www\\STIT2\\vendor\\laravel\\framework\\src\\Illuminate\\Pipeline\\Pipeline.php(208): Illuminate\\Foundation\\Http\\Middleware\\PreventRequestsDuringMaintenance->handle(Object(Illuminate\\Http\\Request), Object(Closure))
#32 C:\\laragon\\www\\STIT2\\vendor\\laravel\\framework\\src\\Illuminate\\Http\\Middleware\\HandleCors.php(48): Illuminate\\Pipeline\\Pipeline->Illuminate\\Pipeline\\{closure}(Object(Illuminate\\Http\\Request))
#33 C:\\laragon\\www\\STIT2\\vendor\\laravel\\framework\\src\\Illuminate\\Pipeline\\Pipeline.php(208): Illuminate\\Http\\Middleware\\HandleCors->handle(Object(Illuminate\\Http\\Request), Object(Closure))
#34 C:\\laragon\\www\\STIT2\\vendor\\laravel\\framework\\src\\Illuminate\\Http\\Middleware\\TrustProxies.php(58): Illuminate\\Pipeline\\Pipeline->Illuminate\\Pipeline\\{closure}(Object(Illuminate\\Http\\Request))
#35 C:\\laragon\\www\\STIT2\\vendor\\laravel\\framework\\src\\Illuminate\\Pipeline\\Pipeline.php(208): Illuminate\\Http\\Middleware\\TrustProxies->handle(Object(Illuminate\\Http\\Request), Object(Closure))
#36 C:\\laragon\\www\\STIT2\\vendor\\laravel\\framework\\src\\Illuminate\\Foundation\\Http\\Middleware\\InvokeDeferredCallbacks.php(22): Illuminate\\Pipeline\\Pipeline->Illuminate\\Pipeline\\{closure}(Object(Illuminate\\Http\\Request))
#37 C:\\laragon\\www\\STIT2\\vendor\\laravel\\framework\\src\\Illuminate\\Pipeline\\Pipeline.php(208): Illuminate\\Foundation\\Http\\Middleware\\InvokeDeferredCallbacks->handle(Object(Illuminate\\Http\\Request), Object(Closure))
#38 C:\\laragon\\www\\STIT2\\vendor\\laravel\\framework\\src\\Illuminate\\Http\\Middleware\\ValidatePathEncoding.php(26): Illuminate\\Pipeline\\Pipeline->Illuminate\\Pipeline\\{closure}(Object(Illuminate\\Http\\Request))
#39 C:\\laragon\\www\\STIT2\\vendor\\laravel\\framework\\src\\Illuminate\\Pipeline\\Pipeline.php(208): Illuminate\\Http\\Middleware\\ValidatePathEncoding->handle(Object(Illuminate\\Http\\Request), Object(Closure))
#40 C:\\laragon\\www\\STIT2\\vendor\\laravel\\framework\\src\\Illuminate\\Pipeline\\Pipeline.php(126): Illuminate\\Pipeline\\Pipeline->Illuminate\\Pipeline\\{closure}(Object(Illuminate\\Http\\Request))
#41 C:\\laragon\\www\\STIT2\\vendor\\laravel\\framework\\src\\Illuminate\\Foundation\\Http\\Kernel.php(175): Illuminate\\Pipeline\\Pipeline->then(Object(Closure))
#42 C:\\laragon\\www\\STIT2\\vendor\\laravel\\framework\\src\\Illuminate\\Foundation\\Http\\Kernel.php(144): Illuminate\\Foundation\\Http\\Kernel->sendRequestThroughRouter(Object(Illuminate\\Http\\Request))
#43 C:\\laragon\\www\\STIT2\\public\\index.php(51): Illuminate\\Foundation\\Http\\Kernel->handle(Object(Illuminate\\Http\\Request))
#44 C:\\laragon\\www\\STIT2\\vendor\\laravel\\framework\\src\\Illuminate\\Foundation\\resources\\server.php(23): require_once('C:\\\\laragon\\\\www\\\\...')
#45 {main}
"} 
[2026-09-17 10:55:55] local.INFO: HasLogAktivitas: Processing Update Changes {"model":"App\\Models\\Pengaturan\\WebSetting","id":1,"dirty_keys":["school_head","school_link","school_desc","maintenance_mode","enable_captcha","updated_at"],"attributes_to_log_count":6} 
[2026-09-17 10:55:55] local.INFO: HasLogAktivitas: Processing Attribute Change {"model":"App\\Models\\Pengaturan\\WebSetting","id":1,"field":"school_head","old_value_type":"string","old_value_size":28,"new_value_type":"string","new_value_size":34} 
[2026-09-17 10:55:55] local.INFO: HasLogAktivitas: Processing Attribute Change {"model":"App\\Models\\Pengaturan\\WebSetting","id":1,"field":"school_link","old_value_type":"string","old_value_size":31,"new_value_type":"string","new_value_size":33} 
[2026-09-17 10:55:55] local.INFO: HasLogAktivitas: Processing Attribute Change {"model":"App\\Models\\Pengaturan\\WebSetting","id":1,"field":"school_desc","old_value_type":"string","old_value_size":56,"new_value_type":"string","new_value_size":58} 
[2026-09-17 10:55:55] local.INFO: HasLogAktivitas: Processing Attribute Change {"model":"App\\Models\\Pengaturan\\WebSetting","id":1,"field":"maintenance_mode","old_value_type":"integer","old_value_size":null,"new_value_type":"boolean","new_value_size":null} 
[2026-09-17 10:55:55] local.INFO: HasLogAktivitas: Processing Attribute Change {"model":"App\\Models\\Pengaturan\\WebSetting","id":1,"field":"enable_captcha","old_value_type":"integer","old_value_size":null,"new_value_type":"boolean","new_value_size":null} 
[2026-09-17 10:55:55] local.INFO: HasLogAktivitas: Processing Attribute Change {"model":"App\\Models\\Pengaturan\\WebSetting","id":1,"field":"updated_at","old_value_type":"object","old_value_size":null,"new_value_type":"string","new_value_size":19} 
[2026-09-17 10:56:44] local.INFO: HasLogAktivitas: Processing Update Changes {"model":"App\\Models\\Pengaturan\\WebSetting","id":1,"dirty_keys":["taka_now","maintenance_mode","enable_captcha","updated_at"],"attributes_to_log_count":4} 
[2026-09-17 10:56:44] local.INFO: HasLogAktivitas: Processing Attribute Change {"model":"App\\Models\\Pengaturan\\WebSetting","id":1,"field":"taka_now","old_value_type":"NULL","old_value_size":null,"new_value_type":"string","new_value_size":4} 
[2026-09-17 10:56:44] local.INFO: HasLogAktivitas: Processing Attribute Change {"model":"App\\Models\\Pengaturan\\WebSetting","id":1,"field":"maintenance_mode","old_value_type":"integer","old_value_size":null,"new_value_type":"boolean","new_value_size":null} 
[2026-09-17 10:56:44] local.INFO: HasLogAktivitas: Processing Attribute Change {"model":"App\\Models\\Pengaturan\\WebSetting","id":1,"field":"enable_captcha","old_value_type":"integer","old_value_size":null,"new_value_type":"boolean","new_value_size":null} 
[2026-09-17 10:56:44] local.INFO: HasLogAktivitas: Processing Attribute Change {"model":"App\\Models\\Pengaturan\\WebSetting","id":1,"field":"updated_at","old_value_type":"object","old_value_size":null,"new_value_type":"string","new_value_size":19} 
[2026-09-17 10:58:09] local.ERROR: Undefined variable $spref {"view":{"view":"C:\\laragon\\www\\STIT2\\resources\\views\\core-themes\\core-mainpage.blade.php","data":{"errors":"<pre class=sf-dump id=sf-dump-1336933403 data-indent-pad=\"  \"><span class=sf-dump-note>Illuminate\\Support\\ViewErrorBag</span> {<a class=sf-dump-ref>#854</a><samp data-depth=1 class=sf-dump-expanded>
  #<span class=sf-dump-protected title=\"Protected property\">bags</span>: []
</samp>}
</pre><script>Sfdump(\"sf-dump-1336933403\", {\"maxDepth\":3,\"maxStringLength\":160})</script>
","webs":"<pre class=sf-dump id=sf-dump-1059276914 data-indent-pad=\"  \"><span class=sf-dump-note>App\\Models\\Pengaturan\\WebSetting</span> {<a class=sf-dump-ref>#897</a><samp data-depth=1 class=sf-dump-expanded>
  #<span class=sf-dump-protected title=\"Protected property\">connection</span>: \"<span class=sf-dump-str title=\"5 characters\">mysql</span>\"
  #<span class=sf-dump-protected title=\"Protected property\">table</span>: \"<span class=sf-dump-str title=\"12 characters\">web_settings</span>\"
  #<span class=sf-dump-protected title=\"Protected property\">primaryKey</span>: \"<span class=sf-dump-str title=\"2 characters\">id</span>\"
  #<span class=sf-dump-protected title=\"Protected property\">keyType</span>: \"<span class=sf-dump-str title=\"3 characters\">int</span>\"
  +<span class=sf-dump-public title=\"Public property\">incrementing</span>: <span class=sf-dump-const>true</span>
  #<span class=sf-dump-protected title=\"Protected property\">with</span>: []
  #<span class=sf-dump-protected title=\"Protected property\">withCount</span>: []
  +<span class=sf-dump-public title=\"Public property\">preventsLazyLoading</span>: <span class=sf-dump-const>false</span>
  #<span class=sf-dump-protected title=\"Protected property\">perPage</span>: <span class=sf-dump-num>15</span>
  +<span class=sf-dump-public title=\"Public property\">exists</span>: <span class=sf-dump-const>true</span>
  +<span class=sf-dump-public title=\"Public property\">wasRecentlyCreated</span>: <span class=sf-dump-const>false</span>
  #<span class=sf-dump-protected title=\"Protected property\">escapeWhenCastingToString</span>: <span class=sf-dump-const>false</span>
  #<span class=sf-dump-protected title=\"Protected property\">attributes</span>: <span class=sf-dump-note>array:28</span> [<samp data-depth=2 class=sf-dump-compact>
    \"<span class=sf-dump-key>id</span>\" => <span class=sf-dump-num>1</span>
    \"<span class=sf-dump-key>taka_now</span>\" => <span class=sf-dump-num>2026</span>
    \"<span class=sf-dump-key>school_apps</span>\" => \"<span class=sf-dump-str title=\"11 characters\">SIAKAD STIT</span>\"
    \"<span class=sf-dump-key>school_name</span>\" => \"<span class=sf-dump-str title=\"15 characters\">STIT Darul Ilmi</span>\"
    \"<span class=sf-dump-key>school_head</span>\" => \"<span class=sf-dump-str title=\"34 characters\">Dr. H Dudung Rachmat Hidayat, M.Pd</span>\"
    \"<span class=sf-dump-key>school_link</span>\" => \"<span class=sf-dump-str title=\"33 characters\">http://siakad-stit-darul-ilmi.com</span>\"
    \"<span class=sf-dump-key>school_desc</span>\" => \"<span class=sf-dump-str title=\"58 characters\">Mencetak Manajer Pendidikan Islam Profesional dan Visioner</span>\"
    \"<span class=sf-dump-key>school_logo_vert</span>\" => \"<span class=sf-dump-str title=\"13 characters\">logo-vert.png</span>\"
    \"<span class=sf-dump-key>school_logo_hori</span>\" => \"<span class=sf-dump-str title=\"13 characters\">logo-hori.png</span>\"
    \"<span class=sf-dump-key>school_email</span>\" => \"<span class=sf-dump-str title=\"20 characters\">mjaya69703@gmail.com</span>\"
    \"<span class=sf-dump-key>school_phone</span>\" => \"<span class=sf-dump-str title=\"14 characters\">+6281234567895</span>\"
    \"<span class=sf-dump-key>school_address</span>\" => \"<span class=sf-dump-str title=\"76 characters\">Jl. Cirahayu, Sindangraja, Jamanis, Kabbupaten Tasikmalaya, jawa Barat 46175</span>\"
    \"<span class=sf-dump-key>school_longitude</span>\" => \"<span class=sf-dump-str title=\"9 characters\">-7.266670</span>\"
    \"<span class=sf-dump-key>school_latitude</span>\" => \"<span class=sf-dump-str title=\"10 characters\">110.416670</span>\"
    \"<span class=sf-dump-key>social_fb</span>\" => \"<span class=sf-dump-str title=\"30 characters\">https://facebook.com/kyouma052</span>\"
    \"<span class=sf-dump-key>social_ig</span>\" => \"<span class=sf-dump-str title=\"32 characters\">https://instagram.com/mjaya69703</span>\"
    \"<span class=sf-dump-key>social_in</span>\" => \"<span class=sf-dump-str title=\"37 characters\">https://id.linkedin.com/in/mjaya69703</span>\"
    \"<span class=sf-dump-key>social_tw</span>\" => \"<span class=sf-dump-str title=\"24 characters\">https://x.com/mjaya69703</span>\"
    \"<span class=sf-dump-key>maintenance_mode</span>\" => <span class=sf-dump-num>0</span>
    \"<span class=sf-dump-key>enable_captcha</span>\" => <span class=sf-dump-num>0</span>
    \"<span class=sf-dump-key>max_login_attempts</span>\" => <span class=sf-dump-num>5</span>
    \"<span class=sf-dump-key>login_decay_seconds</span>\" => <span class=sf-dump-num>60</span>
    \"<span class=sf-dump-key>created_at</span>\" => \"<span class=sf-dump-str title=\"19 characters\">2026-09-16 13:20:54</span>\"
    \"<span class=sf-dump-key>updated_at</span>\" => \"<span class=sf-dump-str title=\"19 characters\">2026-09-17 10:56:44</span>\"
    \"<span class=sf-dump-key>deleted_at</span>\" => <span class=sf-dump-const>null</span>
    \"<span class=sf-dump-key>created_by</span>\" => <span class=sf-dump-const>null</span>
    \"<span class=sf-dump-key>updated_by</span>\" => <span class=sf-dump-const>null</span>
    \"<span class=sf-dump-key>deleted_by</span>\" => <span class=sf-dump-const>null</span>
  </samp>]
  #<span class=sf-dump-protected title=\"Protected property\">original</span>: <span class=sf-dump-note>array:28</span> [<samp data-depth=2 class=sf-dump-compact>
    \"<span class=sf-dump-key>id</span>\" => <span class=sf-dump-num>1</span>
    \"<span class=sf-dump-key>taka_now</span>\" => <span class=sf-dump-num>2026</span>
    \"<span class=sf-dump-key>school_apps</span>\" => \"<span class=sf-dump-str title=\"11 characters\">SIAKAD STIT</span>\"
    \"<span class=sf-dump-key>school_name</span>\" => \"<span class=sf-dump-str title=\"15 characters\">STIT Darul Ilmi</span>\"
    \"<span class=sf-dump-key>school_head</span>\" => \"<span class=sf-dump-str title=\"34 characters\">Dr. H Dudung Rachmat Hidayat, M.Pd</span>\"
    \"<span class=sf-dump-key>school_link</span>\" => \"<span class=sf-dump-str title=\"33 characters\">http://siakad-stit-darul-ilmi.com</span>\"
    \"<span class=sf-dump-key>school_desc</span>\" => \"<span class=sf-dump-str title=\"58 characters\">Mencetak Manajer Pendidikan Islam Profesional dan Visioner</span>\"
    \"<span class=sf-dump-key>school_logo_vert</span>\" => \"<span class=sf-dump-str title=\"13 characters\">logo-vert.png</span>\"
    \"<span class=sf-dump-key>school_logo_hori</span>\" => \"<span class=sf-dump-str title=\"13 characters\">logo-hori.png</span>\"
    \"<span class=sf-dump-key>school_email</span>\" => \"<span class=sf-dump-str title=\"20 characters\">mjaya69703@gmail.com</span>\"
    \"<span class=sf-dump-key>school_phone</span>\" => \"<span class=sf-dump-str title=\"14 characters\">+6281234567895</span>\"
    \"<span class=sf-dump-key>school_address</span>\" => \"<span class=sf-dump-str title=\"76 characters\">Jl. Cirahayu, Sindangraja, Jamanis, Kabbupaten Tasikmalaya, jawa Barat 46175</span>\"
    \"<span class=sf-dump-key>school_longitude</span>\" => \"<span class=sf-dump-str title=\"9 characters\">-7.266670</span>\"
    \"<span class=sf-dump-key>school_latitude</span>\" => \"<span class=sf-dump-str title=\"10 characters\">110.416670</span>\"
    \"<span class=sf-dump-key>social_fb</span>\" => \"<span class=sf-dump-str title=\"30 characters\">https://facebook.com/kyouma052</span>\"
    \"<span class=sf-dump-key>social_ig</span>\" => \"<span class=sf-dump-str title=\"32 characters\">https://instagram.com/mjaya69703</span>\"
    \"<span class=sf-dump-key>social_in</span>\" => \"<span class=sf-dump-str title=\"37 characters\">https://id.linkedin.com/in/mjaya69703</span>\"
    \"<span class=sf-dump-key>social_tw</span>\" => \"<span class=sf-dump-str title=\"24 characters\">https://x.com/mjaya69703</span>\"
    \"<span class=sf-dump-key>maintenance_mode</span>\" => <span class=sf-dump-num>0</span>
    \"<span class=sf-dump-key>enable_captcha</span>\" => <span class=sf-dump-num>0</span>
    \"<span class=sf-dump-key>max_login_attempts</span>\" => <span class=sf-dump-num>5</span>
    \"<span class=sf-dump-key>login_decay_seconds</span>\" => <span class=sf-dump-num>60</span>
    \"<span class=sf-dump-key>created_at</span>\" => \"<span class=sf-dump-str title=\"19 characters\">2026-09-16 13:20:54</span>\"
    \"<span class=sf-dump-key>updated_at</span>\" => \"<span class=sf-dump-str title=\"19 characters\">2026-09-17 10:56:44</span>\"
    \"<span class=sf-dump-key>deleted_at</span>\" => <span class=sf-dump-const>null</span>
    \"<span class=sf-dump-key>created_by</span>\" => <span class=sf-dump-const>null</span>
    \"<span class=sf-dump-key>updated_by</span>\" => <span class=sf-dump-const>null</span>
    \"<span class=sf-dump-key>deleted_by</span>\" => <span class=sf-dump-const>null</span>
  </samp>]
  #<span class=sf-dump-protected title=\"Protected property\">changes</span>: []
  #<span class=sf-dump-protected title=\"Protected property\">previous</span>: []
  #<span class=sf-dump-protected title=\"Protected property\">casts</span>: <span class=sf-dump-note>array:1</span> [<samp data-depth=2 class=sf-dump-compact>
    \"<span class=sf-dump-key>deleted_at</span>\" => \"<span class=sf-dump-str title=\"8 characters\">datetime</span>\"
  </samp>]
  #<span class=sf-dump-protected title=\"Protected property\">classCastCache</span>: []
  #<span class=sf-dump-protected title=\"Protected property\">attributeCastCache</span>: []
  #<span class=sf-dump-protected title=\"Protected property\">dateFormat</span>: <span class=sf-dump-const>null</span>
  #<span class=sf-dump-protected title=\"Protected property\">appends</span>: []
  #<span class=sf-dump-protected title=\"Protected property\">dispatchesEvents</span>: []
  #<span class=sf-dump-protected title=\"Protected property\">observables</span>: []
  #<span class=sf-dump-protected title=\"Protected property\">relations</span>: []
  #<span class=sf-dump-protected title=\"Protected property\">touches</span>: []
  #<span class=sf-dump-protected title=\"Protected property\">relationAutoloadCallback</span>: <span class=sf-dump-const>null</span>
  #<span class=sf-dump-protected title=\"Protected property\">relationAutoloadContext</span>: <span class=sf-dump-const>null</span>
  +<span class=sf-dump-public title=\"Public property\">timestamps</span>: <span class=sf-dump-const>true</span>
  +<span class=sf-dump-public title=\"Public property\">usesUniqueIds</span>: <span class=sf-dump-const>false</span>
  #<span class=sf-dump-protected title=\"Protected property\">hidden</span>: []
  #<span class=sf-dump-protected title=\"Protected property\">visible</span>: []
  #<span class=sf-dump-protected title=\"Protected property\">fillable</span>: []
  #<span class=sf-dump-protected title=\"Protected property\">guarded</span>: []
  #<span class=sf-dump-protected title=\"Protected property\">forceDeleting</span>: <span class=sf-dump-const>false</span>
</samp>}
</pre><script>Sfdump(\"sf-dump-1059276914\", {\"maxDepth\":3,\"maxStringLength\":160})</script>
","menus":"<pre class=sf-dump id=sf-dump-504367629 data-indent-pad=\"  \">\"<span class=sf-dump-str title=\"9 characters\">Institusi</span>\"
</pre><script>Sfdump(\"sf-dump-504367629\", {\"maxDepth\":3,\"maxStringLength\":160})</script>
","pages":"<pre class=sf-dump id=sf-dump-421395948 data-indent-pad=\"  \">\"<span class=sf-dump-str title=\"13 characters\">Jadwal Kuliah</span>\"
</pre><script>Sfdump(\"sf-dump-421395948\", {\"maxDepth\":3,\"maxStringLength\":160})</script>
","academy":"<pre class=sf-dump id=sf-dump-1356949236 data-indent-pad=\"  \">\"<span class=sf-dump-str title=\"30 characters\">SIAKAD STIT by STIT Darul Ilmi</span>\"
</pre><script>Sfdump(\"sf-dump-1356949236\", {\"maxDepth\":3,\"maxStringLength\":160})</script>
","info":"<pre class=sf-dump id=sf-dump-1597583471 data-indent-pad=\"  \"><span class=sf-dump-note>array:3</span> [<samp data-depth=1 class=sf-dump-expanded>
  \"<span class=sf-dump-key>title</span>\" => \"<span class=sf-dump-str title=\"13 characters\">Jadwal Kuliah</span>\"
  \"<span class=sf-dump-key>heading</span>\" => \"<span class=sf-dump-str title=\"13 characters\">Jadwal Kuliah</span>\"
  \"<span class=sf-dump-key>content</span>\" => \"<span class=sf-dump-str title=\"55 characters\">Jadwal kuliah tersedia melalui portal SIAKAD mahasiswa.</span>\"
</samp>]
</pre><script>Sfdump(\"sf-dump-1597583471\", {\"maxDepth\":3,\"maxStringLength\":160})</script>
","user":"<pre class=sf-dump id=sf-dump-1332789421 data-indent-pad=\"  \"><span class=sf-dump-note>App\\Models\\User</span> {<a class=sf-dump-ref>#915</a><samp data-depth=1 class=sf-dump-expanded>
  #<span class=sf-dump-protected title=\"Protected property\">connection</span>: \"<span class=sf-dump-str title=\"5 characters\">mysql</span>\"
  #<span class=sf-dump-protected title=\"Protected property\">table</span>: \"<span class=sf-dump-str title=\"5 characters\">users</span>\"
  #<span class=sf-dump-protected title=\"Protected property\">primaryKey</span>: \"<span class=sf-dump-str title=\"2 characters\">id</span>\"
  #<span class=sf-dump-protected title=\"Protected property\">keyType</span>: \"<span class=sf-dump-str title=\"3 characters\">int</span>\"
  +<span class=sf-dump-public title=\"Public property\">incrementing</span>: <span class=sf-dump-const>true</span>
  #<span class=sf-dump-protected title=\"Protected property\">with</span>: []
  #<span class=sf-dump-protected title=\"Protected property\">withCount</span>: []
  +<span class=sf-dump-public title=\"Public property\">preventsLazyLoading</span>: <span class=sf-dump-const>false</span>
  #<span class=sf-dump-protected title=\"Protected property\">perPage</span>: <span class=sf-dump-num>15</span>
  +<span class=sf-dump-public title=\"Public property\">exists</span>: <span class=sf-dump-const>true</span>
  +<span class=sf-dump-public title=\"Public property\">wasRecentlyCreated</span>: <span class=sf-dump-const>false</span>
  #<span class=sf-dump-protected title=\"Protected property\">escapeWhenCastingToString</span>: <span class=sf-dump-const>false</span>
  #<span class=sf-dump-protected title=\"Protected property\">attributes</span>: <span class=sf-dump-note>array:70</span> [<samp data-depth=2 class=sf-dump-compact>
    \"<span class=sf-dump-key>id</span>\" => <span class=sf-dump-num>1</span>
    \"<span class=sf-dump-key>type</span>\" => <span class=sf-dump-num>0</span>
    \"<span class=sf-dump-key>name</span>\" => \"<span class=sf-dump-str title=\"13 characters\">Administrator</span>\"
    \"<span class=sf-dump-key>photo</span>\" => \"<span class=sf-dump-str title=\"35 characters\">1789567457-nCpmd7-6aaaa1e10df6a.jpg</span>\"
    \"<span class=sf-dump-key>username</span>\" => \"<span class=sf-dump-str title=\"5 characters\">admin</span>\"
    \"<span class=sf-dump-key>phone</span>\" => \"<span class=sf-dump-str title=\"13 characters\">6280012345660</span>\"
    \"<span class=sf-dump-key>email</span>\" => \"<span class=sf-dump-str title=\"20 characters\">mjaya69703@gmail.com</span>\"
    \"<span class=sf-dump-key>link_ig</span>\" => <span class=sf-dump-const>null</span>
    \"<span class=sf-dump-key>link_fb</span>\" => <span class=sf-dump-const>null</span>
    \"<span class=sf-dump-key>link_in</span>\" => <span class=sf-dump-const>null</span>
    \"<span class=sf-dump-key>bio_blood</span>\" => <span class=sf-dump-const>null</span>
    \"<span class=sf-dump-key>bio_height</span>\" => <span class=sf-dump-const>null</span>
    \"<span class=sf-dump-key>bio_weight</span>\" => <span class=sf-dump-const>null</span>
    \"<span class=sf-dump-key>bio_gender</span>\" => \"<span class=sf-dump-str title=\"9 characters\">Laki-laki</span>\"
    \"<span class=sf-dump-key>bio_religion</span>\" => <span class=sf-dump-const>null</span>
    \"<span class=sf-dump-key>bio_placebirth</span>\" => <span class=sf-dump-const>null</span>
    \"<span class=sf-dump-key>bio_nationality</span>\" => <span class=sf-dump-const>null</span>
    \"<span class=sf-dump-key>bio_datebirth</span>\" => <span class=sf-dump-const>null</span>
    \"<span class=sf-dump-key>numb_kk</span>\" => \"<span class=sf-dump-str title=\"11 characters\">11111111111</span>\"
    \"<span class=sf-dump-key>numb_ktp</span>\" => \"<span class=sf-dump-str title=\"15 characters\">122222222222222</span>\"
    \"<span class=sf-dump-key>numb_npsn</span>\" => <span class=sf-dump-const>null</span>
    \"<span class=sf-dump-key>numb_nitk</span>\" => \"<span class=sf-dump-str title=\"18 characters\">111111111111111111</span>\"
    \"<span class=sf-dump-key>numb_staff</span>\" => \"<span class=sf-dump-str>1</span>\"
    \"<span class=sf-dump-key>code</span>\" => \"<span class=sf-dump-str title=\"6 characters\">nCpmd7</span>\"
    \"<span class=sf-dump-key>password</span>\" => \"<span class=sf-dump-str title=\"60 characters\">$2y$12$mnKBaJy5agivF1/4zLseMeoqD2xAJLAj6mMPIrNie8JoMMteyCmM2</span>\"
    \"<span class=sf-dump-key>fst_setup</span>\" => <span class=sf-dump-num>0</span>
    \"<span class=sf-dump-key>tfa_setup</span>\" => <span class=sf-dump-num>0</span>
    \"<span class=sf-dump-key>ktp_addres</span>\" => \"\"\"
      <span class=sf-dump-str title=\"65 characters\">Cirahayu No. 104 RT/RW 03/010 Desa Sindangraja<span class=\"sf-dump-default sf-dump-ns\">\\r\\n</span></span>
      <span class=sf-dump-str title=\"65 characters\">Kecamatan Jamanis</span>
      \"\"\"
    \"<span class=sf-dump-key>ktp_rt</span>\" => \"<span class=sf-dump-str title=\"2 characters\">03</span>\"
    \"<span class=sf-dump-key>ktp_rw</span>\" => \"<span class=sf-dump-str title=\"3 characters\">010</span>\"
    \"<span class=sf-dump-key>ktp_village</span>\" => <span class=sf-dump-const>null</span>
    \"<span class=sf-dump-key>ktp_subdistrict</span>\" => \"<span class=sf-dump-str title=\"7 characters\">Jamanis</span>\"
    \"<span class=sf-dump-key>ktp_poscode</span>\" => \"<span class=sf-dump-str title=\"5 characters\">46175</span>\"
    \"<span class=sf-dump-key>ktp_city</span>\" => \"<span class=sf-dump-str title=\"21 characters\">Kabupaten Tasikmalaya</span>\"
    \"<span class=sf-dump-key>ktp_province</span>\" => \"<span class=sf-dump-str title=\"10 characters\">Jawa Barat</span>\"
    \"<span class=sf-dump-key>domicile_same</span>\" => \"<span class=sf-dump-str title=\"3 characters\">Yes</span>\"
    \"<span class=sf-dump-key>domicile_addres</span>\" => <span class=sf-dump-const>null</span>
    \"<span class=sf-dump-key>domicile_rt</span>\" => <span class=sf-dump-const>null</span>
    \"<span class=sf-dump-key>domicile_rw</span>\" => <span class=sf-dump-const>null</span>
    \"<span class=sf-dump-key>domicile_village</span>\" => <span class=sf-dump-const>null</span>
    \"<span class=sf-dump-key>domicile_subdistrict</span>\" => <span class=sf-dump-const>null</span>
    \"<span class=sf-dump-key>domicile_poscode</span>\" => <span class=sf-dump-const>null</span>
    \"<span class=sf-dump-key>domicile_city</span>\" => <span class=sf-dump-const>null</span>
    \"<span class=sf-dump-key>domicile_province</span>\" => <span class=sf-dump-const>null</span>
    \"<span class=sf-dump-key>google_id</span>\" => <span class=sf-dump-const>null</span>
    \"<span class=sf-dump-key>google_token</span>\" => <span class=sf-dump-const>null</span>
    \"<span class=sf-dump-key>google_refresh_token</span>\" => <span class=sf-dump-const>null</span>
    \"<span class=sf-dump-key>title_front</span>\" => <span class=sf-dump-const>null</span>
    \"<span class=sf-dump-key>title_behind</span>\" => <span class=sf-dump-const>null</span>
    \"<span class=sf-dump-key>edu1_type</span>\" => \"<span class=sf-dump-str title=\"7 characters\">SMA/SMK</span>\"
    \"<span class=sf-dump-key>edu1_place</span>\" => \"<span class=sf-dump-str title=\"6 characters\">SMAN 2</span>\"
    \"<span class=sf-dump-key>edu1_major</span>\" => \"<span class=sf-dump-str title=\"3 characters\">IPS</span>\"
    \"<span class=sf-dump-key>edu1_average_score</span>\" => \"<span class=sf-dump-str title=\"3 characters\">3.7</span>\"
    \"<span class=sf-dump-key>edu1_graduate_year</span>\" => \"<span class=sf-dump-str title=\"4 characters\">2002</span>\"
    \"<span class=sf-dump-key>edu2_type</span>\" => \"<span class=sf-dump-str title=\"7 characters\">SMA/SMK</span>\"
    \"<span class=sf-dump-key>edu2_place</span>\" => \"<span class=sf-dump-str title=\"3 characters\">DCI</span>\"
    \"<span class=sf-dump-key>edu2_major</span>\" => \"<span class=sf-dump-str title=\"10 characters\">Informatic</span>\"
    \"<span class=sf-dump-key>edu2_average_score</span>\" => \"<span class=sf-dump-str title=\"3 characters\">3.7</span>\"
    \"<span class=sf-dump-key>edu2_graduate_year</span>\" => \"<span class=sf-dump-str title=\"4 characters\">2004</span>\"
    \"<span class=sf-dump-key>edu3_type</span>\" => \"<span class=sf-dump-str title=\"7 characters\">SMA/SMK</span>\"
    \"<span class=sf-dump-key>edu3_place</span>\" => <span class=sf-dump-const>null</span>
    \"<span class=sf-dump-key>edu3_major</span>\" => <span class=sf-dump-const>null</span>
    \"<span class=sf-dump-key>edu3_average_score</span>\" => <span class=sf-dump-const>null</span>
    \"<span class=sf-dump-key>edu3_graduate_year</span>\" => <span class=sf-dump-const>null</span>
    \"<span class=sf-dump-key>created_at</span>\" => \"<span class=sf-dump-str title=\"19 characters\">2026-09-16 13:10:12</span>\"
    \"<span class=sf-dump-key>updated_at</span>\" => \"<span class=sf-dump-str title=\"19 characters\">2026-09-16 21:04:17</span>\"
    \"<span class=sf-dump-key>deleted_at</span>\" => <span class=sf-dump-const>null</span>
    \"<span class=sf-dump-key>created_by</span>\" => <span class=sf-dump-const>null</span>
    \"<span class=sf-dump-key>updated_by</span>\" => <span class=sf-dump-const>null</span>
    \"<span class=sf-dump-key>deleted_by</span>\" => <span class=sf-dump-const>null</span>
  </samp>]
  #<span class=sf-dump-protected title=\"Protected property\">original</span>: <span class=sf-dump-note>array:70</span> [<samp data-depth=2 class=sf-dump-compact>
    \"<span class=sf-dump-key>id</span>\" => <span class=sf-dump-num>1</span>
    \"<span class=sf-dump-key>type</span>\" => <span class=sf-dump-num>0</span>
    \"<span class=sf-dump-key>name</span>\" => \"<span class=sf-dump-str title=\"13 characters\">Administrator</span>\"
    \"<span class=sf-dump-key>photo</span>\" => \"<span class=sf-dump-str title=\"35 characters\">1789567457-nCpmd7-6aaaa1e10df6a.jpg</span>\"
    \"<span class=sf-dump-key>username</span>\" => \"<span class=sf-dump-str title=\"5 characters\">admin</span>\"
    \"<span class=sf-dump-key>phone</span>\" => \"<span class=sf-dump-str title=\"13 characters\">6280012345660</span>\"
    \"<span class=sf-dump-key>email</span>\" => \"<span class=sf-dump-str title=\"20 characters\">mjaya69703@gmail.com</span>\"
    \"<span class=sf-dump-key>link_ig</span>\" => <span class=sf-dump-const>null</span>
    \"<span class=sf-dump-key>link_fb</span>\" => <span class=sf-dump-const>null</span>
    \"<span class=sf-dump-key>link_in</span>\" => <span class=sf-dump-const>null</span>
    \"<span class=sf-dump-key>bio_blood</span>\" => <span class=sf-dump-const>null</span>
    \"<span class=sf-dump-key>bio_height</span>\" => <span class=sf-dump-const>null</span>
    \"<span class=sf-dump-key>bio_weight</span>\" => <span class=sf-dump-const>null</span>
    \"<span class=sf-dump-key>bio_gender</span>\" => \"<span class=sf-dump-str title=\"9 characters\">Laki-laki</span>\"
    \"<span class=sf-dump-key>bio_religion</span>\" => <span class=sf-dump-const>null</span>
    \"<span class=sf-dump-key>bio_placebirth</span>\" => <span class=sf-dump-const>null</span>
    \"<span class=sf-dump-key>bio_nationality</span>\" => <span class=sf-dump-const>null</span>
    \"<span class=sf-dump-key>bio_datebirth</span>\" => <span class=sf-dump-const>null</span>
    \"<span class=sf-dump-key>numb_kk</span>\" => \"<span class=sf-dump-str title=\"11 characters\">11111111111</span>\"
    \"<span class=sf-dump-key>numb_ktp</span>\" => \"<span class=sf-dump-str title=\"15 characters\">122222222222222</span>\"
    \"<span class=sf-dump-key>numb_npsn</span>\" => <span class=sf-dump-const>null</span>
    \"<span class=sf-dump-key>numb_nitk</span>\" => \"<span class=sf-dump-str title=\"18 characters\">111111111111111111</span>\"
    \"<span class=sf-dump-key>numb_staff</span>\" => \"<span class=sf-dump-str>1</span>\"
    \"<span class=sf-dump-key>code</span>\" => \"<span class=sf-dump-str title=\"6 characters\">nCpmd7</span>\"
    \"<span class=sf-dump-key>password</span>\" => \"<span class=sf-dump-str title=\"60 characters\">$2y$12$mnKBaJy5agivF1/4zLseMeoqD2xAJLAj6mMPIrNie8JoMMteyCmM2</span>\"
    \"<span class=sf-dump-key>fst_setup</span>\" => <span class=sf-dump-num>0</span>
    \"<span class=sf-dump-key>tfa_setup</span>\" => <span class=sf-dump-num>0</span>
    \"<span class=sf-dump-key>ktp_addres</span>\" => \"\"\"
      <span class=sf-dump-str title=\"65 characters\">Cirahayu No. 104 RT/RW 03/010 Desa Sindangraja<span class=\"sf-dump-default sf-dump-ns\">\\r\\n</span></span>
      <span class=sf-dump-str title=\"65 characters\">Kecamatan Jamanis</span>
      \"\"\"
    \"<span class=sf-dump-key>ktp_rt</span>\" => \"<span class=sf-dump-str title=\"2 characters\">03</span>\"
    \"<span class=sf-dump-key>ktp_rw</span>\" => \"<span class=sf-dump-str title=\"3 characters\">010</span>\"
    \"<span class=sf-dump-key>ktp_village</span>\" => <span class=sf-dump-const>null</span>
    \"<span class=sf-dump-key>ktp_subdistrict</span>\" => \"<span class=sf-dump-str title=\"7 characters\">Jamanis</span>\"
    \"<span class=sf-dump-key>ktp_poscode</span>\" => \"<span class=sf-dump-str title=\"5 characters\">46175</span>\"
    \"<span class=sf-dump-key>ktp_city</span>\" => \"<span class=sf-dump-str title=\"21 characters\">Kabupaten Tasikmalaya</span>\"
    \"<span class=sf-dump-key>ktp_province</span>\" => \"<span class=sf-dump-str title=\"10 characters\">Jawa Barat</span>\"
    \"<span class=sf-dump-key>domicile_same</span>\" => \"<span class=sf-dump-str title=\"3 characters\">Yes</span>\"
    \"<span class=sf-dump-key>domicile_addres</span>\" => <span class=sf-dump-const>null</span>
    \"<span class=sf-dump-key>domicile_rt</span>\" => <span class=sf-dump-const>null</span>
    \"<span class=sf-dump-key>domicile_rw</span>\" => <span class=sf-dump-const>null</span>
    \"<span class=sf-dump-key>domicile_village</span>\" => <span class=sf-dump-const>null</span>
    \"<span class=sf-dump-key>domicile_subdistrict</span>\" => <span class=sf-dump-const>null</span>
    \"<span class=sf-dump-key>domicile_poscode</span>\" => <span class=sf-dump-const>null</span>
    \"<span class=sf-dump-key>domicile_city</span>\" => <span class=sf-dump-const>null</span>
    \"<span class=sf-dump-key>domicile_province</span>\" => <span class=sf-dump-const>null</span>
    \"<span class=sf-dump-key>google_id</span>\" => <span class=sf-dump-const>null</span>
    \"<span class=sf-dump-key>google_token</span>\" => <span class=sf-dump-const>null</span>
    \"<span class=sf-dump-key>google_refresh_token</span>\" => <span class=sf-dump-const>null</span>
    \"<span class=sf-dump-key>title_front</span>\" => <span class=sf-dump-const>null</span>
    \"<span class=sf-dump-key>title_behind</span>\" => <span class=sf-dump-const>null</span>
    \"<span class=sf-dump-key>edu1_type</span>\" => \"<span class=sf-dump-str title=\"7 characters\">SMA/SMK</span>\"
    \"<span class=sf-dump-key>edu1_place</span>\" => \"<span class=sf-dump-str title=\"6 characters\">SMAN 2</span>\"
    \"<span class=sf-dump-key>edu1_major</span>\" => \"<span class=sf-dump-str title=\"3 characters\">IPS</span>\"
    \"<span class=sf-dump-key>edu1_average_score</span>\" => \"<span class=sf-dump-str title=\"3 characters\">3.7</span>\"
    \"<span class=sf-dump-key>edu1_graduate_year</span>\" => \"<span class=sf-dump-str title=\"4 characters\">2002</span>\"
    \"<span class=sf-dump-key>edu2_type</span>\" => \"<span class=sf-dump-str title=\"7 characters\">SMA/SMK</span>\"
    \"<span class=sf-dump-key>edu2_place</span>\" => \"<span class=sf-dump-str title=\"3 characters\">DCI</span>\"
    \"<span class=sf-dump-key>edu2_major</span>\" => \"<span class=sf-dump-str title=\"10 characters\">Informatic</span>\"
    \"<span class=sf-dump-key>edu2_average_score</span>\" => \"<span class=sf-dump-str title=\"3 characters\">3.7</span>\"
    \"<span class=sf-dump-key>edu2_graduate_year</span>\" => \"<span class=sf-dump-str title=\"4 characters\">2004</span>\"
    \"<span class=sf-dump-key>edu3_type</span>\" => \"<span class=sf-dump-str title=\"7 characters\">SMA/SMK</span>\"
    \"<span class=sf-dump-key>edu3_place</span>\" => <span class=sf-dump-const>null</span>
    \"<span class=sf-dump-key>edu3_major</span>\" => <span class=sf-dump-const>null</span>
    \"<span class=sf-dump-key>edu3_average_score</span>\" => <span class=sf-dump-const>null</span>
    \"<span class=sf-dump-key>edu3_graduate_year</span>\" => <span class=sf-dump-const>null</span>
    \"<span class=sf-dump-key>created_at</span>\" => \"<span class=sf-dump-str title=\"19 characters\">2026-09-16 13:10:12</span>\"
    \"<span class=sf-dump-key>updated_at</span>\" => \"<span class=sf-dump-str title=\"19 characters\">2026-09-16 21:04:17</span>\"
    \"<span class=sf-dump-key>deleted_at</span>\" => <span class=sf-dump-const>null</span>
    \"<span class=sf-dump-key>created_by</span>\" => <span class=sf-dump-const>null</span>
    \"<span class=sf-dump-key>updated_by</span>\" => <span class=sf-dump-const>null</span>
    \"<span class=sf-dump-key>deleted_by</span>\" => <span class=sf-dump-const>null</span>
  </samp>]
  #<span class=sf-dump-protected title=\"Protected property\">changes</span>: []
  #<span class=sf-dump-protected title=\"Protected property\">previous</span>: []
  #<span class=sf-dump-protected title=\"Protected property\">casts</span>: <span class=sf-dump-note>array:1</span> [<samp data-depth=2 class=sf-dump-compact>
    \"<span class=sf-dump-key>deleted_at</span>\" => \"<span class=sf-dump-str title=\"8 characters\">datetime</span>\"
  </samp>]
  #<span class=sf-dump-protected title=\"Protected property\">classCastCache</span>: []
  #<span class=sf-dump-protected title=\"Protected property\">attributeCastCache</span>: []
  #<span class=sf-dump-protected title=\"Protected property\">dateFormat</span>: <span class=sf-dump-const>null</span>
  #<span class=sf-dump-protected title=\"Protected property\">appends</span>: []
  #<span class=sf-dump-protected title=\"Protected property\">dispatchesEvents</span>: []
  #<span class=sf-dump-protected title=\"Protected property\">observables</span>: []
  #<span class=sf-dump-protected title=\"Protected property\">relations</span>: []
  #<span class=sf-dump-protected title=\"Protected property\">touches</span>: []
  #<span class=sf-dump-protected title=\"Protected property\">relationAutoloadCallback</span>: <span class=sf-dump-const>null</span>
  #<span class=sf-dump-protected title=\"Protected property\">relationAutoloadContext</span>: <span class=sf-dump-const>null</span>
  +<span class=sf-dump-public title=\"Public property\">timestamps</span>: <span class=sf-dump-const>true</span>
  +<span class=sf-dump-public title=\"Public property\">usesUniqueIds</span>: <span class=sf-dump-const>false</span>
  #<span class=sf-dump-protected title=\"Protected property\">hidden</span>: []
  #<span class=sf-dump-protected title=\"Protected property\">visible</span>: []
  #<span class=sf-dump-protected title=\"Protected property\">fillable</span>: []
  #<span class=sf-dump-protected title=\"Protected property\">guarded</span>: []
  #<span class=sf-dump-protected title=\"Protected property\">authPasswordName</span>: \"<span class=sf-dump-str title=\"8 characters\">password</span>\"
  #<span class=sf-dump-protected title=\"Protected property\">rememberTokenName</span>: \"<span class=sf-dump-str title=\"14 characters\">remember_token</span>\"
  #<span class=sf-dump-protected title=\"Protected property\">accessToken</span>: <span class=sf-dump-const>null</span>
  #<span class=sf-dump-protected title=\"Protected property\">forceDeleting</span>: <span class=sf-dump-const>false</span>
</samp>}
</pre><script>Sfdump(\"sf-dump-1332789421\", {\"maxDepth\":3,\"maxStringLength\":160})</script>
"}},"userId":1,"exception":"[object] (Spatie\\LaravelIgnition\\Exceptions\\ViewException(code: 0): Undefined variable $spref at C:\\laragon\\www\\STIT2\\resources\\views\\core-themes\\core-mainpage.blade.php:352)
[stacktrace]
#0 C:\\laragon\\www\\STIT2\\vendor\\laravel\\framework\\src\\Illuminate\\Filesystem\\Filesystem.php(123): require('C:\\\\laragon\\\\www\\\\...')
#1 C:\\laragon\\www\\STIT2\\vendor\\laravel\\framework\\src\\Illuminate\\Filesystem\\Filesystem.php(124): Illuminate\\Filesystem\\Filesystem::Illuminate\\Filesystem\\{closure}()
#2 C:\\laragon\\www\\STIT2\\vendor\\laravel\\framework\\src\\Illuminate\\View\\Engines\\PhpEngine.php(57): Illuminate\\Filesystem\\Filesystem->getRequire('C:\\\\laragon\\\\www\\\\...', Array)
#3 C:\\laragon\\www\\STIT2\\vendor\\livewire\\livewire\\src\\Mechanisms\\ExtendBlade\\ExtendedCompilerEngine.php(22): Illuminate\\View\\Engines\\PhpEngine->evaluatePath('C:\\\\laragon\\\\www\\\\...', Array)
#4 C:\\laragon\\www\\STIT2\\vendor\\laravel\\framework\\src\\Illuminate\\View\\Engines\\CompilerEngine.php(76): Livewire\\Mechanisms\\ExtendBlade\\ExtendedCompilerEngine->evaluatePath('C:\\\\laragon\\\\www\\\\...', Array)
#5 C:\\laragon\\www\\STIT2\\vendor\\livewire\\livewire\\src\\Mechanisms\\ExtendBlade\\ExtendedCompilerEngine.php(10): Illuminate\\View\\Engines\\CompilerEngine->get('C:\\\\laragon\\\\www\\\\...', Array)
#6 C:\\laragon\\www\\STIT2\\vendor\\laravel\\framework\\src\\Illuminate\\View\\View.php(208): Livewire\\Mechanisms\\ExtendBlade\\ExtendedCompilerEngine->get('C:\\\\laragon\\\\www\\\\...', Array)
#7 C:\\laragon\\www\\STIT2\\vendor\\laravel\\framework\\src\\Illuminate\\View\\View.php(191): Illuminate\\View\\View->getContents()
#8 C:\\laragon\\www\\STIT2\\vendor\\laravel\\framework\\src\\Illuminate\\View\\View.php(160): Illuminate\\View\\View->renderContents()
#9 C:\\laragon\\www\\STIT2\\resources\\views\\central\\pages\\public-info.blade.php(44): Illuminate\\View\\View->render()
#10 C:\\laragon\\www\\STIT2\\vendor\\laravel\\framework\\src\\Illuminate\\Filesystem\\Filesystem.php(123): require('C:\\\\laragon\\\\www\\\\...')
#11 C:\\laragon\\www\\STIT2\\vendor\\laravel\\framework\\src\\Illuminate\\Filesystem\\Filesystem.php(124): Illuminate\\Filesystem\\Filesystem::Illuminate\\Filesystem\\{closure}()
#12 C:\\laragon\\www\\STIT2\\vendor\\laravel\\framework\\src\\Illuminate\\View\\Engines\\PhpEngine.php(57): Illuminate\\Filesystem\\Filesystem->getRequire('C:\\\\laragon\\\\www\\\\...', Array)
#13 C:\\laragon\\www\\STIT2\\vendor\\livewire\\livewire\\src\\Mechanisms\\ExtendBlade\\ExtendedCompilerEngine.php(22): Illuminate\\View\\Engines\\PhpEngine->evaluatePath('C:\\\\laragon\\\\www\\\\...', Array)
#14 C:\\laragon\\www\\STIT2\\vendor\\laravel\\framework\\src\\Illuminate\\View\\Engines\\CompilerEngine.php(76): Livewire\\Mechanisms\\ExtendBlade\\ExtendedCompilerEngine->evaluatePath('C:\\\\laragon\\\\www\\\\...', Array)
#15 C:\\laragon\\www\\STIT2\\vendor\\livewire\\livewire\\src\\Mechanisms\\ExtendBlade\\ExtendedCompilerEngine.php(10): Illuminate\\View\\Engines\\CompilerEngine->get('C:\\\\laragon\\\\www\\\\...', Array)
#16 C:\\laragon\\www\\STIT2\\vendor\\laravel\\framework\\src\\Illuminate\\View\\View.php(208): Livewire\\Mechanisms\\ExtendBlade\\ExtendedCompilerEngine->get('C:\\\\laragon\\\\www\\\\...', Array)
#17 C:\\laragon\\www\\STIT2\\vendor\\laravel\\framework\\src\\Illuminate\\View\\View.php(191): Illuminate\\View\\View->getContents()
#18 C:\\laragon\\www\\STIT2\\vendor\\laravel\\framework\\src\\Illuminate\\View\\View.php(160): Illuminate\\View\\View->renderContents()
#19 C:\\laragon\\www\\STIT2\\vendor\\laravel\\framework\\src\\Illuminate\\Http\\Response.php(78): Illuminate\\View\\View->render()
#20 C:\\laragon\\www\\STIT2\\vendor\\laravel\\framework\\src\\Illuminate\\Http\\Response.php(34): Illuminate\\Http\\Response->setContent(Object(Illuminate\\View\\View))
#21 C:\\laragon\\www\\STIT2\\vendor\\laravel\\framework\\src\\Illuminate\\Routing\\Router.php(925): Illuminate\\Http\\Response->__construct(Object(Illuminate\\View\\View), 200, Array)
#22 C:\\laragon\\www\\STIT2\\vendor\\laravel\\framework\\src\\Illuminate\\Routing\\Router.php(892): Illuminate\\Routing\\Router::toResponse(Object(Illuminate\\Http\\Request), Object(Illuminate\\View\\View))
#23 C:\\laragon\\www\\STIT2\\vendor\\laravel\\framework\\src\\Illuminate\\Routing\\Router.php(807): Illuminate\\Routing\\Router->prepareResponse(Object(Illuminate\\Http\\Request), Object(Illuminate\\View\\View))
#24 C:\\laragon\\www\\STIT2\\vendor\\laravel\\framework\\src\\Illuminate\\Pipeline\\Pipeline.php(169): Illuminate\\Routing\\Router->Illuminate\\Routing\\{closure}(Object(Illuminate\\Http\\Request))
#25 C:\\laragon\\www\\STIT2\\vendor\\laravel\\framework\\src\\Illuminate\\Routing\\Middleware\\SubstituteBindings.php(50): Illuminate\\Pipeline\\Pipeline->Illuminate\\Pipeline\\{closure}(Object(Illuminate\\Http\\Request))
#26 C:\\laragon\\www\\STIT2\\vendor\\laravel\\framework\\src\\Illuminate\\Pipeline\\Pipeline.php(208): Illuminate\\Routing\\Middleware\\SubstituteBindings->handle(Object(Illuminate\\Http\\Request), Object(Closure))
#27 C:\\laragon\\www\\STIT2\\vendor\\laravel\\framework\\src\\Illuminate\\Foundation\\Http\\Middleware\\VerifyCsrfToken.php(87): Illuminate\\Pipeline\\Pipeline->Illuminate\\Pipeline\\{closure}(Object(Illuminate\\Http\\Request))
#28 C:\\laragon\\www\\STIT2\\vendor\\laravel\\framework\\src\\Illuminate\\Pipeline\\Pipeline.php(208): Illuminate\\Foundation\\Http\\Middleware\\VerifyCsrfToken->handle(Object(Illuminate\\Http\\Request), Object(Closure))
#29 C:\\laragon\\www\\STIT2\\vendor\\laravel\\framework\\src\\Illuminate\\View\\Middleware\\ShareErrorsFromSession.php(48): Illuminate\\Pipeline\\Pipeline->Illuminate\\Pipeline\\{closure}(Object(Illuminate\\Http\\Request))
#30 C:\\laragon\\www\\STIT2\\vendor\\laravel\\framework\\src\\Illuminate\\Pipeline\\Pipeline.php(208): Illuminate\\View\\Middleware\\ShareErrorsFromSession->handle(Object(Illuminate\\Http\\Request), Object(Closure))
#31 C:\\laragon\\www\\STIT2\\vendor\\laravel\\framework\\src\\Illuminate\\Session\\Middleware\\StartSession.php(120): Illuminate\\Pipeline\\Pipeline->Illuminate\\Pipeline\\{closure}(Object(Illuminate\\Http\\Request))
#32 C:\\laragon\\www\\STIT2\\vendor\\laravel\\framework\\src\\Illuminate\\Session\\Middleware\\StartSession.php(63): Illuminate\\Session\\Middleware\\StartSession->handleStatefulRequest(Object(Illuminate\\Http\\Request), Object(Illuminate\\Session\\Store), Object(Closure))
#33 C:\\laragon\\www\\STIT2\\vendor\\laravel\\framework\\src\\Illuminate\\Pipeline\\Pipeline.php(208): Illuminate\\Session\\Middleware\\StartSession->handle(Object(Illuminate\\Http\\Request), Object(Closure))
#34 C:\\laragon\\www\\STIT2\\vendor\\laravel\\framework\\src\\Illuminate\\Cookie\\Middleware\\AddQueuedCookiesToResponse.php(36): Illuminate\\Pipeline\\Pipeline->Illuminate\\Pipeline\\{closure}(Object(Illuminate\\Http\\Request))
#35 C:\\laragon\\www\\STIT2\\vendor\\laravel\\framework\\src\\Illuminate\\Pipeline\\Pipeline.php(208): Illuminate\\Cookie\\Middleware\\AddQueuedCookiesToResponse->handle(Object(Illuminate\\Http\\Request), Object(Closure))
#36 C:\\laragon\\www\\STIT2\\vendor\\laravel\\framework\\src\\Illuminate\\Cookie\\Middleware\\EncryptCookies.php(74): Illuminate\\Pipeline\\Pipeline->Illuminate\\Pipeline\\{closure}(Object(Illuminate\\Http\\Request))
#37 C:\\laragon\\www\\STIT2\\vendor\\laravel\\framework\\src\\Illuminate\\Pipeline\\Pipeline.php(208): Illuminate\\Cookie\\Middleware\\EncryptCookies->handle(Object(Illuminate\\Http\\Request), Object(Closure))
#38 C:\\laragon\\www\\STIT2\\vendor\\laravel\\framework\\src\\Illuminate\\Pipeline\\Pipeline.php(126): Illuminate\\Pipeline\\Pipeline->Illuminate\\Pipeline\\{closure}(Object(Illuminate\\Http\\Request))
#39 C:\\laragon\\www\\STIT2\\vendor\\laravel\\framework\\src\\Illuminate\\Routing\\Router.php(807): Illuminate\\Pipeline\\Pipeline->then(Object(Closure))
#40 C:\\laragon\\www\\STIT2\\vendor\\laravel\\framework\\src\\Illuminate\\Routing\\Router.php(786): Illuminate\\Routing\\Router->runRouteWithinStack(Object(Illuminate\\Routing\\Route), Object(Illuminate\\Http\\Request))
#41 C:\\laragon\\www\\STIT2\\vendor\\laravel\\framework\\src\\Illuminate\\Routing\\Router.php(750): Illuminate\\Routing\\Router->runRoute(Object(Illuminate\\Http\\Request), Object(Illuminate\\Routing\\Route))
#42 C:\\laragon\\www\\STIT2\\vendor\\laravel\\framework\\src\\Illuminate\\Routing\\Router.php(739): Illuminate\\Routing\\Router->dispatchToRoute(Object(Illuminate\\Http\\Request))
#43 C:\\laragon\\www\\STIT2\\vendor\\laravel\\framework\\src\\Illuminate\\Foundation\\Http\\Kernel.php(200): Illuminate\\Routing\\Router->dispatch(Object(Illuminate\\Http\\Request))
#44 C:\\laragon\\www\\STIT2\\vendor\\laravel\\framework\\src\\Illuminate\\Pipeline\\Pipeline.php(169): Illuminate\\Foundation\\Http\\Kernel->Illuminate\\Foundation\\Http\\{closure}(Object(Illuminate\\Http\\Request))
#45 C:\\laragon\\www\\STIT2\\vendor\\livewire\\livewire\\src\\Features\\SupportDisablingBackButtonCache\\DisableBackButtonCacheMiddleware.php(19): Illuminate\\Pipeline\\Pipeline->Illuminate\\Pipeline\\{closure}(Object(Illuminate\\Http\\Request))
#46 C:\\laragon\\www\\STIT2\\vendor\\laravel\\framework\\src\\Illuminate\\Pipeline\\Pipeline.php(208): Livewire\\Features\\SupportDisablingBackButtonCache\\DisableBackButtonCacheMiddleware->handle(Object(Illuminate\\Http\\Request), Object(Closure))
#47 C:\\laragon\\www\\STIT2\\vendor\\laravel\\framework\\src\\Illuminate\\Foundation\\Http\\Middleware\\TransformsRequest.php(21): Illuminate\\Pipeline\\Pipeline->Illuminate\\Pipeline\\{closure}(Object(Illuminate\\Http\\Request))
#48 C:\\laragon\\www\\STIT2\\vendor\\laravel\\framework\\src\\Illuminate\\Foundation\\Http\\Middleware\\ConvertEmptyStringsToNull.php(31): Illuminate\\Foundation\\Http\\Middleware\\TransformsRequest->handle(Object(Illuminate\\Http\\Request), Object(Closure))
#49 C:\\laragon\\www\\STIT2\\vendor\\laravel\\framework\\src\\Illuminate\\Pipeline\\Pipeline.php(208): Illuminate\\Foundation\\Http\\Middleware\\ConvertEmptyStringsToNull->handle(Object(Illuminate\\Http\\Request), Object(Closure))
#50 C:\\laragon\\www\\STIT2\\vendor\\laravel\\framework\\src\\Illuminate\\Foundation\\Http\\Middleware\\TransformsRequest.php(21): Illuminate\\Pipeline\\Pipeline->Illuminate\\Pipeline\\{closure}(Object(Illuminate\\Http\\Request))
#51 C:\\laragon\\www\\STIT2\\vendor\\laravel\\framework\\src\\Illuminate\\Foundation\\Http\\Middleware\\TrimStrings.php(51): Illuminate\\Foundation\\Http\\Middleware\\TransformsRequest->handle(Object(Illuminate\\Http\\Request), Object(Closure))
#52 C:\\laragon\\www\\STIT2\\vendor\\laravel\\framework\\src\\Illuminate\\Pipeline\\Pipeline.php(208): Illuminate\\Foundation\\Http\\Middleware\\TrimStrings->handle(Object(Illuminate\\Http\\Request), Object(Closure))
#53 C:\\laragon\\www\\STIT2\\vendor\\laravel\\framework\\src\\Illuminate\\Http\\Middleware\\ValidatePostSize.php(27): Illuminate\\Pipeline\\Pipeline->Illuminate\\Pipeline\\{closure}(Object(Illuminate\\Http\\Request))
#54 C:\\laragon\\www\\STIT2\\vendor\\laravel\\framework\\src\\Illuminate\\Pipeline\\Pipeline.php(208): Illuminate\\Http\\Middleware\\ValidatePostSize->handle(Object(Illuminate\\Http\\Request), Object(Closure))
#55 C:\\laragon\\www\\STIT2\\vendor\\laravel\\framework\\src\\Illuminate\\Foundation\\Http\\Middleware\\PreventRequestsDuringMaintenance.php(109): Illuminate\\Pipeline\\Pipeline->Illuminate\\Pipeline\\{closure}(Object(Illuminate\\Http\\Request))
#56 C:\\laragon\\www\\STIT2\\vendor\\laravel\\framework\\src\\Illuminate\\Pipeline\\Pipeline.php(208): Illuminate\\Foundation\\Http\\Middleware\\PreventRequestsDuringMaintenance->handle(Object(Illuminate\\Http\\Request), Object(Closure))
#57 C:\\laragon\\www\\STIT2\\vendor\\laravel\\framework\\src\\Illuminate\\Http\\Middleware\\HandleCors.php(48): Illuminate\\Pipeline\\Pipeline->Illuminate\\Pipeline\\{closure}(Object(Illuminate\\Http\\Request))
#58 C:\\laragon\\www\\STIT2\\vendor\\laravel\\framework\\src\\Illuminate\\Pipeline\\Pipeline.php(208): Illuminate\\Http\\Middleware\\HandleCors->handle(Object(Illuminate\\Http\\Request), Object(Closure))
#59 C:\\laragon\\www\\STIT2\\vendor\\laravel\\framework\\src\\Illuminate\\Http\\Middleware\\TrustProxies.php(58): Illuminate\\Pipeline\\Pipeline->Illuminate\\Pipeline\\{closure}(Object(Illuminate\\Http\\Request))
#60 C:\\laragon\\www\\STIT2\\vendor\\laravel\\framework\\src\\Illuminate\\Pipeline\\Pipeline.php(208): Illuminate\\Http\\Middleware\\TrustProxies->handle(Object(Illuminate\\Http\\Request), Object(Closure))
#61 C:\\laragon\\www\\STIT2\\vendor\\laravel\\framework\\src\\Illuminate\\Foundation\\Http\\Middleware\\InvokeDeferredCallbacks.php(22): Illuminate\\Pipeline\\Pipeline->Illuminate\\Pipeline\\{closure}(Object(Illuminate\\Http\\Request))
#62 C:\\laragon\\www\\STIT2\\vendor\\laravel\\framework\\src\\Illuminate\\Pipeline\\Pipeline.php(208): Illuminate\\Foundation\\Http\\Middleware\\InvokeDeferredCallbacks->handle(Object(Illuminate\\Http\\Request), Object(Closure))
#63 C:\\laragon\\www\\STIT2\\vendor\\laravel\\framework\\src\\Illuminate\\Http\\Middleware\\ValidatePathEncoding.php(26): Illuminate\\Pipeline\\Pipeline->Illuminate\\Pipeline\\{closure}(Object(Illuminate\\Http\\Request))
#64 C:\\laragon\\www\\STIT2\\vendor\\laravel\\framework\\src\\Illuminate\\Pipeline\\Pipeline.php(208): Illuminate\\Http\\Middleware\\ValidatePathEncoding->handle(Object(Illuminate\\Http\\Request), Object(Closure))
#65 C:\\laragon\\www\\STIT2\\vendor\\laravel\\framework\\src\\Illuminate\\Pipeline\\Pipeline.php(126): Illuminate\\Pipeline\\Pipeline->Illuminate\\Pipeline\\{closure}(Object(Illuminate\\Http\\Request))
#66 C:\\laragon\\www\\STIT2\\vendor\\laravel\\framework\\src\\Illuminate\\Foundation\\Http\\Kernel.php(175): Illuminate\\Pipeline\\Pipeline->then(Object(Closure))
#67 C:\\laragon\\www\\STIT2\\vendor\\laravel\\framework\\src\\Illuminate\\Foundation\\Http\\Kernel.php(144): Illuminate\\Foundation\\Http\\Kernel->sendRequestThroughRouter(Object(Illuminate\\Http\\Request))
#68 C:\\laragon\\www\\STIT2\\public\\index.php(51): Illuminate\\Foundation\\Http\\Kernel->handle(Object(Illuminate\\Http\\Request))
#69 C:\\laragon\\www\\STIT2\\vendor\\laravel\\framework\\src\\Illuminate\\Foundation\\resources\\server.php(23): require_once('C:\\\\laragon\\\\www\\\\...')
#70 {main}

[previous exception] [object] (ErrorException(code: 0): Undefined variable $spref at C:\\laragon\\www\\STIT2\\storage\\framework\\views\\c0ab4a70c91cf4f3941485b2f5e3952e.php:352)
[stacktrace]
#0 C:\\laragon\\www\\STIT2\\vendor\\laravel\\framework\\src\\Illuminate\\Foundation\\Bootstrap\\HandleExceptions.php(256): Illuminate\\Foundation\\Bootstrap\\HandleExceptions->handleError(2, 'Undefined varia...', 'C:\\\\laragon\\\\www\\\\...', 352)
#1 C:\\laragon\\www\\STIT2\\storage\\framework\\views\\c0ab4a70c91cf4f3941485b2f5e3952e.php(352): Illuminate\\Foundation\\Bootstrap\\HandleExceptions->Illuminate\\Foundation\\Bootstrap\\{closure}(2, 'Undefined varia...', 'C:\\\\laragon\\\\www\\\\...', 352)
#2 C:\\laragon\\www\\STIT2\\vendor\\laravel\\framework\\src\\Illuminate\\Filesystem\\Filesystem.php(123): require('C:\\\\laragon\\\\www\\\\...')
#3 C:\\laragon\\www\\STIT2\\vendor\\laravel\\framework\\src\\Illuminate\\Filesystem\\Filesystem.php(124): Illuminate\\Filesystem\\Filesystem::Illuminate\\Filesystem\\{closure}()
#4 C:\\laragon\\www\\STIT2\\vendor\\laravel\\framework\\src\\Illuminate\\View\\Engines\\PhpEngine.php(57): Illuminate\\Filesystem\\Filesystem->getRequire('C:\\\\laragon\\\\www\\\\...', Array)
#5 C:\\laragon\\www\\STIT2\\vendor\\livewire\\livewire\\src\\Mechanisms\\ExtendBlade\\ExtendedCompilerEngine.php(22): Illuminate\\View\\Engines\\PhpEngine->evaluatePath('C:\\\\laragon\\\\www\\\\...', Array)
#6 C:\\laragon\\www\\STIT2\\vendor\\laravel\\framework\\src\\Illuminate\\View\\Engines\\CompilerEngine.php(76): Livewire\\Mechanisms\\ExtendBlade\\ExtendedCompilerEngine->evaluatePath('C:\\\\laragon\\\\www\\\\...', Array)
#7 C:\\laragon\\www\\STIT2\\vendor\\livewire\\livewire\\src\\Mechanisms\\ExtendBlade\\ExtendedCompilerEngine.php(10): Illuminate\\View\\Engines\\CompilerEngine->get('C:\\\\laragon\\\\www\\\\...', Array)
#8 C:\\laragon\\www\\STIT2\\vendor\\laravel\\framework\\src\\Illuminate\\View\\View.php(208): Livewire\\Mechanisms\\ExtendBlade\\ExtendedCompilerEngine->get('C:\\\\laragon\\\\www\\\\...', Array)
#9 C:\\laragon\\www\\STIT2\\vendor\\laravel\\framework\\src\\Illuminate\\View\\View.php(191): Illuminate\\View\\View->getContents()
#10 C:\\laragon\\www\\STIT2\\vendor\\laravel\\framework\\src\\Illuminate\\View\\View.php(160): Illuminate\\View\\View->renderContents()
#11 C:\\laragon\\www\\STIT2\\storage\\framework\\views\\59f71ea7e0eaa467808b8a930ee2cee2.php(44): Illuminate\\View\\View->render()
#12 C:\\laragon\\www\\STIT2\\vendor\\laravel\\framework\\src\\Illuminate\\Filesystem\\Filesystem.php(123): require('C:\\\\laragon\\\\www\\\\...')
#13 C:\\laragon\\www\\STIT2\\vendor\\laravel\\framework\\src\\Illuminate\\Filesystem\\Filesystem.php(124): Illuminate\\Filesystem\\Filesystem::Illuminate\\Filesystem\\{closure}()
#14 C:\\laragon\\www\\STIT2\\vendor\\laravel\\framework\\src\\Illuminate\\View\\Engines\\PhpEngine.php(57): Illuminate\\Filesystem\\Filesystem->getRequire('C:\\\\laragon\\\\www\\\\...', Array)
#15 C:\\laragon\\www\\STIT2\\vendor\\livewire\\livewire\\src\\Mechanisms\\ExtendBlade\\ExtendedCompilerEngine.php(22): Illuminate\\View\\Engines\\PhpEngine->evaluatePath('C:\\\\laragon\\\\www\\\\...', Array)
#16 C:\\laragon\\www\\STIT2\\vendor\\laravel\\framework\\src\\Illuminate\\View\\Engines\\CompilerEngine.php(76): Livewire\\Mechanisms\\ExtendBlade\\ExtendedCompilerEngine->evaluatePath('C:\\\\laragon\\\\www\\\\...', Array)
#17 C:\\laragon\\www\\STIT2\\vendor\\livewire\\livewire\\src\\Mechanisms\\ExtendBlade\\ExtendedCompilerEngine.php(10): Illuminate\\View\\Engines\\CompilerEngine->get('C:\\\\laragon\\\\www\\\\...', Array)
#18 C:\\laragon\\www\\STIT2\\vendor\\laravel\\framework\\src\\Illuminate\\View\\View.php(208): Livewire\\Mechanisms\\ExtendBlade\\ExtendedCompilerEngine->get('C:\\\\laragon\\\\www\\\\...', Array)
#19 C:\\laragon\\www\\STIT2\\vendor\\laravel\\framework\\src\\Illuminate\\View\\View.php(191): Illuminate\\View\\View->getContents()
#20 C:\\laragon\\www\\STIT2\\vendor\\laravel\\framework\\src\\Illuminate\\View\\View.php(160): Illuminate\\View\\View->renderContents()
#21 C:\\laragon\\www\\STIT2\\vendor\\laravel\\framework\\src\\Illuminate\\Http\\Response.php(78): Illuminate\\View\\View->render()
#22 C:\\laragon\\www\\STIT2\\vendor\\laravel\\framework\\src\\Illuminate\\Http\\Response.php(34): Illuminate\\Http\\Response->setContent(Object(Illuminate\\View\\View))
#23 C:\\laragon\\www\\STIT2\\vendor\\laravel\\framework\\src\\Illuminate\\Routing\\Router.php(925): Illuminate\\Http\\Response->__construct(Object(Illuminate\\View\\View), 200, Array)
#24 C:\\laragon\\www\\STIT2\\vendor\\laravel\\framework\\src\\Illuminate\\Routing\\Router.php(892): Illuminate\\Routing\\Router::toResponse(Object(Illuminate\\Http\\Request), Object(Illuminate\\View\\View))
#25 C:\\laragon\\www\\STIT2\\vendor\\laravel\\framework\\src\\Illuminate\\Routing\\Router.php(807): Illuminate\\Routing\\Router->prepareResponse(Object(Illuminate\\Http\\Request), Object(Illuminate\\View\\View))
#26 C:\\laragon\\www\\STIT2\\vendor\\laravel\\framework\\src\\Illuminate\\Pipeline\\Pipeline.php(169): Illuminate\\Routing\\Router->Illuminate\\Routing\\{closure}(Object(Illuminate\\Http\\Request))
#27 C:\\laragon\\www\\STIT2\\vendor\\laravel\\framework\\src\\Illuminate\\Routing\\Middleware\\SubstituteBindings.php(50): Illuminate\\Pipeline\\Pipeline->Illuminate\\Pipeline\\{closure}(Object(Illuminate\\Http\\Request))
#28 C:\\laragon\\www\\STIT2\\vendor\\laravel\\framework\\src\\Illuminate\\Pipeline\\Pipeline.php(208): Illuminate\\Routing\\Middleware\\SubstituteBindings->handle(Object(Illuminate\\Http\\Request), Object(Closure))
#29 C:\\laragon\\www\\STIT2\\vendor\\laravel\\framework\\src\\Illuminate\\Foundation\\Http\\Middleware\\VerifyCsrfToken.php(87): Illuminate\\Pipeline\\Pipeline->Illuminate\\Pipeline\\{closure}(Object(Illuminate\\Http\\Request))
#30 C:\\laragon\\www\\STIT2\\vendor\\laravel\\framework\\src\\Illuminate\\Pipeline\\Pipeline.php(208): Illuminate\\Foundation\\Http\\Middleware\\VerifyCsrfToken->handle(Object(Illuminate\\Http\\Request), Object(Closure))
#31 C:\\laragon\\www\\STIT2\\vendor\\laravel\\framework\\src\\Illuminate\\View\\Middleware\\ShareErrorsFromSession.php(48): Illuminate\\Pipeline\\Pipeline->Illuminate\\Pipeline\\{closure}(Object(Illuminate\\Http\\Request))
#32 C:\\laragon\\www\\STIT2\\vendor\\laravel\\framework\\src\\Illuminate\\Pipeline\\Pipeline.php(208): Illuminate\\View\\Middleware\\ShareErrorsFromSession->handle(Object(Illuminate\\Http\\Request), Object(Closure))
#33 C:\\laragon\\www\\STIT2\\vendor\\laravel\\framework\\src\\Illuminate\\Session\\Middleware\\StartSession.php(120): Illuminate\\Pipeline\\Pipeline->Illuminate\\Pipeline\\{closure}(Object(Illuminate\\Http\\Request))
#34 C:\\laragon\\www\\STIT2\\vendor\\laravel\\framework\\src\\Illuminate\\Session\\Middleware\\StartSession.php(63): Illuminate\\Session\\Middleware\\StartSession->handleStatefulRequest(Object(Illuminate\\Http\\Request), Object(Illuminate\\Session\\Store), Object(Closure))
#35 C:\\laragon\\www\\STIT2\\vendor\\laravel\\framework\\src\\Illuminate\\Pipeline\\Pipeline.php(208): Illuminate\\Session\\Middleware\\StartSession->handle(Object(Illuminate\\Http\\Request), Object(Closure))
#36 C:\\laragon\\www\\STIT2\\vendor\\laravel\\framework\\src\\Illuminate\\Cookie\\Middleware\\AddQueuedCookiesToResponse.php(36): Illuminate\\Pipeline\\Pipeline->Illuminate\\Pipeline\\{closure}(Object(Illuminate\\Http\\Request))
#37 C:\\laragon\\www\\STIT2\\vendor\\laravel\\framework\\src\\Illuminate\\Pipeline\\Pipeline.php(208): Illuminate\\Cookie\\Middleware\\AddQueuedCookiesToResponse->handle(Object(Illuminate\\Http\\Request), Object(Closure))
#38 C:\\laragon\\www\\STIT2\\vendor\\laravel\\framework\\src\\Illuminate\\Cookie\\Middleware\\EncryptCookies.php(74): Illuminate\\Pipeline\\Pipeline->Illuminate\\Pipeline\\{closure}(Object(Illuminate\\Http\\Request))
#39 C:\\laragon\\www\\STIT2\\vendor\\laravel\\framework\\src\\Illuminate\\Pipeline\\Pipeline.php(208): Illuminate\\Cookie\\Middleware\\EncryptCookies->handle(Object(Illuminate\\Http\\Request), Object(Closure))
#40 C:\\laragon\\www\\STIT2\\vendor\\laravel\\framework\\src\\Illuminate\\Pipeline\\Pipeline.php(126): Illuminate\\Pipeline\\Pipeline->Illuminate\\Pipeline\\{closure}(Object(Illuminate\\Http\\Request))
#41 C:\\laragon\\www\\STIT2\\vendor\\laravel\\framework\\src\\Illuminate\\Routing\\Router.php(807): Illuminate\\Pipeline\\Pipeline->then(Object(Closure))
#42 C:\\laragon\\www\\STIT2\\vendor\\laravel\\framework\\src\\Illuminate\\Routing\\Router.php(786): Illuminate\\Routing\\Router->runRouteWithinStack(Object(Illuminate\\Routing\\Route), Object(Illuminate\\Http\\Request))
#43 C:\\laragon\\www\\STIT2\\vendor\\laravel\\framework\\src\\Illuminate\\Routing\\Router.php(750): Illuminate\\Routing\\Router->runRoute(Object(Illuminate\\Http\\Request), Object(Illuminate\\Routing\\Route))
#44 C:\\laragon\\www\\STIT2\\vendor\\laravel\\framework\\src\\Illuminate\\Routing\\Router.php(739): Illuminate\\Routing\\Router->dispatchToRoute(Object(Illuminate\\Http\\Request))
#45 C:\\laragon\\www\\STIT2\\vendor\\laravel\\framework\\src\\Illuminate\\Foundation\\Http\\Kernel.php(200): Illuminate\\Routing\\Router->dispatch(Object(Illuminate\\Http\\Request))
#46 C:\\laragon\\www\\STIT2\\vendor\\laravel\\framework\\src\\Illuminate\\Pipeline\\Pipeline.php(169): Illuminate\\Foundation\\Http\\Kernel->Illuminate\\Foundation\\Http\\{closure}(Object(Illuminate\\Http\\Request))
#47 C:\\laragon\\www\\STIT2\\vendor\\livewire\\livewire\\src\\Features\\SupportDisablingBackButtonCache\\DisableBackButtonCacheMiddleware.php(19): Illuminate\\Pipeline\\Pipeline->Illuminate\\Pipeline\\{closure}(Object(Illuminate\\Http\\Request))
#48 C:\\laragon\\www\\STIT2\\vendor\\laravel\\framework\\src\\Illuminate\\Pipeline\\Pipeline.php(208): Livewire\\Features\\SupportDisablingBackButtonCache\\DisableBackButtonCacheMiddleware->handle(Object(Illuminate\\Http\\Request), Object(Closure))
#49 C:\\laragon\\www\\STIT2\\vendor\\laravel\\framework\\src\\Illuminate\\Foundation\\Http\\Middleware\\TransformsRequest.php(21): Illuminate\\Pipeline\\Pipeline->Illuminate\\Pipeline\\{closure}(Object(Illuminate\\Http\\Request))
#50 C:\\laragon\\www\\STIT2\\vendor\\laravel\\framework\\src\\Illuminate\\Foundation\\Http\\Middleware\\ConvertEmptyStringsToNull.php(31): Illuminate\\Foundation\\Http\\Middleware\\TransformsRequest->handle(Object(Illuminate\\Http\\Request), Object(Closure))
#51 C:\\laragon\\www\\STIT2\\vendor\\laravel\\framework\\src\\Illuminate\\Pipeline\\Pipeline.php(208): Illuminate\\Foundation\\Http\\Middleware\\ConvertEmptyStringsToNull->handle(Object(Illuminate\\Http\\Request), Object(Closure))
#52 C:\\laragon\\www\\STIT2\\vendor\\laravel\\framework\\src\\Illuminate\\Foundation\\Http\\Middleware\\TransformsRequest.php(21): Illuminate\\Pipeline\\Pipeline->Illuminate\\Pipeline\\{closure}(Object(Illuminate\\Http\\Request))
#53 C:\\laragon\\www\\STIT2\\vendor\\laravel\\framework\\src\\Illuminate\\Foundation\\Http\\Middleware\\TrimStrings.php(51): Illuminate\\Foundation\\Http\\Middleware\\TransformsRequest->handle(Object(Illuminate\\Http\\Request), Object(Closure))
#54 C:\\laragon\\www\\STIT2\\vendor\\laravel\\framework\\src\\Illuminate\\Pipeline\\Pipeline.php(208): Illuminate\\Foundation\\Http\\Middleware\\TrimStrings->handle(Object(Illuminate\\Http\\Request), Object(Closure))
#55 C:\\laragon\\www\\STIT2\\vendor\\laravel\\framework\\src\\Illuminate\\Http\\Middleware\\ValidatePostSize.php(27): Illuminate\\Pipeline\\Pipeline->Illuminate\\Pipeline\\{closure}(Object(Illuminate\\Http\\Request))
#56 C:\\laragon\\www\\STIT2\\vendor\\laravel\\framework\\src\\Illuminate\\Pipeline\\Pipeline.php(208): Illuminate\\Http\\Middleware\\ValidatePostSize->handle(Object(Illuminate\\Http\\Request), Object(Closure))
#57 C:\\laragon\\www\\STIT2\\vendor\\laravel\\framework\\src\\Illuminate\\Foundation\\Http\\Middleware\\PreventRequestsDuringMaintenance.php(109): Illuminate\\Pipeline\\Pipeline->Illuminate\\Pipeline\\{closure}(Object(Illuminate\\Http\\Request))
#58 C:\\laragon\\www\\STIT2\\vendor\\laravel\\framework\\src\\Illuminate\\Pipeline\\Pipeline.php(208): Illuminate\\Foundation\\Http\\Middleware\\PreventRequestsDuringMaintenance->handle(Object(Illuminate\\Http\\Request), Object(Closure))
#59 C:\\laragon\\www\\STIT2\\vendor\\laravel\\framework\\src\\Illuminate\\Http\\Middleware\\HandleCors.php(48): Illuminate\\Pipeline\\Pipeline->Illuminate\\Pipeline\\{closure}(Object(Illuminate\\Http\\Request))
#60 C:\\laragon\\www\\STIT2\\vendor\\laravel\\framework\\src\\Illuminate\\Pipeline\\Pipeline.php(208): Illuminate\\Http\\Middleware\\HandleCors->handle(Object(Illuminate\\Http\\Request), Object(Closure))
#61 C:\\laragon\\www\\STIT2\\vendor\\laravel\\framework\\src\\Illuminate\\Http\\Middleware\\TrustProxies.php(58): Illuminate\\Pipeline\\Pipeline->Illuminate\\Pipeline\\{closure}(Object(Illuminate\\Http\\Request))
#62 C:\\laragon\\www\\STIT2\\vendor\\laravel\\framework\\src\\Illuminate\\Pipeline\\Pipeline.php(208): Illuminate\\Http\\Middleware\\TrustProxies->handle(Object(Illuminate\\Http\\Request), Object(Closure))
#63 C:\\laragon\\www\\STIT2\\vendor\\laravel\\framework\\src\\Illuminate\\Foundation\\Http\\Middleware\\InvokeDeferredCallbacks.php(22): Illuminate\\Pipeline\\Pipeline->Illuminate\\Pipeline\\{closure}(Object(Illuminate\\Http\\Request))
#64 C:\\laragon\\www\\STIT2\\vendor\\laravel\\framework\\src\\Illuminate\\Pipeline\\Pipeline.php(208): Illuminate\\Foundation\\Http\\Middleware\\InvokeDeferredCallbacks->handle(Object(Illuminate\\Http\\Request), Object(Closure))
#65 C:\\laragon\\www\\STIT2\\vendor\\laravel\\framework\\src\\Illuminate\\Http\\Middleware\\ValidatePathEncoding.php(26): Illuminate\\Pipeline\\Pipeline->Illuminate\\Pipeline\\{closure}(Object(Illuminate\\Http\\Request))
#66 C:\\laragon\\www\\STIT2\\vendor\\laravel\\framework\\src\\Illuminate\\Pipeline\\Pipeline.php(208): Illuminate\\Http\\Middleware\\ValidatePathEncoding->handle(Object(Illuminate\\Http\\Request), Object(Closure))
#67 C:\\laragon\\www\\STIT2\\vendor\\laravel\\framework\\src\\Illuminate\\Pipeline\\Pipeline.php(126): Illuminate\\Pipeline\\Pipeline->Illuminate\\Pipeline\\{closure}(Object(Illuminate\\Http\\Request))
#68 C:\\laragon\\www\\STIT2\\vendor\\laravel\\framework\\src\\Illuminate\\Foundation\\Http\\Kernel.php(175): Illuminate\\Pipeline\\Pipeline->then(Object(Closure))
#69 C:\\laragon\\www\\STIT2\\vendor\\laravel\\framework\\src\\Illuminate\\Foundation\\Http\\Kernel.php(144): Illuminate\\Foundation\\Http\\Kernel->sendRequestThroughRouter(Object(Illuminate\\Http\\Request))
#70 C:\\laragon\\www\\STIT2\\public\\index.php(51): Illuminate\\Foundation\\Http\\Kernel->handle(Object(Illuminate\\Http\\Request))
#71 C:\\laragon\\www\\STIT2\\vendor\\laravel\\framework\\src\\Illuminate\\Foundation\\resources\\server.php(23): require_once('C:\\\\laragon\\\\www\\\\...')
#72 {main}
"} 
[2026-09-17 10:58:53] local.ERROR: Undefined variable $spref {"view":{"view":"C:\\laragon\\www\\STIT2\\resources\\views\\core-themes\\core-mainpage.blade.php","data":{"errors":"<pre class=sf-dump id=sf-dump-474305173 data-indent-pad=\"  \"><span class=sf-dump-note>Illuminate\\Support\\ViewErrorBag</span> {<a class=sf-dump-ref>#849</a><samp data-depth=1 class=sf-dump-expanded>
  #<span class=sf-dump-protected title=\"Protected property\">bags</span>: []
</samp>}
</pre><script>Sfdump(\"sf-dump-474305173\", {\"maxDepth\":3,\"maxStringLength\":160})</script>
","webs":"<pre class=sf-dump id=sf-dump-430446851 data-indent-pad=\"  \"><span class=sf-dump-note>App\\Models\\Pengaturan\\WebSetting</span> {<a class=sf-dump-ref>#892</a><samp data-depth=1 class=sf-dump-expanded>
  #<span class=sf-dump-protected title=\"Protected property\">connection</span>: \"<span class=sf-dump-str title=\"5 characters\">mysql</span>\"
  #<span class=sf-dump-protected title=\"Protected property\">table</span>: \"<span class=sf-dump-str title=\"12 characters\">web_settings</span>\"
  #<span class=sf-dump-protected title=\"Protected property\">primaryKey</span>: \"<span class=sf-dump-str title=\"2 characters\">id</span>\"
  #<span class=sf-dump-protected title=\"Protected property\">keyType</span>: \"<span class=sf-dump-str title=\"3 characters\">int</span>\"
  +<span class=sf-dump-public title=\"Public property\">incrementing</span>: <span class=sf-dump-const>true</span>
  #<span class=sf-dump-protected title=\"Protected property\">with</span>: []
  #<span class=sf-dump-protected title=\"Protected property\">withCount</span>: []
  +<span class=sf-dump-public title=\"Public property\">preventsLazyLoading</span>: <span class=sf-dump-const>false</span>
  #<span class=sf-dump-protected title=\"Protected property\">perPage</span>: <span class=sf-dump-num>15</span>
  +<span class=sf-dump-public title=\"Public property\">exists</span>: <span class=sf-dump-const>true</span>
  +<span class=sf-dump-public title=\"Public property\">wasRecentlyCreated</span>: <span class=sf-dump-const>false</span>
  #<span class=sf-dump-protected title=\"Protected property\">escapeWhenCastingToString</span>: <span class=sf-dump-const>false</span>
  #<span class=sf-dump-protected title=\"Protected property\">attributes</span>: <span class=sf-dump-note>array:28</span> [<samp data-depth=2 class=sf-dump-compact>
    \"<span class=sf-dump-key>id</span>\" => <span class=sf-dump-num>1</span>
    \"<span class=sf-dump-key>taka_now</span>\" => <span class=sf-dump-num>2026</span>
    \"<span class=sf-dump-key>school_apps</span>\" => \"<span class=sf-dump-str title=\"11 characters\">SIAKAD STIT</span>\"
    \"<span class=sf-dump-key>school_name</span>\" => \"<span class=sf-dump-str title=\"15 characters\">STIT Darul Ilmi</span>\"
    \"<span class=sf-dump-key>school_head</span>\" => \"<span class=sf-dump-str title=\"34 characters\">Dr. H Dudung Rachmat Hidayat, M.Pd</span>\"
    \"<span class=sf-dump-key>school_link</span>\" => \"<span class=sf-dump-str title=\"33 characters\">http://siakad-stit-darul-ilmi.com</span>\"
    \"<span class=sf-dump-key>school_desc</span>\" => \"<span class=sf-dump-str title=\"58 characters\">Mencetak Manajer Pendidikan Islam Profesional dan Visioner</span>\"
    \"<span class=sf-dump-key>school_logo_vert</span>\" => \"<span class=sf-dump-str title=\"13 characters\">logo-vert.png</span>\"
    \"<span class=sf-dump-key>school_logo_hori</span>\" => \"<span class=sf-dump-str title=\"13 characters\">logo-hori.png</span>\"
    \"<span class=sf-dump-key>school_email</span>\" => \"<span class=sf-dump-str title=\"20 characters\">mjaya69703@gmail.com</span>\"
    \"<span class=sf-dump-key>school_phone</span>\" => \"<span class=sf-dump-str title=\"14 characters\">+6281234567895</span>\"
    \"<span class=sf-dump-key>school_address</span>\" => \"<span class=sf-dump-str title=\"76 characters\">Jl. Cirahayu, Sindangraja, Jamanis, Kabbupaten Tasikmalaya, jawa Barat 46175</span>\"
    \"<span class=sf-dump-key>school_longitude</span>\" => \"<span class=sf-dump-str title=\"9 characters\">-7.266670</span>\"
    \"<span class=sf-dump-key>school_latitude</span>\" => \"<span class=sf-dump-str title=\"10 characters\">110.416670</span>\"
    \"<span class=sf-dump-key>social_fb</span>\" => \"<span class=sf-dump-str title=\"30 characters\">https://facebook.com/kyouma052</span>\"
    \"<span class=sf-dump-key>social_ig</span>\" => \"<span class=sf-dump-str title=\"32 characters\">https://instagram.com/mjaya69703</span>\"
    \"<span class=sf-dump-key>social_in</span>\" => \"<span class=sf-dump-str title=\"37 characters\">https://id.linkedin.com/in/mjaya69703</span>\"
    \"<span class=sf-dump-key>social_tw</span>\" => \"<span class=sf-dump-str title=\"24 characters\">https://x.com/mjaya69703</span>\"
    \"<span class=sf-dump-key>maintenance_mode</span>\" => <span class=sf-dump-num>0</span>
    \"<span class=sf-dump-key>enable_captcha</span>\" => <span class=sf-dump-num>0</span>
    \"<span class=sf-dump-key>max_login_attempts</span>\" => <span class=sf-dump-num>5</span>
    \"<span class=sf-dump-key>login_decay_seconds</span>\" => <span class=sf-dump-num>60</span>
    \"<span class=sf-dump-key>created_at</span>\" => \"<span class=sf-dump-str title=\"19 characters\">2026-09-16 13:20:54</span>\"
    \"<span class=sf-dump-key>updated_at</span>\" => \"<span class=sf-dump-str title=\"19 characters\">2026-09-17 10:56:44</span>\"
    \"<span class=sf-dump-key>deleted_at</span>\" => <span class=sf-dump-const>null</span>
    \"<span class=sf-dump-key>created_by</span>\" => <span class=sf-dump-const>null</span>
    \"<span class=sf-dump-key>updated_by</span>\" => <span class=sf-dump-const>null</span>
    \"<span class=sf-dump-key>deleted_by</span>\" => <span class=sf-dump-const>null</span>
  </samp>]
  #<span class=sf-dump-protected title=\"Protected property\">original</span>: <span class=sf-dump-note>array:28</span> [<samp data-depth=2 class=sf-dump-compact>
    \"<span class=sf-dump-key>id</span>\" => <span class=sf-dump-num>1</span>
    \"<span class=sf-dump-key>taka_now</span>\" => <span class=sf-dump-num>2026</span>
    \"<span class=sf-dump-key>school_apps</span>\" => \"<span class=sf-dump-str title=\"11 characters\">SIAKAD STIT</span>\"
    \"<span class=sf-dump-key>school_name</span>\" => \"<span class=sf-dump-str title=\"15 characters\">STIT Darul Ilmi</span>\"
    \"<span class=sf-dump-key>school_head</span>\" => \"<span class=sf-dump-str title=\"34 characters\">Dr. H Dudung Rachmat Hidayat, M.Pd</span>\"
    \"<span class=sf-dump-key>school_link</span>\" => \"<span class=sf-dump-str title=\"33 characters\">http://siakad-stit-darul-ilmi.com</span>\"
    \"<span class=sf-dump-key>school_desc</span>\" => \"<span class=sf-dump-str title=\"58 characters\">Mencetak Manajer Pendidikan Islam Profesional dan Visioner</span>\"
    \"<span class=sf-dump-key>school_logo_vert</span>\" => \"<span class=sf-dump-str title=\"13 characters\">logo-vert.png</span>\"
    \"<span class=sf-dump-key>school_logo_hori</span>\" => \"<span class=sf-dump-str title=\"13 characters\">logo-hori.png</span>\"
    \"<span class=sf-dump-key>school_email</span>\" => \"<span class=sf-dump-str title=\"20 characters\">mjaya69703@gmail.com</span>\"
    \"<span class=sf-dump-key>school_phone</span>\" => \"<span class=sf-dump-str title=\"14 characters\">+6281234567895</span>\"
    \"<span class=sf-dump-key>school_address</span>\" => \"<span class=sf-dump-str title=\"76 characters\">Jl. Cirahayu, Sindangraja, Jamanis, Kabbupaten Tasikmalaya, jawa Barat 46175</span>\"
    \"<span class=sf-dump-key>school_longitude</span>\" => \"<span class=sf-dump-str title=\"9 characters\">-7.266670</span>\"
    \"<span class=sf-dump-key>school_latitude</span>\" => \"<span class=sf-dump-str title=\"10 characters\">110.416670</span>\"
    \"<span class=sf-dump-key>social_fb</span>\" => \"<span class=sf-dump-str title=\"30 characters\">https://facebook.com/kyouma052</span>\"
    \"<span class=sf-dump-key>social_ig</span>\" => \"<span class=sf-dump-str title=\"32 characters\">https://instagram.com/mjaya69703</span>\"
    \"<span class=sf-dump-key>social_in</span>\" => \"<span class=sf-dump-str title=\"37 characters\">https://id.linkedin.com/in/mjaya69703</span>\"
    \"<span class=sf-dump-key>social_tw</span>\" => \"<span class=sf-dump-str title=\"24 characters\">https://x.com/mjaya69703</span>\"
    \"<span class=sf-dump-key>maintenance_mode</span>\" => <span class=sf-dump-num>0</span>
    \"<span class=sf-dump-key>enable_captcha</span>\" => <span class=sf-dump-num>0</span>
    \"<span class=sf-dump-key>max_login_attempts</span>\" => <span class=sf-dump-num>5</span>
    \"<span class=sf-dump-key>login_decay_seconds</span>\" => <span class=sf-dump-num>60</span>
    \"<span class=sf-dump-key>created_at</span>\" => \"<span class=sf-dump-str title=\"19 characters\">2026-09-16 13:20:54</span>\"
    \"<span class=sf-dump-key>updated_at</span>\" => \"<span class=sf-dump-str title=\"19 characters\">2026-09-17 10:56:44</span>\"
    \"<span class=sf-dump-key>deleted_at</span>\" => <span class=sf-dump-const>null</span>
    \"<span class=sf-dump-key>created_by</span>\" => <span class=sf-dump-const>null</span>
    \"<span class=sf-dump-key>updated_by</span>\" => <span class=sf-dump-const>null</span>
    \"<span class=sf-dump-key>deleted_by</span>\" => <span class=sf-dump-const>null</span>
  </samp>]
  #<span class=sf-dump-protected title=\"Protected property\">changes</span>: []
  #<span class=sf-dump-protected title=\"Protected property\">previous</span>: []
  #<span class=sf-dump-protected title=\"Protected property\">casts</span>: <span class=sf-dump-note>array:1</span> [<samp data-depth=2 class=sf-dump-compact>
    \"<span class=sf-dump-key>deleted_at</span>\" => \"<span class=sf-dump-str title=\"8 characters\">datetime</span>\"
  </samp>]
  #<span class=sf-dump-protected title=\"Protected property\">classCastCache</span>: []
  #<span class=sf-dump-protected title=\"Protected property\">attributeCastCache</span>: []
  #<span class=sf-dump-protected title=\"Protected property\">dateFormat</span>: <span class=sf-dump-const>null</span>
  #<span class=sf-dump-protected title=\"Protected property\">appends</span>: []
  #<span class=sf-dump-protected title=\"Protected property\">dispatchesEvents</span>: []
  #<span class=sf-dump-protected title=\"Protected property\">observables</span>: []
  #<span class=sf-dump-protected title=\"Protected property\">relations</span>: []
  #<span class=sf-dump-protected title=\"Protected property\">touches</span>: []
  #<span class=sf-dump-protected title=\"Protected property\">relationAutoloadCallback</span>: <span class=sf-dump-const>null</span>
  #<span class=sf-dump-protected title=\"Protected property\">relationAutoloadContext</span>: <span class=sf-dump-const>null</span>
  +<span class=sf-dump-public title=\"Public property\">timestamps</span>: <span class=sf-dump-const>true</span>
  +<span class=sf-dump-public title=\"Public property\">usesUniqueIds</span>: <span class=sf-dump-const>false</span>
  #<span class=sf-dump-protected title=\"Protected property\">hidden</span>: []
  #<span class=sf-dump-protected title=\"Protected property\">visible</span>: []
  #<span class=sf-dump-protected title=\"Protected property\">fillable</span>: []
  #<span class=sf-dump-protected title=\"Protected property\">guarded</span>: []
  #<span class=sf-dump-protected title=\"Protected property\">forceDeleting</span>: <span class=sf-dump-const>false</span>
</samp>}
</pre><script>Sfdump(\"sf-dump-430446851\", {\"maxDepth\":3,\"maxStringLength\":160})</script>
","menus":"<pre class=sf-dump id=sf-dump-1057686872 data-indent-pad=\"  \">\"<span class=sf-dump-str title=\"9 characters\">Institusi</span>\"
</pre><script>Sfdump(\"sf-dump-1057686872\", {\"maxDepth\":3,\"maxStringLength\":160})</script>
","pages":"<pre class=sf-dump id=sf-dump-1999168251 data-indent-pad=\"  \">\"<span class=sf-dump-str title=\"13 characters\">Profil Kampus</span>\"
</pre><script>Sfdump(\"sf-dump-1999168251\", {\"maxDepth\":3,\"maxStringLength\":160})</script>
","academy":"<pre class=sf-dump id=sf-dump-861799173 data-indent-pad=\"  \">\"<span class=sf-dump-str title=\"30 characters\">SIAKAD STIT by STIT Darul Ilmi</span>\"
</pre><script>Sfdump(\"sf-dump-861799173\", {\"maxDepth\":3,\"maxStringLength\":160})</script>
","info":"<pre class=sf-dump id=sf-dump-964010476 data-indent-pad=\"  \"><span class=sf-dump-note>array:3</span> [<samp data-depth=1 class=sf-dump-expanded>
  \"<span class=sf-dump-key>title</span>\" => \"<span class=sf-dump-str title=\"13 characters\">Profil Kampus</span>\"
  \"<span class=sf-dump-key>heading</span>\" => \"<span class=sf-dump-str title=\"13 characters\">Profil Kampus</span>\"
  \"<span class=sf-dump-key>content</span>\" => \"<span class=sf-dump-str title=\"58 characters\">Mencetak Manajer Pendidikan Islam Profesional dan Visioner</span>\"
</samp>]
</pre><script>Sfdump(\"sf-dump-964010476\", {\"maxDepth\":3,\"maxStringLength\":160})</script>
","user":"<pre class=sf-dump id=sf-dump-312009138 data-indent-pad=\"  \"><span class=sf-dump-note>App\\Models\\User</span> {<a class=sf-dump-ref>#910</a><samp data-depth=1 class=sf-dump-expanded>
  #<span class=sf-dump-protected title=\"Protected property\">connection</span>: \"<span class=sf-dump-str title=\"5 characters\">mysql</span>\"
  #<span class=sf-dump-protected title=\"Protected property\">table</span>: \"<span class=sf-dump-str title=\"5 characters\">users</span>\"
  #<span class=sf-dump-protected title=\"Protected property\">primaryKey</span>: \"<span class=sf-dump-str title=\"2 characters\">id</span>\"
  #<span class=sf-dump-protected title=\"Protected property\">keyType</span>: \"<span class=sf-dump-str title=\"3 characters\">int</span>\"
  +<span class=sf-dump-public title=\"Public property\">incrementing</span>: <span class=sf-dump-const>true</span>
  #<span class=sf-dump-protected title=\"Protected property\">with</span>: []
  #<span class=sf-dump-protected title=\"Protected property\">withCount</span>: []
  +<span class=sf-dump-public title=\"Public property\">preventsLazyLoading</span>: <span class=sf-dump-const>false</span>
  #<span class=sf-dump-protected title=\"Protected property\">perPage</span>: <span class=sf-dump-num>15</span>
  +<span class=sf-dump-public title=\"Public property\">exists</span>: <span class=sf-dump-const>true</span>
  +<span class=sf-dump-public title=\"Public property\">wasRecentlyCreated</span>: <span class=sf-dump-const>false</span>
  #<span class=sf-dump-protected title=\"Protected property\">escapeWhenCastingToString</span>: <span class=sf-dump-const>false</span>
  #<span class=sf-dump-protected title=\"Protected property\">attributes</span>: <span class=sf-dump-note>array:70</span> [<samp data-depth=2 class=sf-dump-compact>
    \"<span class=sf-dump-key>id</span>\" => <span class=sf-dump-num>1</span>
    \"<span class=sf-dump-key>type</span>\" => <span class=sf-dump-num>0</span>
    \"<span class=sf-dump-key>name</span>\" => \"<span class=sf-dump-str title=\"13 characters\">Administrator</span>\"
    \"<span class=sf-dump-key>photo</span>\" => \"<span class=sf-dump-str title=\"35 characters\">1789567457-nCpmd7-6aaaa1e10df6a.jpg</span>\"
    \"<span class=sf-dump-key>username</span>\" => \"<span class=sf-dump-str title=\"5 characters\">admin</span>\"
    \"<span class=sf-dump-key>phone</span>\" => \"<span class=sf-dump-str title=\"13 characters\">6280012345660</span>\"
    \"<span class=sf-dump-key>email</span>\" => \"<span class=sf-dump-str title=\"20 characters\">mjaya69703@gmail.com</span>\"
    \"<span class=sf-dump-key>link_ig</span>\" => <span class=sf-dump-const>null</span>
    \"<span class=sf-dump-key>link_fb</span>\" => <span class=sf-dump-const>null</span>
    \"<span class=sf-dump-key>link_in</span>\" => <span class=sf-dump-const>null</span>
    \"<span class=sf-dump-key>bio_blood</span>\" => <span class=sf-dump-const>null</span>
    \"<span class=sf-dump-key>bio_height</span>\" => <span class=sf-dump-const>null</span>
    \"<span class=sf-dump-key>bio_weight</span>\" => <span class=sf-dump-const>null</span>
    \"<span class=sf-dump-key>bio_gender</span>\" => \"<span class=sf-dump-str title=\"9 characters\">Laki-laki</span>\"
    \"<span class=sf-dump-key>bio_religion</span>\" => <span class=sf-dump-const>null</span>
    \"<span class=sf-dump-key>bio_placebirth</span>\" => <span class=sf-dump-const>null</span>
    \"<span class=sf-dump-key>bio_nationality</span>\" => <span class=sf-dump-const>null</span>
    \"<span class=sf-dump-key>bio_datebirth</span>\" => <span class=sf-dump-const>null</span>
    \"<span class=sf-dump-key>numb_kk</span>\" => \"<span class=sf-dump-str title=\"11 characters\">11111111111</span>\"
    \"<span class=sf-dump-key>numb_ktp</span>\" => \"<span class=sf-dump-str title=\"15 characters\">122222222222222</span>\"
    \"<span class=sf-dump-key>numb_npsn</span>\" => <span class=sf-dump-const>null</span>
    \"<span class=sf-dump-key>numb_nitk</span>\" => \"<span class=sf-dump-str title=\"18 characters\">111111111111111111</span>\"
    \"<span class=sf-dump-key>numb_staff</span>\" => \"<span class=sf-dump-str>1</span>\"
    \"<span class=sf-dump-key>code</span>\" => \"<span class=sf-dump-str title=\"6 characters\">nCpmd7</span>\"
    \"<span class=sf-dump-key>password</span>\" => \"<span class=sf-dump-str title=\"60 characters\">$2y$12$mnKBaJy5agivF1/4zLseMeoqD2xAJLAj6mMPIrNie8JoMMteyCmM2</span>\"
    \"<span class=sf-dump-key>fst_setup</span>\" => <span class=sf-dump-num>0</span>
    \"<span class=sf-dump-key>tfa_setup</span>\" => <span class=sf-dump-num>0</span>
    \"<span class=sf-dump-key>ktp_addres</span>\" => \"\"\"
      <span class=sf-dump-str title=\"65 characters\">Cirahayu No. 104 RT/RW 03/010 Desa Sindangraja<span class=\"sf-dump-default sf-dump-ns\">\\r\\n</span></span>
      <span class=sf-dump-str title=\"65 characters\">Kecamatan Jamanis</span>
      \"\"\"
    \"<span class=sf-dump-key>ktp_rt</span>\" => \"<span class=sf-dump-str title=\"2 characters\">03</span>\"
    \"<span class=sf-dump-key>ktp_rw</span>\" => \"<span class=sf-dump-str title=\"3 characters\">010</span>\"
    \"<span class=sf-dump-key>ktp_village</span>\" => <span class=sf-dump-const>null</span>
    \"<span class=sf-dump-key>ktp_subdistrict</span>\" => \"<span class=sf-dump-str title=\"7 characters\">Jamanis</span>\"
    \"<span class=sf-dump-key>ktp_poscode</span>\" => \"<span class=sf-dump-str title=\"5 characters\">46175</span>\"
    \"<span class=sf-dump-key>ktp_city</span>\" => \"<span class=sf-dump-str title=\"21 characters\">Kabupaten Tasikmalaya</span>\"
    \"<span class=sf-dump-key>ktp_province</span>\" => \"<span class=sf-dump-str title=\"10 characters\">Jawa Barat</span>\"
    \"<span class=sf-dump-key>domicile_same</span>\" => \"<span class=sf-dump-str title=\"3 characters\">Yes</span>\"
    \"<span class=sf-dump-key>domicile_addres</span>\" => <span class=sf-dump-const>null</span>
    \"<span class=sf-dump-key>domicile_rt</span>\" => <span class=sf-dump-const>null</span>
    \"<span class=sf-dump-key>domicile_rw</span>\" => <span class=sf-dump-const>null</span>
    \"<span class=sf-dump-key>domicile_village</span>\" => <span class=sf-dump-const>null</span>
    \"<span class=sf-dump-key>domicile_subdistrict</span>\" => <span class=sf-dump-const>null</span>
    \"<span class=sf-dump-key>domicile_poscode</span>\" => <span class=sf-dump-const>null</span>
    \"<span class=sf-dump-key>domicile_city</span>\" => <span class=sf-dump-const>null</span>
    \"<span class=sf-dump-key>domicile_province</span>\" => <span class=sf-dump-const>null</span>
    \"<span class=sf-dump-key>google_id</span>\" => <span class=sf-dump-const>null</span>
    \"<span class=sf-dump-key>google_token</span>\" => <span class=sf-dump-const>null</span>
    \"<span class=sf-dump-key>google_refresh_token</span>\" => <span class=sf-dump-const>null</span>
    \"<span class=sf-dump-key>title_front</span>\" => <span class=sf-dump-const>null</span>
    \"<span class=sf-dump-key>title_behind</span>\" => <span class=sf-dump-const>null</span>
    \"<span class=sf-dump-key>edu1_type</span>\" => \"<span class=sf-dump-str title=\"7 characters\">SMA/SMK</span>\"
    \"<span class=sf-dump-key>edu1_place</span>\" => \"<span class=sf-dump-str title=\"6 characters\">SMAN 2</span>\"
    \"<span class=sf-dump-key>edu1_major</span>\" => \"<span class=sf-dump-str title=\"3 characters\">IPS</span>\"
    \"<span class=sf-dump-key>edu1_average_score</span>\" => \"<span class=sf-dump-str title=\"3 characters\">3.7</span>\"
    \"<span class=sf-dump-key>edu1_graduate_year</span>\" => \"<span class=sf-dump-str title=\"4 characters\">2002</span>\"
    \"<span class=sf-dump-key>edu2_type</span>\" => \"<span class=sf-dump-str title=\"7 characters\">SMA/SMK</span>\"
    \"<span class=sf-dump-key>edu2_place</span>\" => \"<span class=sf-dump-str title=\"3 characters\">DCI</span>\"
    \"<span class=sf-dump-key>edu2_major</span>\" => \"<span class=sf-dump-str title=\"10 characters\">Informatic</span>\"
    \"<span class=sf-dump-key>edu2_average_score</span>\" => \"<span class=sf-dump-str title=\"3 characters\">3.7</span>\"
    \"<span class=sf-dump-key>edu2_graduate_year</span>\" => \"<span class=sf-dump-str title=\"4 characters\">2004</span>\"
    \"<span class=sf-dump-key>edu3_type</span>\" => \"<span class=sf-dump-str title=\"7 characters\">SMA/SMK</span>\"
    \"<span class=sf-dump-key>edu3_place</span>\" => <span class=sf-dump-const>null</span>
    \"<span class=sf-dump-key>edu3_major</span>\" => <span class=sf-dump-const>null</span>
    \"<span class=sf-dump-key>edu3_average_score</span>\" => <span class=sf-dump-const>null</span>
    \"<span class=sf-dump-key>edu3_graduate_year</span>\" => <span class=sf-dump-const>null</span>
    \"<span class=sf-dump-key>created_at</span>\" => \"<span class=sf-dump-str title=\"19 characters\">2026-09-16 13:10:12</span>\"
    \"<span class=sf-dump-key>updated_at</span>\" => \"<span class=sf-dump-str title=\"19 characters\">2026-09-16 21:04:17</span>\"
    \"<span class=sf-dump-key>deleted_at</span>\" => <span class=sf-dump-const>null</span>
    \"<span class=sf-dump-key>created_by</span>\" => <span class=sf-dump-const>null</span>
    \"<span class=sf-dump-key>updated_by</span>\" => <span class=sf-dump-const>null</span>
    \"<span class=sf-dump-key>deleted_by</span>\" => <span class=sf-dump-const>null</span>
  </samp>]
  #<span class=sf-dump-protected title=\"Protected property\">original</span>: <span class=sf-dump-note>array:70</span> [<samp data-depth=2 class=sf-dump-compact>
    \"<span class=sf-dump-key>id</span>\" => <span class=sf-dump-num>1</span>
    \"<span class=sf-dump-key>type</span>\" => <span class=sf-dump-num>0</span>
    \"<span class=sf-dump-key>name</span>\" => \"<span class=sf-dump-str title=\"13 characters\">Administrator</span>\"
    \"<span class=sf-dump-key>photo</span>\" => \"<span class=sf-dump-str title=\"35 characters\">1789567457-nCpmd7-6aaaa1e10df6a.jpg</span>\"
    \"<span class=sf-dump-key>username</span>\" => \"<span class=sf-dump-str title=\"5 characters\">admin</span>\"
    \"<span class=sf-dump-key>phone</span>\" => \"<span class=sf-dump-str title=\"13 characters\">6280012345660</span>\"
    \"<span class=sf-dump-key>email</span>\" => \"<span class=sf-dump-str title=\"20 characters\">mjaya69703@gmail.com</span>\"
    \"<span class=sf-dump-key>link_ig</span>\" => <span class=sf-dump-const>null</span>
    \"<span class=sf-dump-key>link_fb</span>\" => <span class=sf-dump-const>null</span>
    \"<span class=sf-dump-key>link_in</span>\" => <span class=sf-dump-const>null</span>
    \"<span class=sf-dump-key>bio_blood</span>\" => <span class=sf-dump-const>null</span>
    \"<span class=sf-dump-key>bio_height</span>\" => <span class=sf-dump-const>null</span>
    \"<span class=sf-dump-key>bio_weight</span>\" => <span class=sf-dump-const>null</span>
    \"<span class=sf-dump-key>bio_gender</span>\" => \"<span class=sf-dump-str title=\"9 characters\">Laki-laki</span>\"
    \"<span class=sf-dump-key>bio_religion</span>\" => <span class=sf-dump-const>null</span>
    \"<span class=sf-dump-key>bio_placebirth</span>\" => <span class=sf-dump-const>null</span>
    \"<span class=sf-dump-key>bio_nationality</span>\" => <span class=sf-dump-const>null</span>
    \"<span class=sf-dump-key>bio_datebirth</span>\" => <span class=sf-dump-const>null</span>
    \"<span class=sf-dump-key>numb_kk</span>\" => \"<span class=sf-dump-str title=\"11 characters\">11111111111</span>\"
    \"<span class=sf-dump-key>numb_ktp</span>\" => \"<span class=sf-dump-str title=\"15 characters\">122222222222222</span>\"
    \"<span class=sf-dump-key>numb_npsn</span>\" => <span class=sf-dump-const>null</span>
    \"<span class=sf-dump-key>numb_nitk</span>\" => \"<span class=sf-dump-str title=\"18 characters\">111111111111111111</span>\"
    \"<span class=sf-dump-key>numb_staff</span>\" => \"<span class=sf-dump-str>1</span>\"
    \"<span class=sf-dump-key>code</span>\" => \"<span class=sf-dump-str title=\"6 characters\">nCpmd7</span>\"
    \"<span class=sf-dump-key>password</span>\" => \"<span class=sf-dump-str title=\"60 characters\">$2y$12$mnKBaJy5agivF1/4zLseMeoqD2xAJLAj6mMPIrNie8JoMMteyCmM2</span>\"
    \"<span class=sf-dump-key>fst_setup</span>\" => <span class=sf-dump-num>0</span>
    \"<span class=sf-dump-key>tfa_setup</span>\" => <span class=sf-dump-num>0</span>
    \"<span class=sf-dump-key>ktp_addres</span>\" => \"\"\"
      <span class=sf-dump-str title=\"65 characters\">Cirahayu No. 104 RT/RW 03/010 Desa Sindangraja<span class=\"sf-dump-default sf-dump-ns\">\\r\\n</span></span>
      <span class=sf-dump-str title=\"65 characters\">Kecamatan Jamanis</span>
      \"\"\"
    \"<span class=sf-dump-key>ktp_rt</span>\" => \"<span class=sf-dump-str title=\"2 characters\">03</span>\"
    \"<span class=sf-dump-key>ktp_rw</span>\" => \"<span class=sf-dump-str title=\"3 characters\">010</span>\"
    \"<span class=sf-dump-key>ktp_village</span>\" => <span class=sf-dump-const>null</span>
    \"<span class=sf-dump-key>ktp_subdistrict</span>\" => \"<span class=sf-dump-str title=\"7 characters\">Jamanis</span>\"
    \"<span class=sf-dump-key>ktp_poscode</span>\" => \"<span class=sf-dump-str title=\"5 characters\">46175</span>\"
    \"<span class=sf-dump-key>ktp_city</span>\" => \"<span class=sf-dump-str title=\"21 characters\">Kabupaten Tasikmalaya</span>\"
    \"<span class=sf-dump-key>ktp_province</span>\" => \"<span class=sf-dump-str title=\"10 characters\">Jawa Barat</span>\"
    \"<span class=sf-dump-key>domicile_same</span>\" => \"<span class=sf-dump-str title=\"3 characters\">Yes</span>\"
    \"<span class=sf-dump-key>domicile_addres</span>\" => <span class=sf-dump-const>null</span>
    \"<span class=sf-dump-key>domicile_rt</span>\" => <span class=sf-dump-const>null</span>
    \"<span class=sf-dump-key>domicile_rw</span>\" => <span class=sf-dump-const>null</span>
    \"<span class=sf-dump-key>domicile_village</span>\" => <span class=sf-dump-const>null</span>
    \"<span class=sf-dump-key>domicile_subdistrict</span>\" => <span class=sf-dump-const>null</span>
    \"<span class=sf-dump-key>domicile_poscode</span>\" => <span class=sf-dump-const>null</span>
    \"<span class=sf-dump-key>domicile_city</span>\" => <span class=sf-dump-const>null</span>
    \"<span class=sf-dump-key>domicile_province</span>\" => <span class=sf-dump-const>null</span>
    \"<span class=sf-dump-key>google_id</span>\" => <span class=sf-dump-const>null</span>
    \"<span class=sf-dump-key>google_token</span>\" => <span class=sf-dump-const>null</span>
    \"<span class=sf-dump-key>google_refresh_token</span>\" => <span class=sf-dump-const>null</span>
    \"<span class=sf-dump-key>title_front</span>\" => <span class=sf-dump-const>null</span>
    \"<span class=sf-dump-key>title_behind</span>\" => <span class=sf-dump-const>null</span>
    \"<span class=sf-dump-key>edu1_type</span>\" => \"<span class=sf-dump-str title=\"7 characters\">SMA/SMK</span>\"
    \"<span class=sf-dump-key>edu1_place</span>\" => \"<span class=sf-dump-str title=\"6 characters\">SMAN 2</span>\"
    \"<span class=sf-dump-key>edu1_major</span>\" => \"<span class=sf-dump-str title=\"3 characters\">IPS</span>\"
    \"<span class=sf-dump-key>edu1_average_score</span>\" => \"<span class=sf-dump-str title=\"3 characters\">3.7</span>\"
    \"<span class=sf-dump-key>edu1_graduate_year</span>\" => \"<span class=sf-dump-str title=\"4 characters\">2002</span>\"
    \"<span class=sf-dump-key>edu2_type</span>\" => \"<span class=sf-dump-str title=\"7 characters\">SMA/SMK</span>\"
    \"<span class=sf-dump-key>edu2_place</span>\" => \"<span class=sf-dump-str title=\"3 characters\">DCI</span>\"
    \"<span class=sf-dump-key>edu2_major</span>\" => \"<span class=sf-dump-str title=\"10 characters\">Informatic</span>\"
    \"<span class=sf-dump-key>edu2_average_score</span>\" => \"<span class=sf-dump-str title=\"3 characters\">3.7</span>\"
    \"<span class=sf-dump-key>edu2_graduate_year</span>\" => \"<span class=sf-dump-str title=\"4 characters\">2004</span>\"
    \"<span class=sf-dump-key>edu3_type</span>\" => \"<span class=sf-dump-str title=\"7 characters\">SMA/SMK</span>\"
    \"<span class=sf-dump-key>edu3_place</span>\" => <span class=sf-dump-const>null</span>
    \"<span class=sf-dump-key>edu3_major</span>\" => <span class=sf-dump-const>null</span>
    \"<span class=sf-dump-key>edu3_average_score</span>\" => <span class=sf-dump-const>null</span>
    \"<span class=sf-dump-key>edu3_graduate_year</span>\" => <span class=sf-dump-const>null</span>
    \"<span class=sf-dump-key>created_at</span>\" => \"<span class=sf-dump-str title=\"19 characters\">2026-09-16 13:10:12</span>\"
    \"<span class=sf-dump-key>updated_at</span>\" => \"<span class=sf-dump-str title=\"19 characters\">2026-09-16 21:04:17</span>\"
    \"<span class=sf-dump-key>deleted_at</span>\" => <span class=sf-dump-const>null</span>
    \"<span class=sf-dump-key>created_by</span>\" => <span class=sf-dump-const>null</span>
    \"<span class=sf-dump-key>updated_by</span>\" => <span class=sf-dump-const>null</span>
    \"<span class=sf-dump-key>deleted_by</span>\" => <span class=sf-dump-const>null</span>
  </samp>]
  #<span class=sf-dump-protected title=\"Protected property\">changes</span>: []
  #<span class=sf-dump-protected title=\"Protected property\">previous</span>: []
  #<span class=sf-dump-protected title=\"Protected property\">casts</span>: <span class=sf-dump-note>array:1</span> [<samp data-depth=2 class=sf-dump-compact>
    \"<span class=sf-dump-key>deleted_at</span>\" => \"<span class=sf-dump-str title=\"8 characters\">datetime</span>\"
  </samp>]
  #<span class=sf-dump-protected title=\"Protected property\">classCastCache</span>: []
  #<span class=sf-dump-protected title=\"Protected property\">attributeCastCache</span>: []
  #<span class=sf-dump-protected title=\"Protected property\">dateFormat</span>: <span class=sf-dump-const>null</span>
  #<span class=sf-dump-protected title=\"Protected property\">appends</span>: []
  #<span class=sf-dump-protected title=\"Protected property\">dispatchesEvents</span>: []
  #<span class=sf-dump-protected title=\"Protected property\">observables</span>: []
  #<span class=sf-dump-protected title=\"Protected property\">relations</span>: []
  #<span class=sf-dump-protected title=\"Protected property\">touches</span>: []
  #<span class=sf-dump-protected title=\"Protected property\">relationAutoloadCallback</span>: <span class=sf-dump-const>null</span>
  #<span class=sf-dump-protected title=\"Protected property\">relationAutoloadContext</span>: <span class=sf-dump-const>null</span>
  +<span class=sf-dump-public title=\"Public property\">timestamps</span>: <span class=sf-dump-const>true</span>
  +<span class=sf-dump-public title=\"Public property\">usesUniqueIds</span>: <span class=sf-dump-const>false</span>
  #<span class=sf-dump-protected title=\"Protected property\">hidden</span>: []
  #<span class=sf-dump-protected title=\"Protected property\">visible</span>: []
  #<span class=sf-dump-protected title=\"Protected property\">fillable</span>: []
  #<span class=sf-dump-protected title=\"Protected property\">guarded</span>: []
  #<span class=sf-dump-protected title=\"Protected property\">authPasswordName</span>: \"<span class=sf-dump-str title=\"8 characters\">password</span>\"
  #<span class=sf-dump-protected title=\"Protected property\">rememberTokenName</span>: \"<span class=sf-dump-str title=\"14 characters\">remember_token</span>\"
  #<span class=sf-dump-protected title=\"Protected property\">accessToken</span>: <span class=sf-dump-const>null</span>
  #<span class=sf-dump-protected title=\"Protected property\">forceDeleting</span>: <span class=sf-dump-const>false</span>
</samp>}
</pre><script>Sfdump(\"sf-dump-312009138\", {\"maxDepth\":3,\"maxStringLength\":160})</script>
"}},"userId":1,"exception":"[object] (Spatie\\LaravelIgnition\\Exceptions\\ViewException(code: 0): Undefined variable $spref at C:\\laragon\\www\\STIT2\\resources\\views\\core-themes\\core-mainpage.blade.php:352)
[stacktrace]
#0 C:\\laragon\\www\\STIT2\\vendor\\laravel\\framework\\src\\Illuminate\\Filesystem\\Filesystem.php(123): require('C:\\\\laragon\\\\www\\\\...')
#1 C:\\laragon\\www\\STIT2\\vendor\\laravel\\framework\\src\\Illuminate\\Filesystem\\Filesystem.php(124): Illuminate\\Filesystem\\Filesystem::Illuminate\\Filesystem\\{closure}()
#2 C:\\laragon\\www\\STIT2\\vendor\\laravel\\framework\\src\\Illuminate\\View\\Engines\\PhpEngine.php(57): Illuminate\\Filesystem\\Filesystem->getRequire('C:\\\\laragon\\\\www\\\\...', Array)
#3 C:\\laragon\\www\\STIT2\\vendor\\livewire\\livewire\\src\\Mechanisms\\ExtendBlade\\ExtendedCompilerEngine.php(22): Illuminate\\View\\Engines\\PhpEngine->evaluatePath('C:\\\\laragon\\\\www\\\\...', Array)
#4 C:\\laragon\\www\\STIT2\\vendor\\laravel\\framework\\src\\Illuminate\\View\\Engines\\CompilerEngine.php(76): Livewire\\Mechanisms\\ExtendBlade\\ExtendedCompilerEngine->evaluatePath('C:\\\\laragon\\\\www\\\\...', Array)
#5 C:\\laragon\\www\\STIT2\\vendor\\livewire\\livewire\\src\\Mechanisms\\ExtendBlade\\ExtendedCompilerEngine.php(10): Illuminate\\View\\Engines\\CompilerEngine->get('C:\\\\laragon\\\\www\\\\...', Array)
#6 C:\\laragon\\www\\STIT2\\vendor\\laravel\\framework\\src\\Illuminate\\View\\View.php(208): Livewire\\Mechanisms\\ExtendBlade\\ExtendedCompilerEngine->get('C:\\\\laragon\\\\www\\\\...', Array)
#7 C:\\laragon\\www\\STIT2\\vendor\\laravel\\framework\\src\\Illuminate\\View\\View.php(191): Illuminate\\View\\View->getContents()
#8 C:\\laragon\\www\\STIT2\\vendor\\laravel\\framework\\src\\Illuminate\\View\\View.php(160): Illuminate\\View\\View->renderContents()
#9 C:\\laragon\\www\\STIT2\\resources\\views\\central\\pages\\public-info.blade.php(44): Illuminate\\View\\View->render()
#10 C:\\laragon\\www\\STIT2\\vendor\\laravel\\framework\\src\\Illuminate\\Filesystem\\Filesystem.php(123): require('C:\\\\laragon\\\\www\\\\...')
#11 C:\\laragon\\www\\STIT2\\vendor\\laravel\\framework\\src\\Illuminate\\Filesystem\\Filesystem.php(124): Illuminate\\Filesystem\\Filesystem::Illuminate\\Filesystem\\{closure}()
#12 C:\\laragon\\www\\STIT2\\vendor\\laravel\\framework\\src\\Illuminate\\View\\Engines\\PhpEngine.php(57): Illuminate\\Filesystem\\Filesystem->getRequire('C:\\\\laragon\\\\www\\\\...', Array)
#13 C:\\laragon\\www\\STIT2\\vendor\\livewire\\livewire\\src\\Mechanisms\\ExtendBlade\\ExtendedCompilerEngine.php(22): Illuminate\\View\\Engines\\PhpEngine->evaluatePath('C:\\\\laragon\\\\www\\\\...', Array)
#14 C:\\laragon\\www\\STIT2\\vendor\\laravel\\framework\\src\\Illuminate\\View\\Engines\\CompilerEngine.php(76): Livewire\\Mechanisms\\ExtendBlade\\ExtendedCompilerEngine->evaluatePath('C:\\\\laragon\\\\www\\\\...', Array)
#15 C:\\laragon\\www\\STIT2\\vendor\\livewire\\livewire\\src\\Mechanisms\\ExtendBlade\\ExtendedCompilerEngine.php(10): Illuminate\\View\\Engines\\CompilerEngine->get('C:\\\\laragon\\\\www\\\\...', Array)
#16 C:\\laragon\\www\\STIT2\\vendor\\laravel\\framework\\src\\Illuminate\\View\\View.php(208): Livewire\\Mechanisms\\ExtendBlade\\ExtendedCompilerEngine->get('C:\\\\laragon\\\\www\\\\...', Array)
#17 C:\\laragon\\www\\STIT2\\vendor\\laravel\\framework\\src\\Illuminate\\View\\View.php(191): Illuminate\\View\\View->getContents()
#18 C:\\laragon\\www\\STIT2\\vendor\\laravel\\framework\\src\\Illuminate\\View\\View.php(160): Illuminate\\View\\View->renderContents()
#19 C:\\laragon\\www\\STIT2\\vendor\\laravel\\framework\\src\\Illuminate\\Http\\Response.php(78): Illuminate\\View\\View->render()
#20 C:\\laragon\\www\\STIT2\\vendor\\laravel\\framework\\src\\Illuminate\\Http\\Response.php(34): Illuminate\\Http\\Response->setContent(Object(Illuminate\\View\\View))
#21 C:\\laragon\\www\\STIT2\\vendor\\laravel\\framework\\src\\Illuminate\\Routing\\Router.php(925): Illuminate\\Http\\Response->__construct(Object(Illuminate\\View\\View), 200, Array)
#22 C:\\laragon\\www\\STIT2\\vendor\\laravel\\framework\\src\\Illuminate\\Routing\\Router.php(892): Illuminate\\Routing\\Router::toResponse(Object(Illuminate\\Http\\Request), Object(Illuminate\\View\\View))
#23 C:\\laragon\\www\\STIT2\\vendor\\laravel\\framework\\src\\Illuminate\\Routing\\Router.php(807): Illuminate\\Routing\\Router->prepareResponse(Object(Illuminate\\Http\\Request), Object(Illuminate\\View\\View))
#24 C:\\laragon\\www\\STIT2\\vendor\\laravel\\framework\\src\\Illuminate\\Pipeline\\Pipeline.php(169): Illuminate\\Routing\\Router->Illuminate\\Routing\\{closure}(Object(Illuminate\\Http\\Request))
#25 C:\\laragon\\www\\STIT2\\vendor\\laravel\\framework\\src\\Illuminate\\Routing\\Middleware\\SubstituteBindings.php(50): Illuminate\\Pipeline\\Pipeline->Illuminate\\Pipeline\\{closure}(Object(Illuminate\\Http\\Request))
#26 C:\\laragon\\www\\STIT2\\vendor\\laravel\\framework\\src\\Illuminate\\Pipeline\\Pipeline.php(208): Illuminate\\Routing\\Middleware\\SubstituteBindings->handle(Object(Illuminate\\Http\\Request), Object(Closure))
#27 C:\\laragon\\www\\STIT2\\vendor\\laravel\\framework\\src\\Illuminate\\Foundation\\Http\\Middleware\\VerifyCsrfToken.php(87): Illuminate\\Pipeline\\Pipeline->Illuminate\\Pipeline\\{closure}(Object(Illuminate\\Http\\Request))
#28 C:\\laragon\\www\\STIT2\\vendor\\laravel\\framework\\src\\Illuminate\\Pipeline\\Pipeline.php(208): Illuminate\\Foundation\\Http\\Middleware\\VerifyCsrfToken->handle(Object(Illuminate\\Http\\Request), Object(Closure))
#29 C:\\laragon\\www\\STIT2\\vendor\\laravel\\framework\\src\\Illuminate\\View\\Middleware\\ShareErrorsFromSession.php(48): Illuminate\\Pipeline\\Pipeline->Illuminate\\Pipeline\\{closure}(Object(Illuminate\\Http\\Request))
#30 C:\\laragon\\www\\STIT2\\vendor\\laravel\\framework\\src\\Illuminate\\Pipeline\\Pipeline.php(208): Illuminate\\View\\Middleware\\ShareErrorsFromSession->handle(Object(Illuminate\\Http\\Request), Object(Closure))
#31 C:\\laragon\\www\\STIT2\\vendor\\laravel\\framework\\src\\Illuminate\\Session\\Middleware\\StartSession.php(120): Illuminate\\Pipeline\\Pipeline->Illuminate\\Pipeline\\{closure}(Object(Illuminate\\Http\\Request))
#32 C:\\laragon\\www\\STIT2\\vendor\\laravel\\framework\\src\\Illuminate\\Session\\Middleware\\StartSession.php(63): Illuminate\\Session\\Middleware\\StartSession->handleStatefulRequest(Object(Illuminate\\Http\\Request), Object(Illuminate\\Session\\Store), Object(Closure))
#33 C:\\laragon\\www\\STIT2\\vendor\\laravel\\framework\\src\\Illuminate\\Pipeline\\Pipeline.php(208): Illuminate\\Session\\Middleware\\StartSession->handle(Object(Illuminate\\Http\\Request), Object(Closure))
#34 C:\\laragon\\www\\STIT2\\vendor\\laravel\\framework\\src\\Illuminate\\Cookie\\Middleware\\AddQueuedCookiesToResponse.php(36): Illuminate\\Pipeline\\Pipeline->Illuminate\\Pipeline\\{closure}(Object(Illuminate\\Http\\Request))
#35 C:\\laragon\\www\\STIT2\\vendor\\laravel\\framework\\src\\Illuminate\\Pipeline\\Pipeline.php(208): Illuminate\\Cookie\\Middleware\\AddQueuedCookiesToResponse->handle(Object(Illuminate\\Http\\Request), Object(Closure))
#36 C:\\laragon\\www\\STIT2\\vendor\\laravel\\framework\\src\\Illuminate\\Cookie\\Middleware\\EncryptCookies.php(74): Illuminate\\Pipeline\\Pipeline->Illuminate\\Pipeline\\{closure}(Object(Illuminate\\Http\\Request))
#37 C:\\laragon\\www\\STIT2\\vendor\\laravel\\framework\\src\\Illuminate\\Pipeline\\Pipeline.php(208): Illuminate\\Cookie\\Middleware\\EncryptCookies->handle(Object(Illuminate\\Http\\Request), Object(Closure))
#38 C:\\laragon\\www\\STIT2\\vendor\\laravel\\framework\\src\\Illuminate\\Pipeline\\Pipeline.php(126): Illuminate\\Pipeline\\Pipeline->Illuminate\\Pipeline\\{closure}(Object(Illuminate\\Http\\Request))
#39 C:\\laragon\\www\\STIT2\\vendor\\laravel\\framework\\src\\Illuminate\\Routing\\Router.php(807): Illuminate\\Pipeline\\Pipeline->then(Object(Closure))
#40 C:\\laragon\\www\\STIT2\\vendor\\laravel\\framework\\src\\Illuminate\\Routing\\Router.php(786): Illuminate\\Routing\\Router->runRouteWithinStack(Object(Illuminate\\Routing\\Route), Object(Illuminate\\Http\\Request))
#41 C:\\laragon\\www\\STIT2\\vendor\\laravel\\framework\\src\\Illuminate\\Routing\\Router.php(750): Illuminate\\Routing\\Router->runRoute(Object(Illuminate\\Http\\Request), Object(Illuminate\\Routing\\Route))
#42 C:\\laragon\\www\\STIT2\\vendor\\laravel\\framework\\src\\Illuminate\\Routing\\Router.php(739): Illuminate\\Routing\\Router->dispatchToRoute(Object(Illuminate\\Http\\Request))
#43 C:\\laragon\\www\\STIT2\\vendor\\laravel\\framework\\src\\Illuminate\\Foundation\\Http\\Kernel.php(200): Illuminate\\Routing\\Router->dispatch(Object(Illuminate\\Http\\Request))
#44 C:\\laragon\\www\\STIT2\\vendor\\laravel\\framework\\src\\Illuminate\\Pipeline\\Pipeline.php(169): Illuminate\\Foundation\\Http\\Kernel->Illuminate\\Foundation\\Http\\{closure}(Object(Illuminate\\Http\\Request))
#45 C:\\laragon\\www\\STIT2\\vendor\\livewire\\livewire\\src\\Features\\SupportDisablingBackButtonCache\\DisableBackButtonCacheMiddleware.php(19): Illuminate\\Pipeline\\Pipeline->Illuminate\\Pipeline\\{closure}(Object(Illuminate\\Http\\Request))
#46 C:\\laragon\\www\\STIT2\\vendor\\laravel\\framework\\src\\Illuminate\\Pipeline\\Pipeline.php(208): Livewire\\Features\\SupportDisablingBackButtonCache\\DisableBackButtonCacheMiddleware->handle(Object(Illuminate\\Http\\Request), Object(Closure))
#47 C:\\laragon\\www\\STIT2\\vendor\\laravel\\framework\\src\\Illuminate\\Foundation\\Http\\Middleware\\TransformsRequest.php(21): Illuminate\\Pipeline\\Pipeline->Illuminate\\Pipeline\\{closure}(Object(Illuminate\\Http\\Request))
#48 C:\\laragon\\www\\STIT2\\vendor\\laravel\\framework\\src\\Illuminate\\Foundation\\Http\\Middleware\\ConvertEmptyStringsToNull.php(31): Illuminate\\Foundation\\Http\\Middleware\\TransformsRequest->handle(Object(Illuminate\\Http\\Request), Object(Closure))
#49 C:\\laragon\\www\\STIT2\\vendor\\laravel\\framework\\src\\Illuminate\\Pipeline\\Pipeline.php(208): Illuminate\\Foundation\\Http\\Middleware\\ConvertEmptyStringsToNull->handle(Object(Illuminate\\Http\\Request), Object(Closure))
#50 C:\\laragon\\www\\STIT2\\vendor\\laravel\\framework\\src\\Illuminate\\Foundation\\Http\\Middleware\\TransformsRequest.php(21): Illuminate\\Pipeline\\Pipeline->Illuminate\\Pipeline\\{closure}(Object(Illuminate\\Http\\Request))
#51 C:\\laragon\\www\\STIT2\\vendor\\laravel\\framework\\src\\Illuminate\\Foundation\\Http\\Middleware\\TrimStrings.php(51): Illuminate\\Foundation\\Http\\Middleware\\TransformsRequest->handle(Object(Illuminate\\Http\\Request), Object(Closure))
#52 C:\\laragon\\www\\STIT2\\vendor\\laravel\\framework\\src\\Illuminate\\Pipeline\\Pipeline.php(208): Illuminate\\Foundation\\Http\\Middleware\\TrimStrings->handle(Object(Illuminate\\Http\\Request), Object(Closure))
#53 C:\\laragon\\www\\STIT2\\vendor\\laravel\\framework\\src\\Illuminate\\Http\\Middleware\\ValidatePostSize.php(27): Illuminate\\Pipeline\\Pipeline->Illuminate\\Pipeline\\{closure}(Object(Illuminate\\Http\\Request))
#54 C:\\laragon\\www\\STIT2\\vendor\\laravel\\framework\\src\\Illuminate\\Pipeline\\Pipeline.php(208): Illuminate\\Http\\Middleware\\ValidatePostSize->handle(Object(Illuminate\\Http\\Request), Object(Closure))
#55 C:\\laragon\\www\\STIT2\\vendor\\laravel\\framework\\src\\Illuminate\\Foundation\\Http\\Middleware\\PreventRequestsDuringMaintenance.php(109): Illuminate\\Pipeline\\Pipeline->Illuminate\\Pipeline\\{closure}(Object(Illuminate\\Http\\Request))
#56 C:\\laragon\\www\\STIT2\\vendor\\laravel\\framework\\src\\Illuminate\\Pipeline\\Pipeline.php(208): Illuminate\\Foundation\\Http\\Middleware\\PreventRequestsDuringMaintenance->handle(Object(Illuminate\\Http\\Request), Object(Closure))
#57 C:\\laragon\\www\\STIT2\\vendor\\laravel\\framework\\src\\Illuminate\\Http\\Middleware\\HandleCors.php(48): Illuminate\\Pipeline\\Pipeline->Illuminate\\Pipeline\\{closure}(Object(Illuminate\\Http\\Request))
#58 C:\\laragon\\www\\STIT2\\vendor\\laravel\\framework\\src\\Illuminate\\Pipeline\\Pipeline.php(208): Illuminate\\Http\\Middleware\\HandleCors->handle(Object(Illuminate\\Http\\Request), Object(Closure))
#59 C:\\laragon\\www\\STIT2\\vendor\\laravel\\framework\\src\\Illuminate\\Http\\Middleware\\TrustProxies.php(58): Illuminate\\Pipeline\\Pipeline->Illuminate\\Pipeline\\{closure}(Object(Illuminate\\Http\\Request))
#60 C:\\laragon\\www\\STIT2\\vendor\\laravel\\framework\\src\\Illuminate\\Pipeline\\Pipeline.php(208): Illuminate\\Http\\Middleware\\TrustProxies->handle(Object(Illuminate\\Http\\Request), Object(Closure))
#61 C:\\laragon\\www\\STIT2\\vendor\\laravel\\framework\\src\\Illuminate\\Foundation\\Http\\Middleware\\InvokeDeferredCallbacks.php(22): Illuminate\\Pipeline\\Pipeline->Illuminate\\Pipeline\\{closure}(Object(Illuminate\\Http\\Request))
#62 C:\\laragon\\www\\STIT2\\vendor\\laravel\\framework\\src\\Illuminate\\Pipeline\\Pipeline.php(208): Illuminate\\Foundation\\Http\\Middleware\\InvokeDeferredCallbacks->handle(Object(Illuminate\\Http\\Request), Object(Closure))
#63 C:\\laragon\\www\\STIT2\\vendor\\laravel\\framework\\src\\Illuminate\\Http\\Middleware\\ValidatePathEncoding.php(26): Illuminate\\Pipeline\\Pipeline->Illuminate\\Pipeline\\{closure}(Object(Illuminate\\Http\\Request))
#64 C:\\laragon\\www\\STIT2\\vendor\\laravel\\framework\\src\\Illuminate\\Pipeline\\Pipeline.php(208): Illuminate\\Http\\Middleware\\ValidatePathEncoding->handle(Object(Illuminate\\Http\\Request), Object(Closure))
#65 C:\\laragon\\www\\STIT2\\vendor\\laravel\\framework\\src\\Illuminate\\Pipeline\\Pipeline.php(126): Illuminate\\Pipeline\\Pipeline->Illuminate\\Pipeline\\{closure}(Object(Illuminate\\Http\\Request))
#66 C:\\laragon\\www\\STIT2\\vendor\\laravel\\framework\\src\\Illuminate\\Foundation\\Http\\Kernel.php(175): Illuminate\\Pipeline\\Pipeline->then(Object(Closure))
#67 C:\\laragon\\www\\STIT2\\vendor\\laravel\\framework\\src\\Illuminate\\Foundation\\Http\\Kernel.php(144): Illuminate\\Foundation\\Http\\Kernel->sendRequestThroughRouter(Object(Illuminate\\Http\\Request))
#68 C:\\laragon\\www\\STIT2\\public\\index.php(51): Illuminate\\Foundation\\Http\\Kernel->handle(Object(Illuminate\\Http\\Request))
#69 C:\\laragon\\www\\STIT2\\vendor\\laravel\\framework\\src\\Illuminate\\Foundation\\resources\\server.php(23): require_once('C:\\\\laragon\\\\www\\\\...')
#70 {main}

[previous exception] [object] (ErrorException(code: 0): Undefined variable $spref at C:\\laragon\\www\\STIT2\\storage\\framework\\views\\c0ab4a70c91cf4f3941485b2f5e3952e.php:352)
[stacktrace]
#0 C:\\laragon\\www\\STIT2\\vendor\\laravel\\framework\\src\\Illuminate\\Foundation\\Bootstrap\\HandleExceptions.php(256): Illuminate\\Foundation\\Bootstrap\\HandleExceptions->handleError(2, 'Undefined varia...', 'C:\\\\laragon\\\\www\\\\...', 352)
#1 C:\\laragon\\www\\STIT2\\storage\\framework\\views\\c0ab4a70c91cf4f3941485b2f5e3952e.php(352): Illuminate\\Foundation\\Bootstrap\\HandleExceptions->Illuminate\\Foundation\\Bootstrap\\{closure}(2, 'Undefined varia...', 'C:\\\\laragon\\\\www\\\\...', 352)
#2 C:\\laragon\\www\\STIT2\\vendor\\laravel\\framework\\src\\Illuminate\\Filesystem\\Filesystem.php(123): require('C:\\\\laragon\\\\www\\\\...')
#3 C:\\laragon\\www\\STIT2\\vendor\\laravel\\framework\\src\\Illuminate\\Filesystem\\Filesystem.php(124): Illuminate\\Filesystem\\Filesystem::Illuminate\\Filesystem\\{closure}()
#4 C:\\laragon\\www\\STIT2\\vendor\\laravel\\framework\\src\\Illuminate\\View\\Engines\\PhpEngine.php(57): Illuminate\\Filesystem\\Filesystem->getRequire('C:\\\\laragon\\\\www\\\\...', Array)
#5 C:\\laragon\\www\\STIT2\\vendor\\livewire\\livewire\\src\\Mechanisms\\ExtendBlade\\ExtendedCompilerEngine.php(22): Illuminate\\View\\Engines\\PhpEngine->evaluatePath('C:\\\\laragon\\\\www\\\\...', Array)
#6 C:\\laragon\\www\\STIT2\\vendor\\laravel\\framework\\src\\Illuminate\\View\\Engines\\CompilerEngine.php(76): Livewire\\Mechanisms\\ExtendBlade\\ExtendedCompilerEngine->evaluatePath('C:\\\\laragon\\\\www\\\\...', Array)
#7 C:\\laragon\\www\\STIT2\\vendor\\livewire\\livewire\\src\\Mechanisms\\ExtendBlade\\ExtendedCompilerEngine.php(10): Illuminate\\View\\Engines\\CompilerEngine->get('C:\\\\laragon\\\\www\\\\...', Array)
#8 C:\\laragon\\www\\STIT2\\vendor\\laravel\\framework\\src\\Illuminate\\View\\View.php(208): Livewire\\Mechanisms\\ExtendBlade\\ExtendedCompilerEngine->get('C:\\\\laragon\\\\www\\\\...', Array)
#9 C:\\laragon\\www\\STIT2\\vendor\\laravel\\framework\\src\\Illuminate\\View\\View.php(191): Illuminate\\View\\View->getContents()
#10 C:\\laragon\\www\\STIT2\\vendor\\laravel\\framework\\src\\Illuminate\\View\\View.php(160): Illuminate\\View\\View->renderContents()
#11 C:\\laragon\\www\\STIT2\\storage\\framework\\views\\59f71ea7e0eaa467808b8a930ee2cee2.php(44): Illuminate\\View\\View->render()
#12 C:\\laragon\\www\\STIT2\\vendor\\laravel\\framework\\src\\Illuminate\\Filesystem\\Filesystem.php(123): require('C:\\\\laragon\\\\www\\\\...')
#13 C:\\laragon\\www\\STIT2\\vendor\\laravel\\framework\\src\\Illuminate\\Filesystem\\Filesystem.php(124): Illuminate\\Filesystem\\Filesystem::Illuminate\\Filesystem\\{closure}()
#14 C:\\laragon\\www\\STIT2\\vendor\\laravel\\framework\\src\\Illuminate\\View\\Engines\\PhpEngine.php(57): Illuminate\\Filesystem\\Filesystem->getRequire('C:\\\\laragon\\\\www\\\\...', Array)
#15 C:\\laragon\\www\\STIT2\\vendor\\livewire\\livewire\\src\\Mechanisms\\ExtendBlade\\ExtendedCompilerEngine.php(22): Illuminate\\View\\Engines\\PhpEngine->evaluatePath('C:\\\\laragon\\\\www\\\\...', Array)
#16 C:\\laragon\\www\\STIT2\\vendor\\laravel\\framework\\src\\Illuminate\\View\\Engines\\CompilerEngine.php(76): Livewire\\Mechanisms\\ExtendBlade\\ExtendedCompilerEngine->evaluatePath('C:\\\\laragon\\\\www\\\\...', Array)
#17 C:\\laragon\\www\\STIT2\\vendor\\livewire\\livewire\\src\\Mechanisms\\ExtendBlade\\ExtendedCompilerEngine.php(10): Illuminate\\View\\Engines\\CompilerEngine->get('C:\\\\laragon\\\\www\\\\...', Array)
#18 C:\\laragon\\www\\STIT2\\vendor\\laravel\\framework\\src\\Illuminate\\View\\View.php(208): Livewire\\Mechanisms\\ExtendBlade\\ExtendedCompilerEngine->get('C:\\\\laragon\\\\www\\\\...', Array)
#19 C:\\laragon\\www\\STIT2\\vendor\\laravel\\framework\\src\\Illuminate\\View\\View.php(191): Illuminate\\View\\View->getContents()
#20 C:\\laragon\\www\\STIT2\\vendor\\laravel\\framework\\src\\Illuminate\\View\\View.php(160): Illuminate\\View\\View->renderContents()
#21 C:\\laragon\\www\\STIT2\\vendor\\laravel\\framework\\src\\Illuminate\\Http\\Response.php(78): Illuminate\\View\\View->render()
#22 C:\\laragon\\www\\STIT2\\vendor\\laravel\\framework\\src\\Illuminate\\Http\\Response.php(34): Illuminate\\Http\\Response->setContent(Object(Illuminate\\View\\View))
#23 C:\\laragon\\www\\STIT2\\vendor\\laravel\\framework\\src\\Illuminate\\Routing\\Router.php(925): Illuminate\\Http\\Response->__construct(Object(Illuminate\\View\\View), 200, Array)
#24 C:\\laragon\\www\\STIT2\\vendor\\laravel\\framework\\src\\Illuminate\\Routing\\Router.php(892): Illuminate\\Routing\\Router::toResponse(Object(Illuminate\\Http\\Request), Object(Illuminate\\View\\View))
#25 C:\\laragon\\www\\STIT2\\vendor\\laravel\\framework\\src\\Illuminate\\Routing\\Router.php(807): Illuminate\\Routing\\Router->prepareResponse(Object(Illuminate\\Http\\Request), Object(Illuminate\\View\\View))
#26 C:\\laragon\\www\\STIT2\\vendor\\laravel\\framework\\src\\Illuminate\\Pipeline\\Pipeline.php(169): Illuminate\\Routing\\Router->Illuminate\\Routing\\{closure}(Object(Illuminate\\Http\\Request))
#27 C:\\laragon\\www\\STIT2\\vendor\\laravel\\framework\\src\\Illuminate\\Routing\\Middleware\\SubstituteBindings.php(50): Illuminate\\Pipeline\\Pipeline->Illuminate\\Pipeline\\{closure}(Object(Illuminate\\Http\\Request))
#28 C:\\laragon\\www\\STIT2\\vendor\\laravel\\framework\\src\\Illuminate\\Pipeline\\Pipeline.php(208): Illuminate\\Routing\\Middleware\\SubstituteBindings->handle(Object(Illuminate\\Http\\Request), Object(Closure))
#29 C:\\laragon\\www\\STIT2\\vendor\\laravel\\framework\\src\\Illuminate\\Foundation\\Http\\Middleware\\VerifyCsrfToken.php(87): Illuminate\\Pipeline\\Pipeline->Illuminate\\Pipeline\\{closure}(Object(Illuminate\\Http\\Request))
#30 C:\\laragon\\www\\STIT2\\vendor\\laravel\\framework\\src\\Illuminate\\Pipeline\\Pipeline.php(208): Illuminate\\Foundation\\Http\\Middleware\\VerifyCsrfToken->handle(Object(Illuminate\\Http\\Request), Object(Closure))
#31 C:\\laragon\\www\\STIT2\\vendor\\laravel\\framework\\src\\Illuminate\\View\\Middleware\\ShareErrorsFromSession.php(48): Illuminate\\Pipeline\\Pipeline->Illuminate\\Pipeline\\{closure}(Object(Illuminate\\Http\\Request))
#32 C:\\laragon\\www\\STIT2\\vendor\\laravel\\framework\\src\\Illuminate\\Pipeline\\Pipeline.php(208): Illuminate\\View\\Middleware\\ShareErrorsFromSession->handle(Object(Illuminate\\Http\\Request), Object(Closure))
#33 C:\\laragon\\www\\STIT2\\vendor\\laravel\\framework\\src\\Illuminate\\Session\\Middleware\\StartSession.php(120): Illuminate\\Pipeline\\Pipeline->Illuminate\\Pipeline\\{closure}(Object(Illuminate\\Http\\Request))
#34 C:\\laragon\\www\\STIT2\\vendor\\laravel\\framework\\src\\Illuminate\\Session\\Middleware\\StartSession.php(63): Illuminate\\Session\\Middleware\\StartSession->handleStatefulRequest(Object(Illuminate\\Http\\Request), Object(Illuminate\\Session\\Store), Object(Closure))
#35 C:\\laragon\\www\\STIT2\\vendor\\laravel\\framework\\src\\Illuminate\\Pipeline\\Pipeline.php(208): Illuminate\\Session\\Middleware\\StartSession->handle(Object(Illuminate\\Http\\Request), Object(Closure))
#36 C:\\laragon\\www\\STIT2\\vendor\\laravel\\framework\\src\\Illuminate\\Cookie\\Middleware\\AddQueuedCookiesToResponse.php(36): Illuminate\\Pipeline\\Pipeline->Illuminate\\Pipeline\\{closure}(Object(Illuminate\\Http\\Request))
#37 C:\\laragon\\www\\STIT2\\vendor\\laravel\\framework\\src\\Illuminate\\Pipeline\\Pipeline.php(208): Illuminate\\Cookie\\Middleware\\AddQueuedCookiesToResponse->handle(Object(Illuminate\\Http\\Request), Object(Closure))
#38 C:\\laragon\\www\\STIT2\\vendor\\laravel\\framework\\src\\Illuminate\\Cookie\\Middleware\\EncryptCookies.php(74): Illuminate\\Pipeline\\Pipeline->Illuminate\\Pipeline\\{closure}(Object(Illuminate\\Http\\Request))
#39 C:\\laragon\\www\\STIT2\\vendor\\laravel\\framework\\src\\Illuminate\\Pipeline\\Pipeline.php(208): Illuminate\\Cookie\\Middleware\\EncryptCookies->handle(Object(Illuminate\\Http\\Request), Object(Closure))
#40 C:\\laragon\\www\\STIT2\\vendor\\laravel\\framework\\src\\Illuminate\\Pipeline\\Pipeline.php(126): Illuminate\\Pipeline\\Pipeline->Illuminate\\Pipeline\\{closure}(Object(Illuminate\\Http\\Request))
#41 C:\\laragon\\www\\STIT2\\vendor\\laravel\\framework\\src\\Illuminate\\Routing\\Router.php(807): Illuminate\\Pipeline\\Pipeline->then(Object(Closure))
#42 C:\\laragon\\www\\STIT2\\vendor\\laravel\\framework\\src\\Illuminate\\Routing\\Router.php(786): Illuminate\\Routing\\Router->runRouteWithinStack(Object(Illuminate\\Routing\\Route), Object(Illuminate\\Http\\Request))
#43 C:\\laragon\\www\\STIT2\\vendor\\laravel\\framework\\src\\Illuminate\\Routing\\Router.php(750): Illuminate\\Routing\\Router->runRoute(Object(Illuminate\\Http\\Request), Object(Illuminate\\Routing\\Route))
#44 C:\\laragon\\www\\STIT2\\vendor\\laravel\\framework\\src\\Illuminate\\Routing\\Router.php(739): Illuminate\\Routing\\Router->dispatchToRoute(Object(Illuminate\\Http\\Request))
#45 C:\\laragon\\www\\STIT2\\vendor\\laravel\\framework\\src\\Illuminate\\Foundation\\Http\\Kernel.php(200): Illuminate\\Routing\\Router->dispatch(Object(Illuminate\\Http\\Request))
#46 C:\\laragon\\www\\STIT2\\vendor\\laravel\\framework\\src\\Illuminate\\Pipeline\\Pipeline.php(169): Illuminate\\Foundation\\Http\\Kernel->Illuminate\\Foundation\\Http\\{closure}(Object(Illuminate\\Http\\Request))
#47 C:\\laragon\\www\\STIT2\\vendor\\livewire\\livewire\\src\\Features\\SupportDisablingBackButtonCache\\DisableBackButtonCacheMiddleware.php(19): Illuminate\\Pipeline\\Pipeline->Illuminate\\Pipeline\\{closure}(Object(Illuminate\\Http\\Request))
#48 C:\\laragon\\www\\STIT2\\vendor\\laravel\\framework\\src\\Illuminate\\Pipeline\\Pipeline.php(208): Livewire\\Features\\SupportDisablingBackButtonCache\\DisableBackButtonCacheMiddleware->handle(Object(Illuminate\\Http\\Request), Object(Closure))
#49 C:\\laragon\\www\\STIT2\\vendor\\laravel\\framework\\src\\Illuminate\\Foundation\\Http\\Middleware\\TransformsRequest.php(21): Illuminate\\Pipeline\\Pipeline->Illuminate\\Pipeline\\{closure}(Object(Illuminate\\Http\\Request))
#50 C:\\laragon\\www\\STIT2\\vendor\\laravel\\framework\\src\\Illuminate\\Foundation\\Http\\Middleware\\ConvertEmptyStringsToNull.php(31): Illuminate\\Foundation\\Http\\Middleware\\TransformsRequest->handle(Object(Illuminate\\Http\\Request), Object(Closure))
#51 C:\\laragon\\www\\STIT2\\vendor\\laravel\\framework\\src\\Illuminate\\Pipeline\\Pipeline.php(208): Illuminate\\Foundation\\Http\\Middleware\\ConvertEmptyStringsToNull->handle(Object(Illuminate\\Http\\Request), Object(Closure))
#52 C:\\laragon\\www\\STIT2\\vendor\\laravel\\framework\\src\\Illuminate\\Foundation\\Http\\Middleware\\TransformsRequest.php(21): Illuminate\\Pipeline\\Pipeline->Illuminate\\Pipeline\\{closure}(Object(Illuminate\\Http\\Request))
#53 C:\\laragon\\www\\STIT2\\vendor\\laravel\\framework\\src\\Illuminate\\Foundation\\Http\\Middleware\\TrimStrings.php(51): Illuminate\\Foundation\\Http\\Middleware\\TransformsRequest->handle(Object(Illuminate\\Http\\Request), Object(Closure))
#54 C:\\laragon\\www\\STIT2\\vendor\\laravel\\framework\\src\\Illuminate\\Pipeline\\Pipeline.php(208): Illuminate\\Foundation\\Http\\Middleware\\TrimStrings->handle(Object(Illuminate\\Http\\Request), Object(Closure))
#55 C:\\laragon\\www\\STIT2\\vendor\\laravel\\framework\\src\\Illuminate\\Http\\Middleware\\ValidatePostSize.php(27): Illuminate\\Pipeline\\Pipeline->Illuminate\\Pipeline\\{closure}(Object(Illuminate\\Http\\Request))
#56 C:\\laragon\\www\\STIT2\\vendor\\laravel\\framework\\src\\Illuminate\\Pipeline\\Pipeline.php(208): Illuminate\\Http\\Middleware\\ValidatePostSize->handle(Object(Illuminate\\Http\\Request), Object(Closure))
#57 C:\\laragon\\www\\STIT2\\vendor\\laravel\\framework\\src\\Illuminate\\Foundation\\Http\\Middleware\\PreventRequestsDuringMaintenance.php(109): Illuminate\\Pipeline\\Pipeline->Illuminate\\Pipeline\\{closure}(Object(Illuminate\\Http\\Request))
#58 C:\\laragon\\www\\STIT2\\vendor\\laravel\\framework\\src\\Illuminate\\Pipeline\\Pipeline.php(208): Illuminate\\Foundation\\Http\\Middleware\\PreventRequestsDuringMaintenance->handle(Object(Illuminate\\Http\\Request), Object(Closure))
#59 C:\\laragon\\www\\STIT2\\vendor\\laravel\\framework\\src\\Illuminate\\Http\\Middleware\\HandleCors.php(48): Illuminate\\Pipeline\\Pipeline->Illuminate\\Pipeline\\{closure}(Object(Illuminate\\Http\\Request))
#60 C:\\laragon\\www\\STIT2\\vendor\\laravel\\framework\\src\\Illuminate\\Pipeline\\Pipeline.php(208): Illuminate\\Http\\Middleware\\HandleCors->handle(Object(Illuminate\\Http\\Request), Object(Closure))
#61 C:\\laragon\\www\\STIT2\\vendor\\laravel\\framework\\src\\Illuminate\\Http\\Middleware\\TrustProxies.php(58): Illuminate\\Pipeline\\Pipeline->Illuminate\\Pipeline\\{closure}(Object(Illuminate\\Http\\Request))
#62 C:\\laragon\\www\\STIT2\\vendor\\laravel\\framework\\src\\Illuminate\\Pipeline\\Pipeline.php(208): Illuminate\\Http\\Middleware\\TrustProxies->handle(Object(Illuminate\\Http\\Request), Object(Closure))
#63 C:\\laragon\\www\\STIT2\\vendor\\laravel\\framework\\src\\Illuminate\\Foundation\\Http\\Middleware\\InvokeDeferredCallbacks.php(22): Illuminate\\Pipeline\\Pipeline->Illuminate\\Pipeline\\{closure}(Object(Illuminate\\Http\\Request))
#64 C:\\laragon\\www\\STIT2\\vendor\\laravel\\framework\\src\\Illuminate\\Pipeline\\Pipeline.php(208): Illuminate\\Foundation\\Http\\Middleware\\InvokeDeferredCallbacks->handle(Object(Illuminate\\Http\\Request), Object(Closure))
#65 C:\\laragon\\www\\STIT2\\vendor\\laravel\\framework\\src\\Illuminate\\Http\\Middleware\\ValidatePathEncoding.php(26): Illuminate\\Pipeline\\Pipeline->Illuminate\\Pipeline\\{closure}(Object(Illuminate\\Http\\Request))
#66 C:\\laragon\\www\\STIT2\\vendor\\laravel\\framework\\src\\Illuminate\\Pipeline\\Pipeline.php(208): Illuminate\\Http\\Middleware\\ValidatePathEncoding->handle(Object(Illuminate\\Http\\Request), Object(Closure))
#67 C:\\laragon\\www\\STIT2\\vendor\\laravel\\framework\\src\\Illuminate\\Pipeline\\Pipeline.php(126): Illuminate\\Pipeline\\Pipeline->Illuminate\\Pipeline\\{closure}(Object(Illuminate\\Http\\Request))
#68 C:\\laragon\\www\\STIT2\\vendor\\laravel\\framework\\src\\Illuminate\\Foundation\\Http\\Kernel.php(175): Illuminate\\Pipeline\\Pipeline->then(Object(Closure))
#69 C:\\laragon\\www\\STIT2\\vendor\\laravel\\framework\\src\\Illuminate\\Foundation\\Http\\Kernel.php(144): Illuminate\\Foundation\\Http\\Kernel->sendRequestThroughRouter(Object(Illuminate\\Http\\Request))
#70 C:\\laragon\\www\\STIT2\\public\\index.php(51): Illuminate\\Foundation\\Http\\Kernel->handle(Object(Illuminate\\Http\\Request))
#71 C:\\laragon\\www\\STIT2\\vendor\\laravel\\framework\\src\\Illuminate\\Foundation\\resources\\server.php(23): require_once('C:\\\\laragon\\\\www\\\\...')
#72 {main}
"} 
[2026-09-17 10:59:19] local.ERROR: Undefined variable $spref {"view":{"view":"C:\\laragon\\www\\STIT2\\resources\\views\\core-themes\\core-mainpage.blade.php","data":{"errors":"<pre class=sf-dump id=sf-dump-463338956 data-indent-pad=\"  \"><span class=sf-dump-note>Illuminate\\Support\\ViewErrorBag</span> {<a class=sf-dump-ref>#850</a><samp data-depth=1 class=sf-dump-expanded>
  #<span class=sf-dump-protected title=\"Protected property\">bags</span>: []
</samp>}
</pre><script>Sfdump(\"sf-dump-463338956\", {\"maxDepth\":3,\"maxStringLength\":160})</script>
","webs":"<pre class=sf-dump id=sf-dump-331537052 data-indent-pad=\"  \"><span class=sf-dump-note>App\\Models\\Pengaturan\\WebSetting</span> {<a class=sf-dump-ref>#893</a><samp data-depth=1 class=sf-dump-expanded>
  #<span class=sf-dump-protected title=\"Protected property\">connection</span>: \"<span class=sf-dump-str title=\"5 characters\">mysql</span>\"
  #<span class=sf-dump-protected title=\"Protected property\">table</span>: \"<span class=sf-dump-str title=\"12 characters\">web_settings</span>\"
  #<span class=sf-dump-protected title=\"Protected property\">primaryKey</span>: \"<span class=sf-dump-str title=\"2 characters\">id</span>\"
  #<span class=sf-dump-protected title=\"Protected property\">keyType</span>: \"<span class=sf-dump-str title=\"3 characters\">int</span>\"
  +<span class=sf-dump-public title=\"Public property\">incrementing</span>: <span class=sf-dump-const>true</span>
  #<span class=sf-dump-protected title=\"Protected property\">with</span>: []
  #<span class=sf-dump-protected title=\"Protected property\">withCount</span>: []
  +<span class=sf-dump-public title=\"Public property\">preventsLazyLoading</span>: <span class=sf-dump-const>false</span>
  #<span class=sf-dump-protected title=\"Protected property\">perPage</span>: <span class=sf-dump-num>15</span>
  +<span class=sf-dump-public title=\"Public property\">exists</span>: <span class=sf-dump-const>true</span>
  +<span class=sf-dump-public title=\"Public property\">wasRecentlyCreated</span>: <span class=sf-dump-const>false</span>
  #<span class=sf-dump-protected title=\"Protected property\">escapeWhenCastingToString</span>: <span class=sf-dump-const>false</span>
  #<span class=sf-dump-protected title=\"Protected property\">attributes</span>: <span class=sf-dump-note>array:28</span> [<samp data-depth=2 class=sf-dump-compact>
    \"<span class=sf-dump-key>id</span>\" => <span class=sf-dump-num>1</span>
    \"<span class=sf-dump-key>taka_now</span>\" => <span class=sf-dump-num>2026</span>
    \"<span class=sf-dump-key>school_apps</span>\" => \"<span class=sf-dump-str title=\"11 characters\">SIAKAD STIT</span>\"
    \"<span class=sf-dump-key>school_name</span>\" => \"<span class=sf-dump-str title=\"15 characters\">STIT Darul Ilmi</span>\"
    \"<span class=sf-dump-key>school_head</span>\" => \"<span class=sf-dump-str title=\"34 characters\">Dr. H Dudung Rachmat Hidayat, M.Pd</span>\"
    \"<span class=sf-dump-key>school_link</span>\" => \"<span class=sf-dump-str title=\"33 characters\">http://siakad-stit-darul-ilmi.com</span>\"
    \"<span class=sf-dump-key>school_desc</span>\" => \"<span class=sf-dump-str title=\"58 characters\">Mencetak Manajer Pendidikan Islam Profesional dan Visioner</span>\"
    \"<span class=sf-dump-key>school_logo_vert</span>\" => \"<span class=sf-dump-str title=\"13 characters\">logo-vert.png</span>\"
    \"<span class=sf-dump-key>school_logo_hori</span>\" => \"<span class=sf-dump-str title=\"13 characters\">logo-hori.png</span>\"
    \"<span class=sf-dump-key>school_email</span>\" => \"<span class=sf-dump-str title=\"20 characters\">mjaya69703@gmail.com</span>\"
    \"<span class=sf-dump-key>school_phone</span>\" => \"<span class=sf-dump-str title=\"14 characters\">+6281234567895</span>\"
    \"<span class=sf-dump-key>school_address</span>\" => \"<span class=sf-dump-str title=\"76 characters\">Jl. Cirahayu, Sindangraja, Jamanis, Kabbupaten Tasikmalaya, jawa Barat 46175</span>\"
    \"<span class=sf-dump-key>school_longitude</span>\" => \"<span class=sf-dump-str title=\"9 characters\">-7.266670</span>\"
    \"<span class=sf-dump-key>school_latitude</span>\" => \"<span class=sf-dump-str title=\"10 characters\">110.416670</span>\"
    \"<span class=sf-dump-key>social_fb</span>\" => \"<span class=sf-dump-str title=\"30 characters\">https://facebook.com/kyouma052</span>\"
    \"<span class=sf-dump-key>social_ig</span>\" => \"<span class=sf-dump-str title=\"32 characters\">https://instagram.com/mjaya69703</span>\"
    \"<span class=sf-dump-key>social_in</span>\" => \"<span class=sf-dump-str title=\"37 characters\">https://id.linkedin.com/in/mjaya69703</span>\"
    \"<span class=sf-dump-key>social_tw</span>\" => \"<span class=sf-dump-str title=\"24 characters\">https://x.com/mjaya69703</span>\"
    \"<span class=sf-dump-key>maintenance_mode</span>\" => <span class=sf-dump-num>0</span>
    \"<span class=sf-dump-key>enable_captcha</span>\" => <span class=sf-dump-num>0</span>
    \"<span class=sf-dump-key>max_login_attempts</span>\" => <span class=sf-dump-num>5</span>
    \"<span class=sf-dump-key>login_decay_seconds</span>\" => <span class=sf-dump-num>60</span>
    \"<span class=sf-dump-key>created_at</span>\" => \"<span class=sf-dump-str title=\"19 characters\">2026-09-16 13:20:54</span>\"
    \"<span class=sf-dump-key>updated_at</span>\" => \"<span class=sf-dump-str title=\"19 characters\">2026-09-17 10:56:44</span>\"
    \"<span class=sf-dump-key>deleted_at</span>\" => <span class=sf-dump-const>null</span>
    \"<span class=sf-dump-key>created_by</span>\" => <span class=sf-dump-const>null</span>
    \"<span class=sf-dump-key>updated_by</span>\" => <span class=sf-dump-const>null</span>
    \"<span class=sf-dump-key>deleted_by</span>\" => <span class=sf-dump-const>null</span>
  </samp>]
  #<span class=sf-dump-protected title=\"Protected property\">original</span>: <span class=sf-dump-note>array:28</span> [<samp data-depth=2 class=sf-dump-compact>
    \"<span class=sf-dump-key>id</span>\" => <span class=sf-dump-num>1</span>
    \"<span class=sf-dump-key>taka_now</span>\" => <span class=sf-dump-num>2026</span>
    \"<span class=sf-dump-key>school_apps</span>\" => \"<span class=sf-dump-str title=\"11 characters\">SIAKAD STIT</span>\"
    \"<span class=sf-dump-key>school_name</span>\" => \"<span class=sf-dump-str title=\"15 characters\">STIT Darul Ilmi</span>\"
    \"<span class=sf-dump-key>school_head</span>\" => \"<span class=sf-dump-str title=\"34 characters\">Dr. H Dudung Rachmat Hidayat, M.Pd</span>\"
    \"<span class=sf-dump-key>school_link</span>\" => \"<span class=sf-dump-str title=\"33 characters\">http://siakad-stit-darul-ilmi.com</span>\"
    \"<span class=sf-dump-key>school_desc</span>\" => \"<span class=sf-dump-str title=\"58 characters\">Mencetak Manajer Pendidikan Islam Profesional dan Visioner</span>\"
    \"<span class=sf-dump-key>school_logo_vert</span>\" => \"<span class=sf-dump-str title=\"13 characters\">logo-vert.png</span>\"
    \"<span class=sf-dump-key>school_logo_hori</span>\" => \"<span class=sf-dump-str title=\"13 characters\">logo-hori.png</span>\"
    \"<span class=sf-dump-key>school_email</span>\" => \"<span class=sf-dump-str title=\"20 characters\">mjaya69703@gmail.com</span>\"
    \"<span class=sf-dump-key>school_phone</span>\" => \"<span class=sf-dump-str title=\"14 characters\">+6281234567895</span>\"
    \"<span class=sf-dump-key>school_address</span>\" => \"<span class=sf-dump-str title=\"76 characters\">Jl. Cirahayu, Sindangraja, Jamanis, Kabbupaten Tasikmalaya, jawa Barat 46175</span>\"
    \"<span class=sf-dump-key>school_longitude</span>\" => \"<span class=sf-dump-str title=\"9 characters\">-7.266670</span>\"
    \"<span class=sf-dump-key>school_latitude</span>\" => \"<span class=sf-dump-str title=\"10 characters\">110.416670</span>\"
    \"<span class=sf-dump-key>social_fb</span>\" => \"<span class=sf-dump-str title=\"30 characters\">https://facebook.com/kyouma052</span>\"
    \"<span class=sf-dump-key>social_ig</span>\" => \"<span class=sf-dump-str title=\"32 characters\">https://instagram.com/mjaya69703</span>\"
    \"<span class=sf-dump-key>social_in</span>\" => \"<span class=sf-dump-str title=\"37 characters\">https://id.linkedin.com/in/mjaya69703</span>\"
    \"<span class=sf-dump-key>social_tw</span>\" => \"<span class=sf-dump-str title=\"24 characters\">https://x.com/mjaya69703</span>\"
    \"<span class=sf-dump-key>maintenance_mode</span>\" => <span class=sf-dump-num>0</span>
    \"<span class=sf-dump-key>enable_captcha</span>\" => <span class=sf-dump-num>0</span>
    \"<span class=sf-dump-key>max_login_attempts</span>\" => <span class=sf-dump-num>5</span>
    \"<span class=sf-dump-key>login_decay_seconds</span>\" => <span class=sf-dump-num>60</span>
    \"<span class=sf-dump-key>created_at</span>\" => \"<span class=sf-dump-str title=\"19 characters\">2026-09-16 13:20:54</span>\"
    \"<span class=sf-dump-key>updated_at</span>\" => \"<span class=sf-dump-str title=\"19 characters\">2026-09-17 10:56:44</span>\"
    \"<span class=sf-dump-key>deleted_at</span>\" => <span class=sf-dump-const>null</span>
    \"<span class=sf-dump-key>created_by</span>\" => <span class=sf-dump-const>null</span>
    \"<span class=sf-dump-key>updated_by</span>\" => <span class=sf-dump-const>null</span>
    \"<span class=sf-dump-key>deleted_by</span>\" => <span class=sf-dump-const>null</span>
  </samp>]
  #<span class=sf-dump-protected title=\"Protected property\">changes</span>: []
  #<span class=sf-dump-protected title=\"Protected property\">previous</span>: []
  #<span class=sf-dump-protected title=\"Protected property\">casts</span>: <span class=sf-dump-note>array:1</span> [<samp data-depth=2 class=sf-dump-compact>
    \"<span class=sf-dump-key>deleted_at</span>\" => \"<span class=sf-dump-str title=\"8 characters\">datetime</span>\"
  </samp>]
  #<span class=sf-dump-protected title=\"Protected property\">classCastCache</span>: []
  #<span class=sf-dump-protected title=\"Protected property\">attributeCastCache</span>: []
  #<span class=sf-dump-protected title=\"Protected property\">dateFormat</span>: <span class=sf-dump-const>null</span>
  #<span class=sf-dump-protected title=\"Protected property\">appends</span>: []
  #<span class=sf-dump-protected title=\"Protected property\">dispatchesEvents</span>: []
  #<span class=sf-dump-protected title=\"Protected property\">observables</span>: []
  #<span class=sf-dump-protected title=\"Protected property\">relations</span>: []
  #<span class=sf-dump-protected title=\"Protected property\">touches</span>: []
  #<span class=sf-dump-protected title=\"Protected property\">relationAutoloadCallback</span>: <span class=sf-dump-const>null</span>
  #<span class=sf-dump-protected title=\"Protected property\">relationAutoloadContext</span>: <span class=sf-dump-const>null</span>
  +<span class=sf-dump-public title=\"Public property\">timestamps</span>: <span class=sf-dump-const>true</span>
  +<span class=sf-dump-public title=\"Public property\">usesUniqueIds</span>: <span class=sf-dump-const>false</span>
  #<span class=sf-dump-protected title=\"Protected property\">hidden</span>: []
  #<span class=sf-dump-protected title=\"Protected property\">visible</span>: []
  #<span class=sf-dump-protected title=\"Protected property\">fillable</span>: []
  #<span class=sf-dump-protected title=\"Protected property\">guarded</span>: []
  #<span class=sf-dump-protected title=\"Protected property\">forceDeleting</span>: <span class=sf-dump-const>false</span>
</samp>}
</pre><script>Sfdump(\"sf-dump-331537052\", {\"maxDepth\":3,\"maxStringLength\":160})</script>
","menus":"<pre class=sf-dump id=sf-dump-1695934763 data-indent-pad=\"  \">\"<span class=sf-dump-str title=\"9 characters\">Institusi</span>\"
</pre><script>Sfdump(\"sf-dump-1695934763\", {\"maxDepth\":3,\"maxStringLength\":160})</script>
","pages":"<pre class=sf-dump id=sf-dump-723356094 data-indent-pad=\"  \">\"<span class=sf-dump-str title=\"11 characters\">Visi &amp; Misi</span>\"
</pre><script>Sfdump(\"sf-dump-723356094\", {\"maxDepth\":3,\"maxStringLength\":160})</script>
","academy":"<pre class=sf-dump id=sf-dump-245600990 data-indent-pad=\"  \">\"<span class=sf-dump-str title=\"30 characters\">SIAKAD STIT by STIT Darul Ilmi</span>\"
</pre><script>Sfdump(\"sf-dump-245600990\", {\"maxDepth\":3,\"maxStringLength\":160})</script>
","info":"<pre class=sf-dump id=sf-dump-583512610 data-indent-pad=\"  \"><span class=sf-dump-note>array:4</span> [<samp data-depth=1 class=sf-dump-expanded>
  \"<span class=sf-dump-key>title</span>\" => \"<span class=sf-dump-str title=\"11 characters\">Visi &amp; Misi</span>\"
  \"<span class=sf-dump-key>heading</span>\" => \"<span class=sf-dump-str title=\"11 characters\">Visi &amp; Misi</span>\"
  \"<span class=sf-dump-key>vision</span>\" => \"<span class=sf-dump-str title=\"151 characters\">Menjadi perguruan tinggi yang unggul, berintegritas, adaptif terhadap perkembangan ilmu pengetahuan dan teknologi, serta berkontribusi bagi masyarakat.</span>\"
  \"<span class=sf-dump-key>missions</span>\" => <span class=sf-dump-note>array:4</span> [<samp data-depth=2 class=sf-dump-compact>
    <span class=sf-dump-index>0</span> => \"<span class=sf-dump-str title=\"88 characters\">Menyelenggarakan pendidikan tinggi yang bermutu dan relevan dengan kebutuhan masyarakat.</span>\"
    <span class=sf-dump-index>1</span> => \"<span class=sf-dump-str title=\"79 characters\">Mengembangkan penelitian dan pengabdian kepada masyarakat secara berkelanjutan.</span>\"
    <span class=sf-dump-index>2</span> => \"<span class=sf-dump-str title=\"94 characters\">Membangun tata kelola perguruan tinggi yang transparan, akuntabel, dan berorientasi pada mutu.</span>\"
    <span class=sf-dump-index>3</span> => \"<span class=sf-dump-str title=\"83 characters\">Mendorong pengembangan karakter, kompetensi, dan profesionalitas sivitas akademika.</span>\"
  </samp>]
</samp>]
</pre><script>Sfdump(\"sf-dump-583512610\", {\"maxDepth\":3,\"maxStringLength\":160})</script>
","user":"<pre class=sf-dump id=sf-dump-956897385 data-indent-pad=\"  \"><span class=sf-dump-note>App\\Models\\User</span> {<a class=sf-dump-ref>#911</a><samp data-depth=1 class=sf-dump-expanded>
  #<span class=sf-dump-protected title=\"Protected property\">connection</span>: \"<span class=sf-dump-str title=\"5 characters\">mysql</span>\"
  #<span class=sf-dump-protected title=\"Protected property\">table</span>: \"<span class=sf-dump-str title=\"5 characters\">users</span>\"
  #<span class=sf-dump-protected title=\"Protected property\">primaryKey</span>: \"<span class=sf-dump-str title=\"2 characters\">id</span>\"
  #<span class=sf-dump-protected title=\"Protected property\">keyType</span>: \"<span class=sf-dump-str title=\"3 characters\">int</span>\"
  +<span class=sf-dump-public title=\"Public property\">incrementing</span>: <span class=sf-dump-const>true</span>
  #<span class=sf-dump-protected title=\"Protected property\">with</span>: []
  #<span class=sf-dump-protected title=\"Protected property\">withCount</span>: []
  +<span class=sf-dump-public title=\"Public property\">preventsLazyLoading</span>: <span class=sf-dump-const>false</span>
  #<span class=sf-dump-protected title=\"Protected property\">perPage</span>: <span class=sf-dump-num>15</span>
  +<span class=sf-dump-public title=\"Public property\">exists</span>: <span class=sf-dump-const>true</span>
  +<span class=sf-dump-public title=\"Public property\">wasRecentlyCreated</span>: <span class=sf-dump-const>false</span>
  #<span class=sf-dump-protected title=\"Protected property\">escapeWhenCastingToString</span>: <span class=sf-dump-const>false</span>
  #<span class=sf-dump-protected title=\"Protected property\">attributes</span>: <span class=sf-dump-note>array:70</span> [<samp data-depth=2 class=sf-dump-compact>
    \"<span class=sf-dump-key>id</span>\" => <span class=sf-dump-num>1</span>
    \"<span class=sf-dump-key>type</span>\" => <span class=sf-dump-num>0</span>
    \"<span class=sf-dump-key>name</span>\" => \"<span class=sf-dump-str title=\"13 characters\">Administrator</span>\"
    \"<span class=sf-dump-key>photo</span>\" => \"<span class=sf-dump-str title=\"35 characters\">1789567457-nCpmd7-6aaaa1e10df6a.jpg</span>\"
    \"<span class=sf-dump-key>username</span>\" => \"<span class=sf-dump-str title=\"5 characters\">admin</span>\"
    \"<span class=sf-dump-key>phone</span>\" => \"<span class=sf-dump-str title=\"13 characters\">6280012345660</span>\"
    \"<span class=sf-dump-key>email</span>\" => \"<span class=sf-dump-str title=\"20 characters\">mjaya69703@gmail.com</span>\"
    \"<span class=sf-dump-key>link_ig</span>\" => <span class=sf-dump-const>null</span>
    \"<span class=sf-dump-key>link_fb</span>\" => <span class=sf-dump-const>null</span>
    \"<span class=sf-dump-key>link_in</span>\" => <span class=sf-dump-const>null</span>
    \"<span class=sf-dump-key>bio_blood</span>\" => <span class=sf-dump-const>null</span>
    \"<span class=sf-dump-key>bio_height</span>\" => <span class=sf-dump-const>null</span>
    \"<span class=sf-dump-key>bio_weight</span>\" => <span class=sf-dump-const>null</span>
    \"<span class=sf-dump-key>bio_gender</span>\" => \"<span class=sf-dump-str title=\"9 characters\">Laki-laki</span>\"
    \"<span class=sf-dump-key>bio_religion</span>\" => <span class=sf-dump-const>null</span>
    \"<span class=sf-dump-key>bio_placebirth</span>\" => <span class=sf-dump-const>null</span>
    \"<span class=sf-dump-key>bio_nationality</span>\" => <span class=sf-dump-const>null</span>
    \"<span class=sf-dump-key>bio_datebirth</span>\" => <span class=sf-dump-const>null</span>
    \"<span class=sf-dump-key>numb_kk</span>\" => \"<span class=sf-dump-str title=\"11 characters\">11111111111</span>\"
    \"<span class=sf-dump-key>numb_ktp</span>\" => \"<span class=sf-dump-str title=\"15 characters\">122222222222222</span>\"
    \"<span class=sf-dump-key>numb_npsn</span>\" => <span class=sf-dump-const>null</span>
    \"<span class=sf-dump-key>numb_nitk</span>\" => \"<span class=sf-dump-str title=\"18 characters\">111111111111111111</span>\"
    \"<span class=sf-dump-key>numb_staff</span>\" => \"<span class=sf-dump-str>1</span>\"
    \"<span class=sf-dump-key>code</span>\" => \"<span class=sf-dump-str title=\"6 characters\">nCpmd7</span>\"
    \"<span class=sf-dump-key>password</span>\" => \"<span class=sf-dump-str title=\"60 characters\">$2y$12$mnKBaJy5agivF1/4zLseMeoqD2xAJLAj6mMPIrNie8JoMMteyCmM2</span>\"
    \"<span class=sf-dump-key>fst_setup</span>\" => <span class=sf-dump-num>0</span>
    \"<span class=sf-dump-key>tfa_setup</span>\" => <span class=sf-dump-num>0</span>
    \"<span class=sf-dump-key>ktp_addres</span>\" => \"\"\"
      <span class=sf-dump-str title=\"65 characters\">Cirahayu No. 104 RT/RW 03/010 Desa Sindangraja<span class=\"sf-dump-default sf-dump-ns\">\\r\\n</span></span>
      <span class=sf-dump-str title=\"65 characters\">Kecamatan Jamanis</span>
      \"\"\"
    \"<span class=sf-dump-key>ktp_rt</span>\" => \"<span class=sf-dump-str title=\"2 characters\">03</span>\"
    \"<span class=sf-dump-key>ktp_rw</span>\" => \"<span class=sf-dump-str title=\"3 characters\">010</span>\"
    \"<span class=sf-dump-key>ktp_village</span>\" => <span class=sf-dump-const>null</span>
    \"<span class=sf-dump-key>ktp_subdistrict</span>\" => \"<span class=sf-dump-str title=\"7 characters\">Jamanis</span>\"
    \"<span class=sf-dump-key>ktp_poscode</span>\" => \"<span class=sf-dump-str title=\"5 characters\">46175</span>\"
    \"<span class=sf-dump-key>ktp_city</span>\" => \"<span class=sf-dump-str title=\"21 characters\">Kabupaten Tasikmalaya</span>\"
    \"<span class=sf-dump-key>ktp_province</span>\" => \"<span class=sf-dump-str title=\"10 characters\">Jawa Barat</span>\"
    \"<span class=sf-dump-key>domicile_same</span>\" => \"<span class=sf-dump-str title=\"3 characters\">Yes</span>\"
    \"<span class=sf-dump-key>domicile_addres</span>\" => <span class=sf-dump-const>null</span>
    \"<span class=sf-dump-key>domicile_rt</span>\" => <span class=sf-dump-const>null</span>
    \"<span class=sf-dump-key>domicile_rw</span>\" => <span class=sf-dump-const>null</span>
    \"<span class=sf-dump-key>domicile_village</span>\" => <span class=sf-dump-const>null</span>
    \"<span class=sf-dump-key>domicile_subdistrict</span>\" => <span class=sf-dump-const>null</span>
    \"<span class=sf-dump-key>domicile_poscode</span>\" => <span class=sf-dump-const>null</span>
    \"<span class=sf-dump-key>domicile_city</span>\" => <span class=sf-dump-const>null</span>
    \"<span class=sf-dump-key>domicile_province</span>\" => <span class=sf-dump-const>null</span>
    \"<span class=sf-dump-key>google_id</span>\" => <span class=sf-dump-const>null</span>
    \"<span class=sf-dump-key>google_token</span>\" => <span class=sf-dump-const>null</span>
    \"<span class=sf-dump-key>google_refresh_token</span>\" => <span class=sf-dump-const>null</span>
    \"<span class=sf-dump-key>title_front</span>\" => <span class=sf-dump-const>null</span>
    \"<span class=sf-dump-key>title_behind</span>\" => <span class=sf-dump-const>null</span>
    \"<span class=sf-dump-key>edu1_type</span>\" => \"<span class=sf-dump-str title=\"7 characters\">SMA/SMK</span>\"
    \"<span class=sf-dump-key>edu1_place</span>\" => \"<span class=sf-dump-str title=\"6 characters\">SMAN 2</span>\"
    \"<span class=sf-dump-key>edu1_major</span>\" => \"<span class=sf-dump-str title=\"3 characters\">IPS</span>\"
    \"<span class=sf-dump-key>edu1_average_score</span>\" => \"<span class=sf-dump-str title=\"3 characters\">3.7</span>\"
    \"<span class=sf-dump-key>edu1_graduate_year</span>\" => \"<span class=sf-dump-str title=\"4 characters\">2002</span>\"
    \"<span class=sf-dump-key>edu2_type</span>\" => \"<span class=sf-dump-str title=\"7 characters\">SMA/SMK</span>\"
    \"<span class=sf-dump-key>edu2_place</span>\" => \"<span class=sf-dump-str title=\"3 characters\">DCI</span>\"
    \"<span class=sf-dump-key>edu2_major</span>\" => \"<span class=sf-dump-str title=\"10 characters\">Informatic</span>\"
    \"<span class=sf-dump-key>edu2_average_score</span>\" => \"<span class=sf-dump-str title=\"3 characters\">3.7</span>\"
    \"<span class=sf-dump-key>edu2_graduate_year</span>\" => \"<span class=sf-dump-str title=\"4 characters\">2004</span>\"
    \"<span class=sf-dump-key>edu3_type</span>\" => \"<span class=sf-dump-str title=\"7 characters\">SMA/SMK</span>\"
    \"<span class=sf-dump-key>edu3_place</span>\" => <span class=sf-dump-const>null</span>
    \"<span class=sf-dump-key>edu3_major</span>\" => <span class=sf-dump-const>null</span>
    \"<span class=sf-dump-key>edu3_average_score</span>\" => <span class=sf-dump-const>null</span>
    \"<span class=sf-dump-key>edu3_graduate_year</span>\" => <span class=sf-dump-const>null</span>
    \"<span class=sf-dump-key>created_at</span>\" => \"<span class=sf-dump-str title=\"19 characters\">2026-09-16 13:10:12</span>\"
    \"<span class=sf-dump-key>updated_at</span>\" => \"<span class=sf-dump-str title=\"19 characters\">2026-09-16 21:04:17</span>\"
    \"<span class=sf-dump-key>deleted_at</span>\" => <span class=sf-dump-const>null</span>
    \"<span class=sf-dump-key>created_by</span>\" => <span class=sf-dump-const>null</span>
    \"<span class=sf-dump-key>updated_by</span>\" => <span class=sf-dump-const>null</span>
    \"<span class=sf-dump-key>deleted_by</span>\" => <span class=sf-dump-const>null</span>
  </samp>]
  #<span class=sf-dump-protected title=\"Protected property\">original</span>: <span class=sf-dump-note>array:70</span> [<samp data-depth=2 class=sf-dump-compact>
    \"<span class=sf-dump-key>id</span>\" => <span class=sf-dump-num>1</span>
    \"<span class=sf-dump-key>type</span>\" => <span class=sf-dump-num>0</span>
    \"<span class=sf-dump-key>name</span>\" => \"<span class=sf-dump-str title=\"13 characters\">Administrator</span>\"
    \"<span class=sf-dump-key>photo</span>\" => \"<span class=sf-dump-str title=\"35 characters\">1789567457-nCpmd7-6aaaa1e10df6a.jpg</span>\"
    \"<span class=sf-dump-key>username</span>\" => \"<span class=sf-dump-str title=\"5 characters\">admin</span>\"
    \"<span class=sf-dump-key>phone</span>\" => \"<span class=sf-dump-str title=\"13 characters\">6280012345660</span>\"
    \"<span class=sf-dump-key>email</span>\" => \"<span class=sf-dump-str title=\"20 characters\">mjaya69703@gmail.com</span>\"
    \"<span class=sf-dump-key>link_ig</span>\" => <span class=sf-dump-const>null</span>
    \"<span class=sf-dump-key>link_fb</span>\" => <span class=sf-dump-const>null</span>
    \"<span class=sf-dump-key>link_in</span>\" => <span class=sf-dump-const>null</span>
    \"<span class=sf-dump-key>bio_blood</span>\" => <span class=sf-dump-const>null</span>
    \"<span class=sf-dump-key>bio_height</span>\" => <span class=sf-dump-const>null</span>
    \"<span class=sf-dump-key>bio_weight</span>\" => <span class=sf-dump-const>null</span>
    \"<span class=sf-dump-key>bio_gender</span>\" => \"<span class=sf-dump-str title=\"9 characters\">Laki-laki</span>\"
    \"<span class=sf-dump-key>bio_religion</span>\" => <span class=sf-dump-const>null</span>
    \"<span class=sf-dump-key>bio_placebirth</span>\" => <span class=sf-dump-const>null</span>
    \"<span class=sf-dump-key>bio_nationality</span>\" => <span class=sf-dump-const>null</span>
    \"<span class=sf-dump-key>bio_datebirth</span>\" => <span class=sf-dump-const>null</span>
    \"<span class=sf-dump-key>numb_kk</span>\" => \"<span class=sf-dump-str title=\"11 characters\">11111111111</span>\"
    \"<span class=sf-dump-key>numb_ktp</span>\" => \"<span class=sf-dump-str title=\"15 characters\">122222222222222</span>\"
    \"<span class=sf-dump-key>numb_npsn</span>\" => <span class=sf-dump-const>null</span>
    \"<span class=sf-dump-key>numb_nitk</span>\" => \"<span class=sf-dump-str title=\"18 characters\">111111111111111111</span>\"
    \"<span class=sf-dump-key>numb_staff</span>\" => \"<span class=sf-dump-str>1</span>\"
    \"<span class=sf-dump-key>code</span>\" => \"<span class=sf-dump-str title=\"6 characters\">nCpmd7</span>\"
    \"<span class=sf-dump-key>password</span>\" => \"<span class=sf-dump-str title=\"60 characters\">$2y$12$mnKBaJy5agivF1/4zLseMeoqD2xAJLAj6mMPIrNie8JoMMteyCmM2</span>\"
    \"<span class=sf-dump-key>fst_setup</span>\" => <span class=sf-dump-num>0</span>
    \"<span class=sf-dump-key>tfa_setup</span>\" => <span class=sf-dump-num>0</span>
    \"<span class=sf-dump-key>ktp_addres</span>\" => \"\"\"
      <span class=sf-dump-str title=\"65 characters\">Cirahayu No. 104 RT/RW 03/010 Desa Sindangraja<span class=\"sf-dump-default sf-dump-ns\">\\r\\n</span></span>
      <span class=sf-dump-str title=\"65 characters\">Kecamatan Jamanis</span>
      \"\"\"
    \"<span class=sf-dump-key>ktp_rt</span>\" => \"<span class=sf-dump-str title=\"2 characters\">03</span>\"
    \"<span class=sf-dump-key>ktp_rw</span>\" => \"<span class=sf-dump-str title=\"3 characters\">010</span>\"
    \"<span class=sf-dump-key>ktp_village</span>\" => <span class=sf-dump-const>null</span>
    \"<span class=sf-dump-key>ktp_subdistrict</span>\" => \"<span class=sf-dump-str title=\"7 characters\">Jamanis</span>\"
    \"<span class=sf-dump-key>ktp_poscode</span>\" => \"<span class=sf-dump-str title=\"5 characters\">46175</span>\"
    \"<span class=sf-dump-key>ktp_city</span>\" => \"<span class=sf-dump-str title=\"21 characters\">Kabupaten Tasikmalaya</span>\"
    \"<span class=sf-dump-key>ktp_province</span>\" => \"<span class=sf-dump-str title=\"10 characters\">Jawa Barat</span>\"
    \"<span class=sf-dump-key>domicile_same</span>\" => \"<span class=sf-dump-str title=\"3 characters\">Yes</span>\"
    \"<span class=sf-dump-key>domicile_addres</span>\" => <span class=sf-dump-const>null</span>
    \"<span class=sf-dump-key>domicile_rt</span>\" => <span class=sf-dump-const>null</span>
    \"<span class=sf-dump-key>domicile_rw</span>\" => <span class=sf-dump-const>null</span>
    \"<span class=sf-dump-key>domicile_village</span>\" => <span class=sf-dump-const>null</span>
    \"<span class=sf-dump-key>domicile_subdistrict</span>\" => <span class=sf-dump-const>null</span>
    \"<span class=sf-dump-key>domicile_poscode</span>\" => <span class=sf-dump-const>null</span>
    \"<span class=sf-dump-key>domicile_city</span>\" => <span class=sf-dump-const>null</span>
    \"<span class=sf-dump-key>domicile_province</span>\" => <span class=sf-dump-const>null</span>
    \"<span class=sf-dump-key>google_id</span>\" => <span class=sf-dump-const>null</span>
    \"<span class=sf-dump-key>google_token</span>\" => <span class=sf-dump-const>null</span>
    \"<span class=sf-dump-key>google_refresh_token</span>\" => <span class=sf-dump-const>null</span>
    \"<span class=sf-dump-key>title_front</span>\" => <span class=sf-dump-const>null</span>
    \"<span class=sf-dump-key>title_behind</span>\" => <span class=sf-dump-const>null</span>
    \"<span class=sf-dump-key>edu1_type</span>\" => \"<span class=sf-dump-str title=\"7 characters\">SMA/SMK</span>\"
    \"<span class=sf-dump-key>edu1_place</span>\" => \"<span class=sf-dump-str title=\"6 characters\">SMAN 2</span>\"
    \"<span class=sf-dump-key>edu1_major</span>\" => \"<span class=sf-dump-str title=\"3 characters\">IPS</span>\"
    \"<span class=sf-dump-key>edu1_average_score</span>\" => \"<span class=sf-dump-str title=\"3 characters\">3.7</span>\"
    \"<span class=sf-dump-key>edu1_graduate_year</span>\" => \"<span class=sf-dump-str title=\"4 characters\">2002</span>\"
    \"<span class=sf-dump-key>edu2_type</span>\" => \"<span class=sf-dump-str title=\"7 characters\">SMA/SMK</span>\"
    \"<span class=sf-dump-key>edu2_place</span>\" => \"<span class=sf-dump-str title=\"3 characters\">DCI</span>\"
    \"<span class=sf-dump-key>edu2_major</span>\" => \"<span class=sf-dump-str title=\"10 characters\">Informatic</span>\"
    \"<span class=sf-dump-key>edu2_average_score</span>\" => \"<span class=sf-dump-str title=\"3 characters\">3.7</span>\"
    \"<span class=sf-dump-key>edu2_graduate_year</span>\" => \"<span class=sf-dump-str title=\"4 characters\">2004</span>\"
    \"<span class=sf-dump-key>edu3_type</span>\" => \"<span class=sf-dump-str title=\"7 characters\">SMA/SMK</span>\"
    \"<span class=sf-dump-key>edu3_place</span>\" => <span class=sf-dump-const>null</span>
    \"<span class=sf-dump-key>edu3_major</span>\" => <span class=sf-dump-const>null</span>
    \"<span class=sf-dump-key>edu3_average_score</span>\" => <span class=sf-dump-const>null</span>
    \"<span class=sf-dump-key>edu3_graduate_year</span>\" => <span class=sf-dump-const>null</span>
    \"<span class=sf-dump-key>created_at</span>\" => \"<span class=sf-dump-str title=\"19 characters\">2026-09-16 13:10:12</span>\"
    \"<span class=sf-dump-key>updated_at</span>\" => \"<span class=sf-dump-str title=\"19 characters\">2026-09-16 21:04:17</span>\"
    \"<span class=sf-dump-key>deleted_at</span>\" => <span class=sf-dump-const>null</span>
    \"<span class=sf-dump-key>created_by</span>\" => <span class=sf-dump-const>null</span>
    \"<span class=sf-dump-key>updated_by</span>\" => <span class=sf-dump-const>null</span>
    \"<span class=sf-dump-key>deleted_by</span>\" => <span class=sf-dump-const>null</span>
  </samp>]
  #<span class=sf-dump-protected title=\"Protected property\">changes</span>: []
  #<span class=sf-dump-protected title=\"Protected property\">previous</span>: []
  #<span class=sf-dump-protected title=\"Protected property\">casts</span>: <span class=sf-dump-note>array:1</span> [<samp data-depth=2 class=sf-dump-compact>
    \"<span class=sf-dump-key>deleted_at</span>\" => \"<span class=sf-dump-str title=\"8 characters\">datetime</span>\"
  </samp>]
  #<span class=sf-dump-protected title=\"Protected property\">classCastCache</span>: []
  #<span class=sf-dump-protected title=\"Protected property\">attributeCastCache</span>: []
  #<span class=sf-dump-protected title=\"Protected property\">dateFormat</span>: <span class=sf-dump-const>null</span>
  #<span class=sf-dump-protected title=\"Protected property\">appends</span>: []
  #<span class=sf-dump-protected title=\"Protected property\">dispatchesEvents</span>: []
  #<span class=sf-dump-protected title=\"Protected property\">observables</span>: []
  #<span class=sf-dump-protected title=\"Protected property\">relations</span>: []
  #<span class=sf-dump-protected title=\"Protected property\">touches</span>: []
  #<span class=sf-dump-protected title=\"Protected property\">relationAutoloadCallback</span>: <span class=sf-dump-const>null</span>
  #<span class=sf-dump-protected title=\"Protected property\">relationAutoloadContext</span>: <span class=sf-dump-const>null</span>
  +<span class=sf-dump-public title=\"Public property\">timestamps</span>: <span class=sf-dump-const>true</span>
  +<span class=sf-dump-public title=\"Public property\">usesUniqueIds</span>: <span class=sf-dump-const>false</span>
  #<span class=sf-dump-protected title=\"Protected property\">hidden</span>: []
  #<span class=sf-dump-protected title=\"Protected property\">visible</span>: []
  #<span class=sf-dump-protected title=\"Protected property\">fillable</span>: []
  #<span class=sf-dump-protected title=\"Protected property\">guarded</span>: []
  #<span class=sf-dump-protected title=\"Protected property\">authPasswordName</span>: \"<span class=sf-dump-str title=\"8 characters\">password</span>\"
  #<span class=sf-dump-protected title=\"Protected property\">rememberTokenName</span>: \"<span class=sf-dump-str title=\"14 characters\">remember_token</span>\"
  #<span class=sf-dump-protected title=\"Protected property\">accessToken</span>: <span class=sf-dump-const>null</span>
  #<span class=sf-dump-protected title=\"Protected property\">forceDeleting</span>: <span class=sf-dump-const>false</span>
</samp>}
</pre><script>Sfdump(\"sf-dump-956897385\", {\"maxDepth\":3,\"maxStringLength\":160})</script>
","__currentLoopData":"<pre class=sf-dump id=sf-dump-911665113 data-indent-pad=\"  \"><span class=sf-dump-note>array:4</span> [<samp data-depth=1 class=sf-dump-expanded>
  <span class=sf-dump-index>0</span> => \"<span class=sf-dump-str title=\"88 characters\">Menyelenggarakan pendidikan tinggi yang bermutu dan relevan dengan kebutuhan masyarakat.</span>\"
  <span class=sf-dump-index>1</span> => \"<span class=sf-dump-str title=\"79 characters\">Mengembangkan penelitian dan pengabdian kepada masyarakat secara berkelanjutan.</span>\"
  <span class=sf-dump-index>2</span> => \"<span class=sf-dump-str title=\"94 characters\">Membangun tata kelola perguruan tinggi yang transparan, akuntabel, dan berorientasi pada mutu.</span>\"
  <span class=sf-dump-index>3</span> => \"<span class=sf-dump-str title=\"83 characters\">Mendorong pengembangan karakter, kompetensi, dan profesionalitas sivitas akademika.</span>\"
</samp>]
</pre><script>Sfdump(\"sf-dump-911665113\", {\"maxDepth\":3,\"maxStringLength\":160})</script>
","mission":"<pre class=sf-dump id=sf-dump-526754085 data-indent-pad=\"  \">\"<span class=sf-dump-str title=\"83 characters\">Mendorong pengembangan karakter, kompetensi, dan profesionalitas sivitas akademika.</span>\"
</pre><script>Sfdump(\"sf-dump-526754085\", {\"maxDepth\":3,\"maxStringLength\":160})</script>
","loop":"<pre class=sf-dump id=sf-dump-578285655 data-indent-pad=\"  \"><span class=sf-dump-const>null</span>
</pre><script>Sfdump(\"sf-dump-578285655\", {\"maxDepth\":3,\"maxStringLength\":160})</script>
"}},"userId":1,"exception":"[object] (Spatie\\LaravelIgnition\\Exceptions\\ViewException(code: 0): Undefined variable $spref at C:\\laragon\\www\\STIT2\\resources\\views\\core-themes\\core-mainpage.blade.php:352)
[stacktrace]
#0 C:\\laragon\\www\\STIT2\\vendor\\laravel\\framework\\src\\Illuminate\\Filesystem\\Filesystem.php(123): require('C:\\\\laragon\\\\www\\\\...')
#1 C:\\laragon\\www\\STIT2\\vendor\\laravel\\framework\\src\\Illuminate\\Filesystem\\Filesystem.php(124): Illuminate\\Filesystem\\Filesystem::Illuminate\\Filesystem\\{closure}()
#2 C:\\laragon\\www\\STIT2\\vendor\\laravel\\framework\\src\\Illuminate\\View\\Engines\\PhpEngine.php(57): Illuminate\\Filesystem\\Filesystem->getRequire('C:\\\\laragon\\\\www\\\\...', Array)
#3 C:\\laragon\\www\\STIT2\\vendor\\livewire\\livewire\\src\\Mechanisms\\ExtendBlade\\ExtendedCompilerEngine.php(22): Illuminate\\View\\Engines\\PhpEngine->evaluatePath('C:\\\\laragon\\\\www\\\\...', Array)
#4 C:\\laragon\\www\\STIT2\\vendor\\laravel\\framework\\src\\Illuminate\\View\\Engines\\CompilerEngine.php(76): Livewire\\Mechanisms\\ExtendBlade\\ExtendedCompilerEngine->evaluatePath('C:\\\\laragon\\\\www\\\\...', Array)
#5 C:\\laragon\\www\\STIT2\\vendor\\livewire\\livewire\\src\\Mechanisms\\ExtendBlade\\ExtendedCompilerEngine.php(10): Illuminate\\View\\Engines\\CompilerEngine->get('C:\\\\laragon\\\\www\\\\...', Array)
#6 C:\\laragon\\www\\STIT2\\vendor\\laravel\\framework\\src\\Illuminate\\View\\View.php(208): Livewire\\Mechanisms\\ExtendBlade\\ExtendedCompilerEngine->get('C:\\\\laragon\\\\www\\\\...', Array)
#7 C:\\laragon\\www\\STIT2\\vendor\\laravel\\framework\\src\\Illuminate\\View\\View.php(191): Illuminate\\View\\View->getContents()
#8 C:\\laragon\\www\\STIT2\\vendor\\laravel\\framework\\src\\Illuminate\\View\\View.php(160): Illuminate\\View\\View->renderContents()
#9 C:\\laragon\\www\\STIT2\\resources\\views\\central\\pages\\public-info.blade.php(44): Illuminate\\View\\View->render()
#10 C:\\laragon\\www\\STIT2\\vendor\\laravel\\framework\\src\\Illuminate\\Filesystem\\Filesystem.php(123): require('C:\\\\laragon\\\\www\\\\...')
#11 C:\\laragon\\www\\STIT2\\vendor\\laravel\\framework\\src\\Illuminate\\Filesystem\\Filesystem.php(124): Illuminate\\Filesystem\\Filesystem::Illuminate\\Filesystem\\{closure}()
#12 C:\\laragon\\www\\STIT2\\vendor\\laravel\\framework\\src\\Illuminate\\View\\Engines\\PhpEngine.php(57): Illuminate\\Filesystem\\Filesystem->getRequire('C:\\\\laragon\\\\www\\\\...', Array)
#13 C:\\laragon\\www\\STIT2\\vendor\\livewire\\livewire\\src\\Mechanisms\\ExtendBlade\\ExtendedCompilerEngine.php(22): Illuminate\\View\\Engines\\PhpEngine->evaluatePath('C:\\\\laragon\\\\www\\\\...', Array)
#14 C:\\laragon\\www\\STIT2\\vendor\\laravel\\framework\\src\\Illuminate\\View\\Engines\\CompilerEngine.php(76): Livewire\\Mechanisms\\ExtendBlade\\ExtendedCompilerEngine->evaluatePath('C:\\\\laragon\\\\www\\\\...', Array)
#15 C:\\laragon\\www\\STIT2\\vendor\\livewire\\livewire\\src\\Mechanisms\\ExtendBlade\\ExtendedCompilerEngine.php(10): Illuminate\\View\\Engines\\CompilerEngine->get('C:\\\\laragon\\\\www\\\\...', Array)
#16 C:\\laragon\\www\\STIT2\\vendor\\laravel\\framework\\src\\Illuminate\\View\\View.php(208): Livewire\\Mechanisms\\ExtendBlade\\ExtendedCompilerEngine->get('C:\\\\laragon\\\\www\\\\...', Array)
#17 C:\\laragon\\www\\STIT2\\vendor\\laravel\\framework\\src\\Illuminate\\View\\View.php(191): Illuminate\\View\\View->getContents()
#18 C:\\laragon\\www\\STIT2\\vendor\\laravel\\framework\\src\\Illuminate\\View\\View.php(160): Illuminate\\View\\View->renderContents()
#19 C:\\laragon\\www\\STIT2\\vendor\\laravel\\framework\\src\\Illuminate\\Http\\Response.php(78): Illuminate\\View\\View->render()
#20 C:\\laragon\\www\\STIT2\\vendor\\laravel\\framework\\src\\Illuminate\\Http\\Response.php(34): Illuminate\\Http\\Response->setContent(Object(Illuminate\\View\\View))
#21 C:\\laragon\\www\\STIT2\\vendor\\laravel\\framework\\src\\Illuminate\\Routing\\Router.php(925): Illuminate\\Http\\Response->__construct(Object(Illuminate\\View\\View), 200, Array)
#22 C:\\laragon\\www\\STIT2\\vendor\\laravel\\framework\\src\\Illuminate\\Routing\\Router.php(892): Illuminate\\Routing\\Router::toResponse(Object(Illuminate\\Http\\Request), Object(Illuminate\\View\\View))
#23 C:\\laragon\\www\\STIT2\\vendor\\laravel\\framework\\src\\Illuminate\\Routing\\Router.php(807): Illuminate\\Routing\\Router->prepareResponse(Object(Illuminate\\Http\\Request), Object(Illuminate\\View\\View))
#24 C:\\laragon\\www\\STIT2\\vendor\\laravel\\framework\\src\\Illuminate\\Pipeline\\Pipeline.php(169): Illuminate\\Routing\\Router->Illuminate\\Routing\\{closure}(Object(Illuminate\\Http\\Request))
#25 C:\\laragon\\www\\STIT2\\vendor\\laravel\\framework\\src\\Illuminate\\Routing\\Middleware\\SubstituteBindings.php(50): Illuminate\\Pipeline\\Pipeline->Illuminate\\Pipeline\\{closure}(Object(Illuminate\\Http\\Request))
#26 C:\\laragon\\www\\STIT2\\vendor\\laravel\\framework\\src\\Illuminate\\Pipeline\\Pipeline.php(208): Illuminate\\Routing\\Middleware\\SubstituteBindings->handle(Object(Illuminate\\Http\\Request), Object(Closure))
#27 C:\\laragon\\www\\STIT2\\vendor\\laravel\\framework\\src\\Illuminate\\Foundation\\Http\\Middleware\\VerifyCsrfToken.php(87): Illuminate\\Pipeline\\Pipeline->Illuminate\\Pipeline\\{closure}(Object(Illuminate\\Http\\Request))
#28 C:\\laragon\\www\\STIT2\\vendor\\laravel\\framework\\src\\Illuminate\\Pipeline\\Pipeline.php(208): Illuminate\\Foundation\\Http\\Middleware\\VerifyCsrfToken->handle(Object(Illuminate\\Http\\Request), Object(Closure))
#29 C:\\laragon\\www\\STIT2\\vendor\\laravel\\framework\\src\\Illuminate\\View\\Middleware\\ShareErrorsFromSession.php(48): Illuminate\\Pipeline\\Pipeline->Illuminate\\Pipeline\\{closure}(Object(Illuminate\\Http\\Request))
#30 C:\\laragon\\www\\STIT2\\vendor\\laravel\\framework\\src\\Illuminate\\Pipeline\\Pipeline.php(208): Illuminate\\View\\Middleware\\ShareErrorsFromSession->handle(Object(Illuminate\\Http\\Request), Object(Closure))
#31 C:\\laragon\\www\\STIT2\\vendor\\laravel\\framework\\src\\Illuminate\\Session\\Middleware\\StartSession.php(120): Illuminate\\Pipeline\\Pipeline->Illuminate\\Pipeline\\{closure}(Object(Illuminate\\Http\\Request))
#32 C:\\laragon\\www\\STIT2\\vendor\\laravel\\framework\\src\\Illuminate\\Session\\Middleware\\StartSession.php(63): Illuminate\\Session\\Middleware\\StartSession->handleStatefulRequest(Object(Illuminate\\Http\\Request), Object(Illuminate\\Session\\Store), Object(Closure))
#33 C:\\laragon\\www\\STIT2\\vendor\\laravel\\framework\\src\\Illuminate\\Pipeline\\Pipeline.php(208): Illuminate\\Session\\Middleware\\StartSession->handle(Object(Illuminate\\Http\\Request), Object(Closure))
#34 C:\\laragon\\www\\STIT2\\vendor\\laravel\\framework\\src\\Illuminate\\Cookie\\Middleware\\AddQueuedCookiesToResponse.php(36): Illuminate\\Pipeline\\Pipeline->Illuminate\\Pipeline\\{closure}(Object(Illuminate\\Http\\Request))
#35 C:\\laragon\\www\\STIT2\\vendor\\laravel\\framework\\src\\Illuminate\\Pipeline\\Pipeline.php(208): Illuminate\\Cookie\\Middleware\\AddQueuedCookiesToResponse->handle(Object(Illuminate\\Http\\Request), Object(Closure))
#36 C:\\laragon\\www\\STIT2\\vendor\\laravel\\framework\\src\\Illuminate\\Cookie\\Middleware\\EncryptCookies.php(74): Illuminate\\Pipeline\\Pipeline->Illuminate\\Pipeline\\{closure}(Object(Illuminate\\Http\\Request))
#37 C:\\laragon\\www\\STIT2\\vendor\\laravel\\framework\\src\\Illuminate\\Pipeline\\Pipeline.php(208): Illuminate\\Cookie\\Middleware\\EncryptCookies->handle(Object(Illuminate\\Http\\Request), Object(Closure))
#38 C:\\laragon\\www\\STIT2\\vendor\\laravel\\framework\\src\\Illuminate\\Pipeline\\Pipeline.php(126): Illuminate\\Pipeline\\Pipeline->Illuminate\\Pipeline\\{closure}(Object(Illuminate\\Http\\Request))
#39 C:\\laragon\\www\\STIT2\\vendor\\laravel\\framework\\src\\Illuminate\\Routing\\Router.php(807): Illuminate\\Pipeline\\Pipeline->then(Object(Closure))
#40 C:\\laragon\\www\\STIT2\\vendor\\laravel\\framework\\src\\Illuminate\\Routing\\Router.php(786): Illuminate\\Routing\\Router->runRouteWithinStack(Object(Illuminate\\Routing\\Route), Object(Illuminate\\Http\\Request))
#41 C:\\laragon\\www\\STIT2\\vendor\\laravel\\framework\\src\\Illuminate\\Routing\\Router.php(750): Illuminate\\Routing\\Router->runRoute(Object(Illuminate\\Http\\Request), Object(Illuminate\\Routing\\Route))
#42 C:\\laragon\\www\\STIT2\\vendor\\laravel\\framework\\src\\Illuminate\\Routing\\Router.php(739): Illuminate\\Routing\\Router->dispatchToRoute(Object(Illuminate\\Http\\Request))
#43 C:\\laragon\\www\\STIT2\\vendor\\laravel\\framework\\src\\Illuminate\\Foundation\\Http\\Kernel.php(200): Illuminate\\Routing\\Router->dispatch(Object(Illuminate\\Http\\Request))
#44 C:\\laragon\\www\\STIT2\\vendor\\laravel\\framework\\src\\Illuminate\\Pipeline\\Pipeline.php(169): Illuminate\\Foundation\\Http\\Kernel->Illuminate\\Foundation\\Http\\{closure}(Object(Illuminate\\Http\\Request))
#45 C:\\laragon\\www\\STIT2\\vendor\\livewire\\livewire\\src\\Features\\SupportDisablingBackButtonCache\\DisableBackButtonCacheMiddleware.php(19): Illuminate\\Pipeline\\Pipeline->Illuminate\\Pipeline\\{closure}(Object(Illuminate\\Http\\Request))
#46 C:\\laragon\\www\\STIT2\\vendor\\laravel\\framework\\src\\Illuminate\\Pipeline\\Pipeline.php(208): Livewire\\Features\\SupportDisablingBackButtonCache\\DisableBackButtonCacheMiddleware->handle(Object(Illuminate\\Http\\Request), Object(Closure))
#47 C:\\laragon\\www\\STIT2\\vendor\\laravel\\framework\\src\\Illuminate\\Foundation\\Http\\Middleware\\TransformsRequest.php(21): Illuminate\\Pipeline\\Pipeline->Illuminate\\Pipeline\\{closure}(Object(Illuminate\\Http\\Request))
#48 C:\\laragon\\www\\STIT2\\vendor\\laravel\\framework\\src\\Illuminate\\Foundation\\Http\\Middleware\\ConvertEmptyStringsToNull.php(31): Illuminate\\Foundation\\Http\\Middleware\\TransformsRequest->handle(Object(Illuminate\\Http\\Request), Object(Closure))
#49 C:\\laragon\\www\\STIT2\\vendor\\laravel\\framework\\src\\Illuminate\\Pipeline\\Pipeline.php(208): Illuminate\\Foundation\\Http\\Middleware\\ConvertEmptyStringsToNull->handle(Object(Illuminate\\Http\\Request), Object(Closure))
#50 C:\\laragon\\www\\STIT2\\vendor\\laravel\\framework\\src\\Illuminate\\Foundation\\Http\\Middleware\\TransformsRequest.php(21): Illuminate\\Pipeline\\Pipeline->Illuminate\\Pipeline\\{closure}(Object(Illuminate\\Http\\Request))
#51 C:\\laragon\\www\\STIT2\\vendor\\laravel\\framework\\src\\Illuminate\\Foundation\\Http\\Middleware\\TrimStrings.php(51): Illuminate\\Foundation\\Http\\Middleware\\TransformsRequest->handle(Object(Illuminate\\Http\\Request), Object(Closure))
#52 C:\\laragon\\www\\STIT2\\vendor\\laravel\\framework\\src\\Illuminate\\Pipeline\\Pipeline.php(208): Illuminate\\Foundation\\Http\\Middleware\\TrimStrings->handle(Object(Illuminate\\Http\\Request), Object(Closure))
#53 C:\\laragon\\www\\STIT2\\vendor\\laravel\\framework\\src\\Illuminate\\Http\\Middleware\\ValidatePostSize.php(27): Illuminate\\Pipeline\\Pipeline->Illuminate\\Pipeline\\{closure}(Object(Illuminate\\Http\\Request))
#54 C:\\laragon\\www\\STIT2\\vendor\\laravel\\framework\\src\\Illuminate\\Pipeline\\Pipeline.php(208): Illuminate\\Http\\Middleware\\ValidatePostSize->handle(Object(Illuminate\\Http\\Request), Object(Closure))
#55 C:\\laragon\\www\\STIT2\\vendor\\laravel\\framework\\src\\Illuminate\\Foundation\\Http\\Middleware\\PreventRequestsDuringMaintenance.php(109): Illuminate\\Pipeline\\Pipeline->Illuminate\\Pipeline\\{closure}(Object(Illuminate\\Http\\Request))
#56 C:\\laragon\\www\\STIT2\\vendor\\laravel\\framework\\src\\Illuminate\\Pipeline\\Pipeline.php(208): Illuminate\\Foundation\\Http\\Middleware\\PreventRequestsDuringMaintenance->handle(Object(Illuminate\\Http\\Request), Object(Closure))
#57 C:\\laragon\\www\\STIT2\\vendor\\laravel\\framework\\src\\Illuminate\\Http\\Middleware\\HandleCors.php(48): Illuminate\\Pipeline\\Pipeline->Illuminate\\Pipeline\\{closure}(Object(Illuminate\\Http\\Request))
#58 C:\\laragon\\www\\STIT2\\vendor\\laravel\\framework\\src\\Illuminate\\Pipeline\\Pipeline.php(208): Illuminate\\Http\\Middleware\\HandleCors->handle(Object(Illuminate\\Http\\Request), Object(Closure))
#59 C:\\laragon\\www\\STIT2\\vendor\\laravel\\framework\\src\\Illuminate\\Http\\Middleware\\TrustProxies.php(58): Illuminate\\Pipeline\\Pipeline->Illuminate\\Pipeline\\{closure}(Object(Illuminate\\Http\\Request))
#60 C:\\laragon\\www\\STIT2\\vendor\\laravel\\framework\\src\\Illuminate\\Pipeline\\Pipeline.php(208): Illuminate\\Http\\Middleware\\TrustProxies->handle(Object(Illuminate\\Http\\Request), Object(Closure))
#61 C:\\laragon\\www\\STIT2\\vendor\\laravel\\framework\\src\\Illuminate\\Foundation\\Http\\Middleware\\InvokeDeferredCallbacks.php(22): Illuminate\\Pipeline\\Pipeline->Illuminate\\Pipeline\\{closure}(Object(Illuminate\\Http\\Request))
#62 C:\\laragon\\www\\STIT2\\vendor\\laravel\\framework\\src\\Illuminate\\Pipeline\\Pipeline.php(208): Illuminate\\Foundation\\Http\\Middleware\\InvokeDeferredCallbacks->handle(Object(Illuminate\\Http\\Request), Object(Closure))
#63 C:\\laragon\\www\\STIT2\\vendor\\laravel\\framework\\src\\Illuminate\\Http\\Middleware\\ValidatePathEncoding.php(26): Illuminate\\Pipeline\\Pipeline->Illuminate\\Pipeline\\{closure}(Object(Illuminate\\Http\\Request))
#64 C:\\laragon\\www\\STIT2\\vendor\\laravel\\framework\\src\\Illuminate\\Pipeline\\Pipeline.php(208): Illuminate\\Http\\Middleware\\ValidatePathEncoding->handle(Object(Illuminate\\Http\\Request), Object(Closure))
#65 C:\\laragon\\www\\STIT2\\vendor\\laravel\\framework\\src\\Illuminate\\Pipeline\\Pipeline.php(126): Illuminate\\Pipeline\\Pipeline->Illuminate\\Pipeline\\{closure}(Object(Illuminate\\Http\\Request))
#66 C:\\laragon\\www\\STIT2\\vendor\\laravel\\framework\\src\\Illuminate\\Foundation\\Http\\Kernel.php(175): Illuminate\\Pipeline\\Pipeline->then(Object(Closure))
#67 C:\\laragon\\www\\STIT2\\vendor\\laravel\\framework\\src\\Illuminate\\Foundation\\Http\\Kernel.php(144): Illuminate\\Foundation\\Http\\Kernel->sendRequestThroughRouter(Object(Illuminate\\Http\\Request))
#68 C:\\laragon\\www\\STIT2\\public\\index.php(51): Illuminate\\Foundation\\Http\\Kernel->handle(Object(Illuminate\\Http\\Request))
#69 C:\\laragon\\www\\STIT2\\vendor\\laravel\\framework\\src\\Illuminate\\Foundation\\resources\\server.php(23): require_once('C:\\\\laragon\\\\www\\\\...')
#70 {main}

[previous exception] [object] (ErrorException(code: 0): Undefined variable $spref at C:\\laragon\\www\\STIT2\\storage\\framework\\views\\c0ab4a70c91cf4f3941485b2f5e3952e.php:352)
[stacktrace]
#0 C:\\laragon\\www\\STIT2\\vendor\\laravel\\framework\\src\\Illuminate\\Foundation\\Bootstrap\\HandleExceptions.php(256): Illuminate\\Foundation\\Bootstrap\\HandleExceptions->handleError(2, 'Undefined varia...', 'C:\\\\laragon\\\\www\\\\...', 352)
#1 C:\\laragon\\www\\STIT2\\storage\\framework\\views\\c0ab4a70c91cf4f3941485b2f5e3952e.php(352): Illuminate\\Foundation\\Bootstrap\\HandleExceptions->Illuminate\\Foundation\\Bootstrap\\{closure}(2, 'Undefined varia...', 'C:\\\\laragon\\\\www\\\\...', 352)
#2 C:\\laragon\\www\\STIT2\\vendor\\laravel\\framework\\src\\Illuminate\\Filesystem\\Filesystem.php(123): require('C:\\\\laragon\\\\www\\\\...')
#3 C:\\laragon\\www\\STIT2\\vendor\\laravel\\framework\\src\\Illuminate\\Filesystem\\Filesystem.php(124): Illuminate\\Filesystem\\Filesystem::Illuminate\\Filesystem\\{closure}()
#4 C:\\laragon\\www\\STIT2\\vendor\\laravel\\framework\\src\\Illuminate\\View\\Engines\\PhpEngine.php(57): Illuminate\\Filesystem\\Filesystem->getRequire('C:\\\\laragon\\\\www\\\\...', Array)
#5 C:\\laragon\\www\\STIT2\\vendor\\livewire\\livewire\\src\\Mechanisms\\ExtendBlade\\ExtendedCompilerEngine.php(22): Illuminate\\View\\Engines\\PhpEngine->evaluatePath('C:\\\\laragon\\\\www\\\\...', Array)
#6 C:\\laragon\\www\\STIT2\\vendor\\laravel\\framework\\src\\Illuminate\\View\\Engines\\CompilerEngine.php(76): Livewire\\Mechanisms\\ExtendBlade\\ExtendedCompilerEngine->evaluatePath('C:\\\\laragon\\\\www\\\\...', Array)
#7 C:\\laragon\\www\\STIT2\\vendor\\livewire\\livewire\\src\\Mechanisms\\ExtendBlade\\ExtendedCompilerEngine.php(10): Illuminate\\View\\Engines\\CompilerEngine->get('C:\\\\laragon\\\\www\\\\...', Array)
#8 C:\\laragon\\www\\STIT2\\vendor\\laravel\\framework\\src\\Illuminate\\View\\View.php(208): Livewire\\Mechanisms\\ExtendBlade\\ExtendedCompilerEngine->get('C:\\\\laragon\\\\www\\\\...', Array)
#9 C:\\laragon\\www\\STIT2\\vendor\\laravel\\framework\\src\\Illuminate\\View\\View.php(191): Illuminate\\View\\View->getContents()
#10 C:\\laragon\\www\\STIT2\\vendor\\laravel\\framework\\src\\Illuminate\\View\\View.php(160): Illuminate\\View\\View->renderContents()
#11 C:\\laragon\\www\\STIT2\\storage\\framework\\views\\59f71ea7e0eaa467808b8a930ee2cee2.php(44): Illuminate\\View\\View->render()
#12 C:\\laragon\\www\\STIT2\\vendor\\laravel\\framework\\src\\Illuminate\\Filesystem\\Filesystem.php(123): require('C:\\\\laragon\\\\www\\\\...')
#13 C:\\laragon\\www\\STIT2\\vendor\\laravel\\framework\\src\\Illuminate\\Filesystem\\Filesystem.php(124): Illuminate\\Filesystem\\Filesystem::Illuminate\\Filesystem\\{closure}()
#14 C:\\laragon\\www\\STIT2\\vendor\\laravel\\framework\\src\\Illuminate\\View\\Engines\\PhpEngine.php(57): Illuminate\\Filesystem\\Filesystem->getRequire('C:\\\\laragon\\\\www\\\\...', Array)
#15 C:\\laragon\\www\\STIT2\\vendor\\livewire\\livewire\\src\\Mechanisms\\ExtendBlade\\ExtendedCompilerEngine.php(22): Illuminate\\View\\Engines\\PhpEngine->evaluatePath('C:\\\\laragon\\\\www\\\\...', Array)
#16 C:\\laragon\\www\\STIT2\\vendor\\laravel\\framework\\src\\Illuminate\\View\\Engines\\CompilerEngine.php(76): Livewire\\Mechanisms\\ExtendBlade\\ExtendedCompilerEngine->evaluatePath('C:\\\\laragon\\\\www\\\\...', Array)
#17 C:\\laragon\\www\\STIT2\\vendor\\livewire\\livewire\\src\\Mechanisms\\ExtendBlade\\ExtendedCompilerEngine.php(10): Illuminate\\View\\Engines\\CompilerEngine->get('C:\\\\laragon\\\\www\\\\...', Array)
#18 C:\\laragon\\www\\STIT2\\vendor\\laravel\\framework\\src\\Illuminate\\View\\View.php(208): Livewire\\Mechanisms\\ExtendBlade\\ExtendedCompilerEngine->get('C:\\\\laragon\\\\www\\\\...', Array)
#19 C:\\laragon\\www\\STIT2\\vendor\\laravel\\framework\\src\\Illuminate\\View\\View.php(191): Illuminate\\View\\View->getContents()
#20 C:\\laragon\\www\\STIT2\\vendor\\laravel\\framework\\src\\Illuminate\\View\\View.php(160): Illuminate\\View\\View->renderContents()
#21 C:\\laragon\\www\\STIT2\\vendor\\laravel\\framework\\src\\Illuminate\\Http\\Response.php(78): Illuminate\\View\\View->render()
#22 C:\\laragon\\www\\STIT2\\vendor\\laravel\\framework\\src\\Illuminate\\Http\\Response.php(34): Illuminate\\Http\\Response->setContent(Object(Illuminate\\View\\View))
#23 C:\\laragon\\www\\STIT2\\vendor\\laravel\\framework\\src\\Illuminate\\Routing\\Router.php(925): Illuminate\\Http\\Response->__construct(Object(Illuminate\\View\\View), 200, Array)
#24 C:\\laragon\\www\\STIT2\\vendor\\laravel\\framework\\src\\Illuminate\\Routing\\Router.php(892): Illuminate\\Routing\\Router::toResponse(Object(Illuminate\\Http\\Request), Object(Illuminate\\View\\View))
#25 C:\\laragon\\www\\STIT2\\vendor\\laravel\\framework\\src\\Illuminate\\Routing\\Router.php(807): Illuminate\\Routing\\Router->prepareResponse(Object(Illuminate\\Http\\Request), Object(Illuminate\\View\\View))
#26 C:\\laragon\\www\\STIT2\\vendor\\laravel\\framework\\src\\Illuminate\\Pipeline\\Pipeline.php(169): Illuminate\\Routing\\Router->Illuminate\\Routing\\{closure}(Object(Illuminate\\Http\\Request))
#27 C:\\laragon\\www\\STIT2\\vendor\\laravel\\framework\\src\\Illuminate\\Routing\\Middleware\\SubstituteBindings.php(50): Illuminate\\Pipeline\\Pipeline->Illuminate\\Pipeline\\{closure}(Object(Illuminate\\Http\\Request))
#28 C:\\laragon\\www\\STIT2\\vendor\\laravel\\framework\\src\\Illuminate\\Pipeline\\Pipeline.php(208): Illuminate\\Routing\\Middleware\\SubstituteBindings->handle(Object(Illuminate\\Http\\Request), Object(Closure))
#29 C:\\laragon\\www\\STIT2\\vendor\\laravel\\framework\\src\\Illuminate\\Foundation\\Http\\Middleware\\VerifyCsrfToken.php(87): Illuminate\\Pipeline\\Pipeline->Illuminate\\Pipeline\\{closure}(Object(Illuminate\\Http\\Request))
#30 C:\\laragon\\www\\STIT2\\vendor\\laravel\\framework\\src\\Illuminate\\Pipeline\\Pipeline.php(208): Illuminate\\Foundation\\Http\\Middleware\\VerifyCsrfToken->handle(Object(Illuminate\\Http\\Request), Object(Closure))
#31 C:\\laragon\\www\\STIT2\\vendor\\laravel\\framework\\src\\Illuminate\\View\\Middleware\\ShareErrorsFromSession.php(48): Illuminate\\Pipeline\\Pipeline->Illuminate\\Pipeline\\{closure}(Object(Illuminate\\Http\\Request))
#32 C:\\laragon\\www\\STIT2\\vendor\\laravel\\framework\\src\\Illuminate\\Pipeline\\Pipeline.php(208): Illuminate\\View\\Middleware\\ShareErrorsFromSession->handle(Object(Illuminate\\Http\\Request), Object(Closure))
#33 C:\\laragon\\www\\STIT2\\vendor\\laravel\\framework\\src\\Illuminate\\Session\\Middleware\\StartSession.php(120): Illuminate\\Pipeline\\Pipeline->Illuminate\\Pipeline\\{closure}(Object(Illuminate\\Http\\Request))
#34 C:\\laragon\\www\\STIT2\\vendor\\laravel\\framework\\src\\Illuminate\\Session\\Middleware\\StartSession.php(63): Illuminate\\Session\\Middleware\\StartSession->handleStatefulRequest(Object(Illuminate\\Http\\Request), Object(Illuminate\\Session\\Store), Object(Closure))
#35 C:\\laragon\\www\\STIT2\\vendor\\laravel\\framework\\src\\Illuminate\\Pipeline\\Pipeline.php(208): Illuminate\\Session\\Middleware\\StartSession->handle(Object(Illuminate\\Http\\Request), Object(Closure))
#36 C:\\laragon\\www\\STIT2\\vendor\\laravel\\framework\\src\\Illuminate\\Cookie\\Middleware\\AddQueuedCookiesToResponse.php(36): Illuminate\\Pipeline\\Pipeline->Illuminate\\Pipeline\\{closure}(Object(Illuminate\\Http\\Request))
#37 C:\\laragon\\www\\STIT2\\vendor\\laravel\\framework\\src\\Illuminate\\Pipeline\\Pipeline.php(208): Illuminate\\Cookie\\Middleware\\AddQueuedCookiesToResponse->handle(Object(Illuminate\\Http\\Request), Object(Closure))
#38 C:\\laragon\\www\\STIT2\\vendor\\laravel\\framework\\src\\Illuminate\\Cookie\\Middleware\\EncryptCookies.php(74): Illuminate\\Pipeline\\Pipeline->Illuminate\\Pipeline\\{closure}(Object(Illuminate\\Http\\Request))
#39 C:\\laragon\\www\\STIT2\\vendor\\laravel\\framework\\src\\Illuminate\\Pipeline\\Pipeline.php(208): Illuminate\\Cookie\\Middleware\\EncryptCookies->handle(Object(Illuminate\\Http\\Request), Object(Closure))
#40 C:\\laragon\\www\\STIT2\\vendor\\laravel\\framework\\src\\Illuminate\\Pipeline\\Pipeline.php(126): Illuminate\\Pipeline\\Pipeline->Illuminate\\Pipeline\\{closure}(Object(Illuminate\\Http\\Request))
#41 C:\\laragon\\www\\STIT2\\vendor\\laravel\\framework\\src\\Illuminate\\Routing\\Router.php(807): Illuminate\\Pipeline\\Pipeline->then(Object(Closure))
#42 C:\\laragon\\www\\STIT2\\vendor\\laravel\\framework\\src\\Illuminate\\Routing\\Router.php(786): Illuminate\\Routing\\Router->runRouteWithinStack(Object(Illuminate\\Routing\\Route), Object(Illuminate\\Http\\Request))
#43 C:\\laragon\\www\\STIT2\\vendor\\laravel\\framework\\src\\Illuminate\\Routing\\Router.php(750): Illuminate\\Routing\\Router->runRoute(Object(Illuminate\\Http\\Request), Object(Illuminate\\Routing\\Route))
#44 C:\\laragon\\www\\STIT2\\vendor\\laravel\\framework\\src\\Illuminate\\Routing\\Router.php(739): Illuminate\\Routing\\Router->dispatchToRoute(Object(Illuminate\\Http\\Request))
#45 C:\\laragon\\www\\STIT2\\vendor\\laravel\\framework\\src\\Illuminate\\Foundation\\Http\\Kernel.php(200): Illuminate\\Routing\\Router->dispatch(Object(Illuminate\\Http\\Request))
#46 C:\\laragon\\www\\STIT2\\vendor\\laravel\\framework\\src\\Illuminate\\Pipeline\\Pipeline.php(169): Illuminate\\Foundation\\Http\\Kernel->Illuminate\\Foundation\\Http\\{closure}(Object(Illuminate\\Http\\Request))
#47 C:\\laragon\\www\\STIT2\\vendor\\livewire\\livewire\\src\\Features\\SupportDisablingBackButtonCache\\DisableBackButtonCacheMiddleware.php(19): Illuminate\\Pipeline\\Pipeline->Illuminate\\Pipeline\\{closure}(Object(Illuminate\\Http\\Request))
#48 C:\\laragon\\www\\STIT2\\vendor\\laravel\\framework\\src\\Illuminate\\Pipeline\\Pipeline.php(208): Livewire\\Features\\SupportDisablingBackButtonCache\\DisableBackButtonCacheMiddleware->handle(Object(Illuminate\\Http\\Request), Object(Closure))
#49 C:\\laragon\\www\\STIT2\\vendor\\laravel\\framework\\src\\Illuminate\\Foundation\\Http\\Middleware\\TransformsRequest.php(21): Illuminate\\Pipeline\\Pipeline->Illuminate\\Pipeline\\{closure}(Object(Illuminate\\Http\\Request))
#50 C:\\laragon\\www\\STIT2\\vendor\\laravel\\framework\\src\\Illuminate\\Foundation\\Http\\Middleware\\ConvertEmptyStringsToNull.php(31): Illuminate\\Foundation\\Http\\Middleware\\TransformsRequest->handle(Object(Illuminate\\Http\\Request), Object(Closure))
#51 C:\\laragon\\www\\STIT2\\vendor\\laravel\\framework\\src\\Illuminate\\Pipeline\\Pipeline.php(208): Illuminate\\Foundation\\Http\\Middleware\\ConvertEmptyStringsToNull->handle(Object(Illuminate\\Http\\Request), Object(Closure))
#52 C:\\laragon\\www\\STIT2\\vendor\\laravel\\framework\\src\\Illuminate\\Foundation\\Http\\Middleware\\TransformsRequest.php(21): Illuminate\\Pipeline\\Pipeline->Illuminate\\Pipeline\\{closure}(Object(Illuminate\\Http\\Request))
#53 C:\\laragon\\www\\STIT2\\vendor\\laravel\\framework\\src\\Illuminate\\Foundation\\Http\\Middleware\\TrimStrings.php(51): Illuminate\\Foundation\\Http\\Middleware\\TransformsRequest->handle(Object(Illuminate\\Http\\Request), Object(Closure))
#54 C:\\laragon\\www\\STIT2\\vendor\\laravel\\framework\\src\\Illuminate\\Pipeline\\Pipeline.php(208): Illuminate\\Foundation\\Http\\Middleware\\TrimStrings->handle(Object(Illuminate\\Http\\Request), Object(Closure))
#55 C:\\laragon\\www\\STIT2\\vendor\\laravel\\framework\\src\\Illuminate\\Http\\Middleware\\ValidatePostSize.php(27): Illuminate\\Pipeline\\Pipeline->Illuminate\\Pipeline\\{closure}(Object(Illuminate\\Http\\Request))
#56 C:\\laragon\\www\\STIT2\\vendor\\laravel\\framework\\src\\Illuminate\\Pipeline\\Pipeline.php(208): Illuminate\\Http\\Middleware\\ValidatePostSize->handle(Object(Illuminate\\Http\\Request), Object(Closure))
#57 C:\\laragon\\www\\STIT2\\vendor\\laravel\\framework\\src\\Illuminate\\Foundation\\Http\\Middleware\\PreventRequestsDuringMaintenance.php(109): Illuminate\\Pipeline\\Pipeline->Illuminate\\Pipeline\\{closure}(Object(Illuminate\\Http\\Request))
#58 C:\\laragon\\www\\STIT2\\vendor\\laravel\\framework\\src\\Illuminate\\Pipeline\\Pipeline.php(208): Illuminate\\Foundation\\Http\\Middleware\\PreventRequestsDuringMaintenance->handle(Object(Illuminate\\Http\\Request), Object(Closure))
#59 C:\\laragon\\www\\STIT2\\vendor\\laravel\\framework\\src\\Illuminate\\Http\\Middleware\\HandleCors.php(48): Illuminate\\Pipeline\\Pipeline->Illuminate\\Pipeline\\{closure}(Object(Illuminate\\Http\\Request))
#60 C:\\laragon\\www\\STIT2\\vendor\\laravel\\framework\\src\\Illuminate\\Pipeline\\Pipeline.php(208): Illuminate\\Http\\Middleware\\HandleCors->handle(Object(Illuminate\\Http\\Request), Object(Closure))
#61 C:\\laragon\\www\\STIT2\\vendor\\laravel\\framework\\src\\Illuminate\\Http\\Middleware\\TrustProxies.php(58): Illuminate\\Pipeline\\Pipeline->Illuminate\\Pipeline\\{closure}(Object(Illuminate\\Http\\Request))
#62 C:\\laragon\\www\\STIT2\\vendor\\laravel\\framework\\src\\Illuminate\\Pipeline\\Pipeline.php(208): Illuminate\\Http\\Middleware\\TrustProxies->handle(Object(Illuminate\\Http\\Request), Object(Closure))
#63 C:\\laragon\\www\\STIT2\\vendor\\laravel\\framework\\src\\Illuminate\\Foundation\\Http\\Middleware\\InvokeDeferredCallbacks.php(22): Illuminate\\Pipeline\\Pipeline->Illuminate\\Pipeline\\{closure}(Object(Illuminate\\Http\\Request))
#64 C:\\laragon\\www\\STIT2\\vendor\\laravel\\framework\\src\\Illuminate\\Pipeline\\Pipeline.php(208): Illuminate\\Foundation\\Http\\Middleware\\InvokeDeferredCallbacks->handle(Object(Illuminate\\Http\\Request), Object(Closure))
#65 C:\\laragon\\www\\STIT2\\vendor\\laravel\\framework\\src\\Illuminate\\Http\\Middleware\\ValidatePathEncoding.php(26): Illuminate\\Pipeline\\Pipeline->Illuminate\\Pipeline\\{closure}(Object(Illuminate\\Http\\Request))
#66 C:\\laragon\\www\\STIT2\\vendor\\laravel\\framework\\src\\Illuminate\\Pipeline\\Pipeline.php(208): Illuminate\\Http\\Middleware\\ValidatePathEncoding->handle(Object(Illuminate\\Http\\Request), Object(Closure))
#67 C:\\laragon\\www\\STIT2\\vendor\\laravel\\framework\\src\\Illuminate\\Pipeline\\Pipeline.php(126): Illuminate\\Pipeline\\Pipeline->Illuminate\\Pipeline\\{closure}(Object(Illuminate\\Http\\Request))
#68 C:\\laragon\\www\\STIT2\\vendor\\laravel\\framework\\src\\Illuminate\\Foundation\\Http\\Kernel.php(175): Illuminate\\Pipeline\\Pipeline->then(Object(Closure))
#69 C:\\laragon\\www\\STIT2\\vendor\\laravel\\framework\\src\\Illuminate\\Foundation\\Http\\Kernel.php(144): Illuminate\\Foundation\\Http\\Kernel->sendRequestThroughRouter(Object(Illuminate\\Http\\Request))
#70 C:\\laragon\\www\\STIT2\\public\\index.php(51): Illuminate\\Foundation\\Http\\Kernel->handle(Object(Illuminate\\Http\\Request))
#71 C:\\laragon\\www\\STIT2\\vendor\\laravel\\framework\\src\\Illuminate\\Foundation\\resources\\server.php(23): require_once('C:\\\\laragon\\\\www\\\\...')
#72 {main}
"} 
[2026-09-17 10:59:26] local.ERROR: Undefined variable $spref {"view":{"view":"C:\\laragon\\www\\STIT2\\resources\\views\\core-themes\\core-mainpage.blade.php","data":{"errors":"<pre class=sf-dump id=sf-dump-1150018520 data-indent-pad=\"  \"><span class=sf-dump-note>Illuminate\\Support\\ViewErrorBag</span> {<a class=sf-dump-ref>#851</a><samp data-depth=1 class=sf-dump-expanded>
  #<span class=sf-dump-protected title=\"Protected property\">bags</span>: []
</samp>}
</pre><script>Sfdump(\"sf-dump-1150018520\", {\"maxDepth\":3,\"maxStringLength\":160})</script>
","webs":"<pre class=sf-dump id=sf-dump-1696737802 data-indent-pad=\"  \"><span class=sf-dump-note>App\\Models\\Pengaturan\\WebSetting</span> {<a class=sf-dump-ref>#894</a><samp data-depth=1 class=sf-dump-expanded>
  #<span class=sf-dump-protected title=\"Protected property\">connection</span>: \"<span class=sf-dump-str title=\"5 characters\">mysql</span>\"
  #<span class=sf-dump-protected title=\"Protected property\">table</span>: \"<span class=sf-dump-str title=\"12 characters\">web_settings</span>\"
  #<span class=sf-dump-protected title=\"Protected property\">primaryKey</span>: \"<span class=sf-dump-str title=\"2 characters\">id</span>\"
  #<span class=sf-dump-protected title=\"Protected property\">keyType</span>: \"<span class=sf-dump-str title=\"3 characters\">int</span>\"
  +<span class=sf-dump-public title=\"Public property\">incrementing</span>: <span class=sf-dump-const>true</span>
  #<span class=sf-dump-protected title=\"Protected property\">with</span>: []
  #<span class=sf-dump-protected title=\"Protected property\">withCount</span>: []
  +<span class=sf-dump-public title=\"Public property\">preventsLazyLoading</span>: <span class=sf-dump-const>false</span>
  #<span class=sf-dump-protected title=\"Protected property\">perPage</span>: <span class=sf-dump-num>15</span>
  +<span class=sf-dump-public title=\"Public property\">exists</span>: <span class=sf-dump-const>true</span>
  +<span class=sf-dump-public title=\"Public property\">wasRecentlyCreated</span>: <span class=sf-dump-const>false</span>
  #<span class=sf-dump-protected title=\"Protected property\">escapeWhenCastingToString</span>: <span class=sf-dump-const>false</span>
  #<span class=sf-dump-protected title=\"Protected property\">attributes</span>: <span class=sf-dump-note>array:28</span> [<samp data-depth=2 class=sf-dump-compact>
    \"<span class=sf-dump-key>id</span>\" => <span class=sf-dump-num>1</span>
    \"<span class=sf-dump-key>taka_now</span>\" => <span class=sf-dump-num>2026</span>
    \"<span class=sf-dump-key>school_apps</span>\" => \"<span class=sf-dump-str title=\"11 characters\">SIAKAD STIT</span>\"
    \"<span class=sf-dump-key>school_name</span>\" => \"<span class=sf-dump-str title=\"15 characters\">STIT Darul Ilmi</span>\"
    \"<span class=sf-dump-key>school_head</span>\" => \"<span class=sf-dump-str title=\"34 characters\">Dr. H Dudung Rachmat Hidayat, M.Pd</span>\"
    \"<span class=sf-dump-key>school_link</span>\" => \"<span class=sf-dump-str title=\"33 characters\">http://siakad-stit-darul-ilmi.com</span>\"
    \"<span class=sf-dump-key>school_desc</span>\" => \"<span class=sf-dump-str title=\"58 characters\">Mencetak Manajer Pendidikan Islam Profesional dan Visioner</span>\"
    \"<span class=sf-dump-key>school_logo_vert</span>\" => \"<span class=sf-dump-str title=\"13 characters\">logo-vert.png</span>\"
    \"<span class=sf-dump-key>school_logo_hori</span>\" => \"<span class=sf-dump-str title=\"13 characters\">logo-hori.png</span>\"
    \"<span class=sf-dump-key>school_email</span>\" => \"<span class=sf-dump-str title=\"20 characters\">mjaya69703@gmail.com</span>\"
    \"<span class=sf-dump-key>school_phone</span>\" => \"<span class=sf-dump-str title=\"14 characters\">+6281234567895</span>\"
    \"<span class=sf-dump-key>school_address</span>\" => \"<span class=sf-dump-str title=\"76 characters\">Jl. Cirahayu, Sindangraja, Jamanis, Kabbupaten Tasikmalaya, jawa Barat 46175</span>\"
    \"<span class=sf-dump-key>school_longitude</span>\" => \"<span class=sf-dump-str title=\"9 characters\">-7.266670</span>\"
    \"<span class=sf-dump-key>school_latitude</span>\" => \"<span class=sf-dump-str title=\"10 characters\">110.416670</span>\"
    \"<span class=sf-dump-key>social_fb</span>\" => \"<span class=sf-dump-str title=\"30 characters\">https://facebook.com/kyouma052</span>\"
    \"<span class=sf-dump-key>social_ig</span>\" => \"<span class=sf-dump-str title=\"32 characters\">https://instagram.com/mjaya69703</span>\"
    \"<span class=sf-dump-key>social_in</span>\" => \"<span class=sf-dump-str title=\"37 characters\">https://id.linkedin.com/in/mjaya69703</span>\"
    \"<span class=sf-dump-key>social_tw</span>\" => \"<span class=sf-dump-str title=\"24 characters\">https://x.com/mjaya69703</span>\"
    \"<span class=sf-dump-key>maintenance_mode</span>\" => <span class=sf-dump-num>0</span>
    \"<span class=sf-dump-key>enable_captcha</span>\" => <span class=sf-dump-num>0</span>
    \"<span class=sf-dump-key>max_login_attempts</span>\" => <span class=sf-dump-num>5</span>
    \"<span class=sf-dump-key>login_decay_seconds</span>\" => <span class=sf-dump-num>60</span>
    \"<span class=sf-dump-key>created_at</span>\" => \"<span class=sf-dump-str title=\"19 characters\">2026-09-16 13:20:54</span>\"
    \"<span class=sf-dump-key>updated_at</span>\" => \"<span class=sf-dump-str title=\"19 characters\">2026-09-17 10:56:44</span>\"
    \"<span class=sf-dump-key>deleted_at</span>\" => <span class=sf-dump-const>null</span>
    \"<span class=sf-dump-key>created_by</span>\" => <span class=sf-dump-const>null</span>
    \"<span class=sf-dump-key>updated_by</span>\" => <span class=sf-dump-const>null</span>
    \"<span class=sf-dump-key>deleted_by</span>\" => <span class=sf-dump-const>null</span>
  </samp>]
  #<span class=sf-dump-protected title=\"Protected property\">original</span>: <span class=sf-dump-note>array:28</span> [<samp data-depth=2 class=sf-dump-compact>
    \"<span class=sf-dump-key>id</span>\" => <span class=sf-dump-num>1</span>
    \"<span class=sf-dump-key>taka_now</span>\" => <span class=sf-dump-num>2026</span>
    \"<span class=sf-dump-key>school_apps</span>\" => \"<span class=sf-dump-str title=\"11 characters\">SIAKAD STIT</span>\"
    \"<span class=sf-dump-key>school_name</span>\" => \"<span class=sf-dump-str title=\"15 characters\">STIT Darul Ilmi</span>\"
    \"<span class=sf-dump-key>school_head</span>\" => \"<span class=sf-dump-str title=\"34 characters\">Dr. H Dudung Rachmat Hidayat, M.Pd</span>\"
    \"<span class=sf-dump-key>school_link</span>\" => \"<span class=sf-dump-str title=\"33 characters\">http://siakad-stit-darul-ilmi.com</span>\"
    \"<span class=sf-dump-key>school_desc</span>\" => \"<span class=sf-dump-str title=\"58 characters\">Mencetak Manajer Pendidikan Islam Profesional dan Visioner</span>\"
    \"<span class=sf-dump-key>school_logo_vert</span>\" => \"<span class=sf-dump-str title=\"13 characters\">logo-vert.png</span>\"
    \"<span class=sf-dump-key>school_logo_hori</span>\" => \"<span class=sf-dump-str title=\"13 characters\">logo-hori.png</span>\"
    \"<span class=sf-dump-key>school_email</span>\" => \"<span class=sf-dump-str title=\"20 characters\">mjaya69703@gmail.com</span>\"
    \"<span class=sf-dump-key>school_phone</span>\" => \"<span class=sf-dump-str title=\"14 characters\">+6281234567895</span>\"
    \"<span class=sf-dump-key>school_address</span>\" => \"<span class=sf-dump-str title=\"76 characters\">Jl. Cirahayu, Sindangraja, Jamanis, Kabbupaten Tasikmalaya, jawa Barat 46175</span>\"
    \"<span class=sf-dump-key>school_longitude</span>\" => \"<span class=sf-dump-str title=\"9 characters\">-7.266670</span>\"
    \"<span class=sf-dump-key>school_latitude</span>\" => \"<span class=sf-dump-str title=\"10 characters\">110.416670</span>\"
    \"<span class=sf-dump-key>social_fb</span>\" => \"<span class=sf-dump-str title=\"30 characters\">https://facebook.com/kyouma052</span>\"
    \"<span class=sf-dump-key>social_ig</span>\" => \"<span class=sf-dump-str title=\"32 characters\">https://instagram.com/mjaya69703</span>\"
    \"<span class=sf-dump-key>social_in</span>\" => \"<span class=sf-dump-str title=\"37 characters\">https://id.linkedin.com/in/mjaya69703</span>\"
    \"<span class=sf-dump-key>social_tw</span>\" => \"<span class=sf-dump-str title=\"24 characters\">https://x.com/mjaya69703</span>\"
    \"<span class=sf-dump-key>maintenance_mode</span>\" => <span class=sf-dump-num>0</span>
    \"<span class=sf-dump-key>enable_captcha</span>\" => <span class=sf-dump-num>0</span>
    \"<span class=sf-dump-key>max_login_attempts</span>\" => <span class=sf-dump-num>5</span>
    \"<span class=sf-dump-key>login_decay_seconds</span>\" => <span class=sf-dump-num>60</span>
    \"<span class=sf-dump-key>created_at</span>\" => \"<span class=sf-dump-str title=\"19 characters\">2026-09-16 13:20:54</span>\"
    \"<span class=sf-dump-key>updated_at</span>\" => \"<span class=sf-dump-str title=\"19 characters\">2026-09-17 10:56:44</span>\"
    \"<span class=sf-dump-key>deleted_at</span>\" => <span class=sf-dump-const>null</span>
    \"<span class=sf-dump-key>created_by</span>\" => <span class=sf-dump-const>null</span>
    \"<span class=sf-dump-key>updated_by</span>\" => <span class=sf-dump-const>null</span>
    \"<span class=sf-dump-key>deleted_by</span>\" => <span class=sf-dump-const>null</span>
  </samp>]
  #<span class=sf-dump-protected title=\"Protected property\">changes</span>: []
  #<span class=sf-dump-protected title=\"Protected property\">previous</span>: []
  #<span class=sf-dump-protected title=\"Protected property\">casts</span>: <span class=sf-dump-note>array:1</span> [<samp data-depth=2 class=sf-dump-compact>
    \"<span class=sf-dump-key>deleted_at</span>\" => \"<span class=sf-dump-str title=\"8 characters\">datetime</span>\"
  </samp>]
  #<span class=sf-dump-protected title=\"Protected property\">classCastCache</span>: []
  #<span class=sf-dump-protected title=\"Protected property\">attributeCastCache</span>: []
  #<span class=sf-dump-protected title=\"Protected property\">dateFormat</span>: <span class=sf-dump-const>null</span>
  #<span class=sf-dump-protected title=\"Protected property\">appends</span>: []
  #<span class=sf-dump-protected title=\"Protected property\">dispatchesEvents</span>: []
  #<span class=sf-dump-protected title=\"Protected property\">observables</span>: []
  #<span class=sf-dump-protected title=\"Protected property\">relations</span>: []
  #<span class=sf-dump-protected title=\"Protected property\">touches</span>: []
  #<span class=sf-dump-protected title=\"Protected property\">relationAutoloadCallback</span>: <span class=sf-dump-const>null</span>
  #<span class=sf-dump-protected title=\"Protected property\">relationAutoloadContext</span>: <span class=sf-dump-const>null</span>
  +<span class=sf-dump-public title=\"Public property\">timestamps</span>: <span class=sf-dump-const>true</span>
  +<span class=sf-dump-public title=\"Public property\">usesUniqueIds</span>: <span class=sf-dump-const>false</span>
  #<span class=sf-dump-protected title=\"Protected property\">hidden</span>: []
  #<span class=sf-dump-protected title=\"Protected property\">visible</span>: []
  #<span class=sf-dump-protected title=\"Protected property\">fillable</span>: []
  #<span class=sf-dump-protected title=\"Protected property\">guarded</span>: []
  #<span class=sf-dump-protected title=\"Protected property\">forceDeleting</span>: <span class=sf-dump-const>false</span>
</samp>}
</pre><script>Sfdump(\"sf-dump-1696737802\", {\"maxDepth\":3,\"maxStringLength\":160})</script>
","menus":"<pre class=sf-dump id=sf-dump-1376489575 data-indent-pad=\"  \">\"<span class=sf-dump-str title=\"9 characters\">Institusi</span>\"
</pre><script>Sfdump(\"sf-dump-1376489575\", {\"maxDepth\":3,\"maxStringLength\":160})</script>
","pages":"<pre class=sf-dump id=sf-dump-1204031909 data-indent-pad=\"  \">\"<span class=sf-dump-str title=\"19 characters\">Struktur Organisasi</span>\"
</pre><script>Sfdump(\"sf-dump-1204031909\", {\"maxDepth\":3,\"maxStringLength\":160})</script>
","academy":"<pre class=sf-dump id=sf-dump-1593037240 data-indent-pad=\"  \">\"<span class=sf-dump-str title=\"30 characters\">SIAKAD STIT by STIT Darul Ilmi</span>\"
</pre><script>Sfdump(\"sf-dump-1593037240\", {\"maxDepth\":3,\"maxStringLength\":160})</script>
","info":"<pre class=sf-dump id=sf-dump-1809957907 data-indent-pad=\"  \"><span class=sf-dump-note>array:3</span> [<samp data-depth=1 class=sf-dump-expanded>
  \"<span class=sf-dump-key>title</span>\" => \"<span class=sf-dump-str title=\"19 characters\">Struktur Organisasi</span>\"
  \"<span class=sf-dump-key>heading</span>\" => \"<span class=sf-dump-str title=\"19 characters\">Struktur Organisasi</span>\"
  \"<span class=sf-dump-key>structure</span>\" => <span class=sf-dump-note>array:8</span> [<samp data-depth=2 class=sf-dump-compact>
    <span class=sf-dump-index>0</span> => \"<span class=sf-dump-str title=\"12 characters\">Ketua/Rektor</span>\"
    <span class=sf-dump-index>1</span> => \"<span class=sf-dump-str title=\"24 characters\">Wakil Ketua/Wakil Rektor</span>\"
    <span class=sf-dump-index>2</span> => \"<span class=sf-dump-str title=\"22 characters\">Senat Perguruan Tinggi</span>\"
    <span class=sf-dump-index>3</span> => \"<span class=sf-dump-str title=\"13 characters\">Program Studi</span>\"
    <span class=sf-dump-index>4</span> => \"<span class=sf-dump-str title=\"28 characters\">Bagian Administrasi Akademik</span>\"
    <span class=sf-dump-index>5</span> => \"<span class=sf-dump-str title=\"24 characters\">Bagian Keuangan dan Umum</span>\"
    <span class=sf-dump-index>6</span> => \"<span class=sf-dump-str title=\"51 characters\">Lembaga Penelitian dan Pengabdian kepada Masyarakat</span>\"
    <span class=sf-dump-index>7</span> => \"<span class=sf-dump-str title=\"23 characters\">Unit Penunjang Akademik</span>\"
  </samp>]
</samp>]
</pre><script>Sfdump(\"sf-dump-1809957907\", {\"maxDepth\":3,\"maxStringLength\":160})</script>
","user":"<pre class=sf-dump id=sf-dump-312223988 data-indent-pad=\"  \"><span class=sf-dump-note>App\\Models\\User</span> {<a class=sf-dump-ref>#912</a><samp data-depth=1 class=sf-dump-expanded>
  #<span class=sf-dump-protected title=\"Protected property\">connection</span>: \"<span class=sf-dump-str title=\"5 characters\">mysql</span>\"
  #<span class=sf-dump-protected title=\"Protected property\">table</span>: \"<span class=sf-dump-str title=\"5 characters\">users</span>\"
  #<span class=sf-dump-protected title=\"Protected property\">primaryKey</span>: \"<span class=sf-dump-str title=\"2 characters\">id</span>\"
  #<span class=sf-dump-protected title=\"Protected property\">keyType</span>: \"<span class=sf-dump-str title=\"3 characters\">int</span>\"
  +<span class=sf-dump-public title=\"Public property\">incrementing</span>: <span class=sf-dump-const>true</span>
  #<span class=sf-dump-protected title=\"Protected property\">with</span>: []
  #<span class=sf-dump-protected title=\"Protected property\">withCount</span>: []
  +<span class=sf-dump-public title=\"Public property\">preventsLazyLoading</span>: <span class=sf-dump-const>false</span>
  #<span class=sf-dump-protected title=\"Protected property\">perPage</span>: <span class=sf-dump-num>15</span>
  +<span class=sf-dump-public title=\"Public property\">exists</span>: <span class=sf-dump-const>true</span>
  +<span class=sf-dump-public title=\"Public property\">wasRecentlyCreated</span>: <span class=sf-dump-const>false</span>
  #<span class=sf-dump-protected title=\"Protected property\">escapeWhenCastingToString</span>: <span class=sf-dump-const>false</span>
  #<span class=sf-dump-protected title=\"Protected property\">attributes</span>: <span class=sf-dump-note>array:70</span> [<samp data-depth=2 class=sf-dump-compact>
    \"<span class=sf-dump-key>id</span>\" => <span class=sf-dump-num>1</span>
    \"<span class=sf-dump-key>type</span>\" => <span class=sf-dump-num>0</span>
    \"<span class=sf-dump-key>name</span>\" => \"<span class=sf-dump-str title=\"13 characters\">Administrator</span>\"
    \"<span class=sf-dump-key>photo</span>\" => \"<span class=sf-dump-str title=\"35 characters\">1789567457-nCpmd7-6aaaa1e10df6a.jpg</span>\"
    \"<span class=sf-dump-key>username</span>\" => \"<span class=sf-dump-str title=\"5 characters\">admin</span>\"
    \"<span class=sf-dump-key>phone</span>\" => \"<span class=sf-dump-str title=\"13 characters\">6280012345660</span>\"
    \"<span class=sf-dump-key>email</span>\" => \"<span class=sf-dump-str title=\"20 characters\">mjaya69703@gmail.com</span>\"
    \"<span class=sf-dump-key>link_ig</span>\" => <span class=sf-dump-const>null</span>
    \"<span class=sf-dump-key>link_fb</span>\" => <span class=sf-dump-const>null</span>
    \"<span class=sf-dump-key>link_in</span>\" => <span class=sf-dump-const>null</span>
    \"<span class=sf-dump-key>bio_blood</span>\" => <span class=sf-dump-const>null</span>
    \"<span class=sf-dump-key>bio_height</span>\" => <span class=sf-dump-const>null</span>
    \"<span class=sf-dump-key>bio_weight</span>\" => <span class=sf-dump-const>null</span>
    \"<span class=sf-dump-key>bio_gender</span>\" => \"<span class=sf-dump-str title=\"9 characters\">Laki-laki</span>\"
    \"<span class=sf-dump-key>bio_religion</span>\" => <span class=sf-dump-const>null</span>
    \"<span class=sf-dump-key>bio_placebirth</span>\" => <span class=sf-dump-const>null</span>
    \"<span class=sf-dump-key>bio_nationality</span>\" => <span class=sf-dump-const>null</span>
    \"<span class=sf-dump-key>bio_datebirth</span>\" => <span class=sf-dump-const>null</span>
    \"<span class=sf-dump-key>numb_kk</span>\" => \"<span class=sf-dump-str title=\"11 characters\">11111111111</span>\"
    \"<span class=sf-dump-key>numb_ktp</span>\" => \"<span class=sf-dump-str title=\"15 characters\">122222222222222</span>\"
    \"<span class=sf-dump-key>numb_npsn</span>\" => <span class=sf-dump-const>null</span>
    \"<span class=sf-dump-key>numb_nitk</span>\" => \"<span class=sf-dump-str title=\"18 characters\">111111111111111111</span>\"
    \"<span class=sf-dump-key>numb_staff</span>\" => \"<span class=sf-dump-str>1</span>\"
    \"<span class=sf-dump-key>code</span>\" => \"<span class=sf-dump-str title=\"6 characters\">nCpmd7</span>\"
    \"<span class=sf-dump-key>password</span>\" => \"<span class=sf-dump-str title=\"60 characters\">$2y$12$mnKBaJy5agivF1/4zLseMeoqD2xAJLAj6mMPIrNie8JoMMteyCmM2</span>\"
    \"<span class=sf-dump-key>fst_setup</span>\" => <span class=sf-dump-num>0</span>
    \"<span class=sf-dump-key>tfa_setup</span>\" => <span class=sf-dump-num>0</span>
    \"<span class=sf-dump-key>ktp_addres</span>\" => \"\"\"
      <span class=sf-dump-str title=\"65 characters\">Cirahayu No. 104 RT/RW 03/010 Desa Sindangraja<span class=\"sf-dump-default sf-dump-ns\">\\r\\n</span></span>
      <span class=sf-dump-str title=\"65 characters\">Kecamatan Jamanis</span>
      \"\"\"
    \"<span class=sf-dump-key>ktp_rt</span>\" => \"<span class=sf-dump-str title=\"2 characters\">03</span>\"
    \"<span class=sf-dump-key>ktp_rw</span>\" => \"<span class=sf-dump-str title=\"3 characters\">010</span>\"
    \"<span class=sf-dump-key>ktp_village</span>\" => <span class=sf-dump-const>null</span>
    \"<span class=sf-dump-key>ktp_subdistrict</span>\" => \"<span class=sf-dump-str title=\"7 characters\">Jamanis</span>\"
    \"<span class=sf-dump-key>ktp_poscode</span>\" => \"<span class=sf-dump-str title=\"5 characters\">46175</span>\"
    \"<span class=sf-dump-key>ktp_city</span>\" => \"<span class=sf-dump-str title=\"21 characters\">Kabupaten Tasikmalaya</span>\"
    \"<span class=sf-dump-key>ktp_province</span>\" => \"<span class=sf-dump-str title=\"10 characters\">Jawa Barat</span>\"
    \"<span class=sf-dump-key>domicile_same</span>\" => \"<span class=sf-dump-str title=\"3 characters\">Yes</span>\"
    \"<span class=sf-dump-key>domicile_addres</span>\" => <span class=sf-dump-const>null</span>
    \"<span class=sf-dump-key>domicile_rt</span>\" => <span class=sf-dump-const>null</span>
    \"<span class=sf-dump-key>domicile_rw</span>\" => <span class=sf-dump-const>null</span>
    \"<span class=sf-dump-key>domicile_village</span>\" => <span class=sf-dump-const>null</span>
    \"<span class=sf-dump-key>domicile_subdistrict</span>\" => <span class=sf-dump-const>null</span>
    \"<span class=sf-dump-key>domicile_poscode</span>\" => <span class=sf-dump-const>null</span>
    \"<span class=sf-dump-key>domicile_city</span>\" => <span class=sf-dump-const>null</span>
    \"<span class=sf-dump-key>domicile_province</span>\" => <span class=sf-dump-const>null</span>
    \"<span class=sf-dump-key>google_id</span>\" => <span class=sf-dump-const>null</span>
    \"<span class=sf-dump-key>google_token</span>\" => <span class=sf-dump-const>null</span>
    \"<span class=sf-dump-key>google_refresh_token</span>\" => <span class=sf-dump-const>null</span>
    \"<span class=sf-dump-key>title_front</span>\" => <span class=sf-dump-const>null</span>
    \"<span class=sf-dump-key>title_behind</span>\" => <span class=sf-dump-const>null</span>
    \"<span class=sf-dump-key>edu1_type</span>\" => \"<span class=sf-dump-str title=\"7 characters\">SMA/SMK</span>\"
    \"<span class=sf-dump-key>edu1_place</span>\" => \"<span class=sf-dump-str title=\"6 characters\">SMAN 2</span>\"
    \"<span class=sf-dump-key>edu1_major</span>\" => \"<span class=sf-dump-str title=\"3 characters\">IPS</span>\"
    \"<span class=sf-dump-key>edu1_average_score</span>\" => \"<span class=sf-dump-str title=\"3 characters\">3.7</span>\"
    \"<span class=sf-dump-key>edu1_graduate_year</span>\" => \"<span class=sf-dump-str title=\"4 characters\">2002</span>\"
    \"<span class=sf-dump-key>edu2_type</span>\" => \"<span class=sf-dump-str title=\"7 characters\">SMA/SMK</span>\"
    \"<span class=sf-dump-key>edu2_place</span>\" => \"<span class=sf-dump-str title=\"3 characters\">DCI</span>\"
    \"<span class=sf-dump-key>edu2_major</span>\" => \"<span class=sf-dump-str title=\"10 characters\">Informatic</span>\"
    \"<span class=sf-dump-key>edu2_average_score</span>\" => \"<span class=sf-dump-str title=\"3 characters\">3.7</span>\"
    \"<span class=sf-dump-key>edu2_graduate_year</span>\" => \"<span class=sf-dump-str title=\"4 characters\">2004</span>\"
    \"<span class=sf-dump-key>edu3_type</span>\" => \"<span class=sf-dump-str title=\"7 characters\">SMA/SMK</span>\"
    \"<span class=sf-dump-key>edu3_place</span>\" => <span class=sf-dump-const>null</span>
    \"<span class=sf-dump-key>edu3_major</span>\" => <span class=sf-dump-const>null</span>
    \"<span class=sf-dump-key>edu3_average_score</span>\" => <span class=sf-dump-const>null</span>
    \"<span class=sf-dump-key>edu3_graduate_year</span>\" => <span class=sf-dump-const>null</span>
    \"<span class=sf-dump-key>created_at</span>\" => \"<span class=sf-dump-str title=\"19 characters\">2026-09-16 13:10:12</span>\"
    \"<span class=sf-dump-key>updated_at</span>\" => \"<span class=sf-dump-str title=\"19 characters\">2026-09-16 21:04:17</span>\"
    \"<span class=sf-dump-key>deleted_at</span>\" => <span class=sf-dump-const>null</span>
    \"<span class=sf-dump-key>created_by</span>\" => <span class=sf-dump-const>null</span>
    \"<span class=sf-dump-key>updated_by</span>\" => <span class=sf-dump-const>null</span>
    \"<span class=sf-dump-key>deleted_by</span>\" => <span class=sf-dump-const>null</span>
  </samp>]
  #<span class=sf-dump-protected title=\"Protected property\">original</span>: <span class=sf-dump-note>array:70</span> [<samp data-depth=2 class=sf-dump-compact>
    \"<span class=sf-dump-key>id</span>\" => <span class=sf-dump-num>1</span>
    \"<span class=sf-dump-key>type</span>\" => <span class=sf-dump-num>0</span>
    \"<span class=sf-dump-key>name</span>\" => \"<span class=sf-dump-str title=\"13 characters\">Administrator</span>\"
    \"<span class=sf-dump-key>photo</span>\" => \"<span class=sf-dump-str title=\"35 characters\">1789567457-nCpmd7-6aaaa1e10df6a.jpg</span>\"
    \"<span class=sf-dump-key>username</span>\" => \"<span class=sf-dump-str title=\"5 characters\">admin</span>\"
    \"<span class=sf-dump-key>phone</span>\" => \"<span class=sf-dump-str title=\"13 characters\">6280012345660</span>\"
    \"<span class=sf-dump-key>email</span>\" => \"<span class=sf-dump-str title=\"20 characters\">mjaya69703@gmail.com</span>\"
    \"<span class=sf-dump-key>link_ig</span>\" => <span class=sf-dump-const>null</span>
    \"<span class=sf-dump-key>link_fb</span>\" => <span class=sf-dump-const>null</span>
    \"<span class=sf-dump-key>link_in</span>\" => <span class=sf-dump-const>null</span>
    \"<span class=sf-dump-key>bio_blood</span>\" => <span class=sf-dump-const>null</span>
    \"<span class=sf-dump-key>bio_height</span>\" => <span class=sf-dump-const>null</span>
    \"<span class=sf-dump-key>bio_weight</span>\" => <span class=sf-dump-const>null</span>
    \"<span class=sf-dump-key>bio_gender</span>\" => \"<span class=sf-dump-str title=\"9 characters\">Laki-laki</span>\"
    \"<span class=sf-dump-key>bio_religion</span>\" => <span class=sf-dump-const>null</span>
    \"<span class=sf-dump-key>bio_placebirth</span>\" => <span class=sf-dump-const>null</span>
    \"<span class=sf-dump-key>bio_nationality</span>\" => <span class=sf-dump-const>null</span>
    \"<span class=sf-dump-key>bio_datebirth</span>\" => <span class=sf-dump-const>null</span>
    \"<span class=sf-dump-key>numb_kk</span>\" => \"<span class=sf-dump-str title=\"11 characters\">11111111111</span>\"
    \"<span class=sf-dump-key>numb_ktp</span>\" => \"<span class=sf-dump-str title=\"15 characters\">122222222222222</span>\"
    \"<span class=sf-dump-key>numb_npsn</span>\" => <span class=sf-dump-const>null</span>
    \"<span class=sf-dump-key>numb_nitk</span>\" => \"<span class=sf-dump-str title=\"18 characters\">111111111111111111</span>\"
    \"<span class=sf-dump-key>numb_staff</span>\" => \"<span class=sf-dump-str>1</span>\"
    \"<span class=sf-dump-key>code</span>\" => \"<span class=sf-dump-str title=\"6 characters\">nCpmd7</span>\"
    \"<span class=sf-dump-key>password</span>\" => \"<span class=sf-dump-str title=\"60 characters\">$2y$12$mnKBaJy5agivF1/4zLseMeoqD2xAJLAj6mMPIrNie8JoMMteyCmM2</span>\"
    \"<span class=sf-dump-key>fst_setup</span>\" => <span class=sf-dump-num>0</span>
    \"<span class=sf-dump-key>tfa_setup</span>\" => <span class=sf-dump-num>0</span>
    \"<span class=sf-dump-key>ktp_addres</span>\" => \"\"\"
      <span class=sf-dump-str title=\"65 characters\">Cirahayu No. 104 RT/RW 03/010 Desa Sindangraja<span class=\"sf-dump-default sf-dump-ns\">\\r\\n</span></span>
      <span class=sf-dump-str title=\"65 characters\">Kecamatan Jamanis</span>
      \"\"\"
    \"<span class=sf-dump-key>ktp_rt</span>\" => \"<span class=sf-dump-str title=\"2 characters\">03</span>\"
    \"<span class=sf-dump-key>ktp_rw</span>\" => \"<span class=sf-dump-str title=\"3 characters\">010</span>\"
    \"<span class=sf-dump-key>ktp_village</span>\" => <span class=sf-dump-const>null</span>
    \"<span class=sf-dump-key>ktp_subdistrict</span>\" => \"<span class=sf-dump-str title=\"7 characters\">Jamanis</span>\"
    \"<span class=sf-dump-key>ktp_poscode</span>\" => \"<span class=sf-dump-str title=\"5 characters\">46175</span>\"
    \"<span class=sf-dump-key>ktp_city</span>\" => \"<span class=sf-dump-str title=\"21 characters\">Kabupaten Tasikmalaya</span>\"
    \"<span class=sf-dump-key>ktp_province</span>\" => \"<span class=sf-dump-str title=\"10 characters\">Jawa Barat</span>\"
    \"<span class=sf-dump-key>domicile_same</span>\" => \"<span class=sf-dump-str title=\"3 characters\">Yes</span>\"
    \"<span class=sf-dump-key>domicile_addres</span>\" => <span class=sf-dump-const>null</span>
    \"<span class=sf-dump-key>domicile_rt</span>\" => <span class=sf-dump-const>null</span>
    \"<span class=sf-dump-key>domicile_rw</span>\" => <span class=sf-dump-const>null</span>
    \"<span class=sf-dump-key>domicile_village</span>\" => <span class=sf-dump-const>null</span>
    \"<span class=sf-dump-key>domicile_subdistrict</span>\" => <span class=sf-dump-const>null</span>
    \"<span class=sf-dump-key>domicile_poscode</span>\" => <span class=sf-dump-const>null</span>
    \"<span class=sf-dump-key>domicile_city</span>\" => <span class=sf-dump-const>null</span>
    \"<span class=sf-dump-key>domicile_province</span>\" => <span class=sf-dump-const>null</span>
    \"<span class=sf-dump-key>google_id</span>\" => <span class=sf-dump-const>null</span>
    \"<span class=sf-dump-key>google_token</span>\" => <span class=sf-dump-const>null</span>
    \"<span class=sf-dump-key>google_refresh_token</span>\" => <span class=sf-dump-const>null</span>
    \"<span class=sf-dump-key>title_front</span>\" => <span class=sf-dump-const>null</span>
    \"<span class=sf-dump-key>title_behind</span>\" => <span class=sf-dump-const>null</span>
    \"<span class=sf-dump-key>edu1_type</span>\" => \"<span class=sf-dump-str title=\"7 characters\">SMA/SMK</span>\"
    \"<span class=sf-dump-key>edu1_place</span>\" => \"<span class=sf-dump-str title=\"6 characters\">SMAN 2</span>\"
    \"<span class=sf-dump-key>edu1_major</span>\" => \"<span class=sf-dump-str title=\"3 characters\">IPS</span>\"
    \"<span class=sf-dump-key>edu1_average_score</span>\" => \"<span class=sf-dump-str title=\"3 characters\">3.7</span>\"
    \"<span class=sf-dump-key>edu1_graduate_year</span>\" => \"<span class=sf-dump-str title=\"4 characters\">2002</span>\"
    \"<span class=sf-dump-key>edu2_type</span>\" => \"<span class=sf-dump-str title=\"7 characters\">SMA/SMK</span>\"
    \"<span class=sf-dump-key>edu2_place</span>\" => \"<span class=sf-dump-str title=\"3 characters\">DCI</span>\"
    \"<span class=sf-dump-key>edu2_major</span>\" => \"<span class=sf-dump-str title=\"10 characters\">Informatic</span>\"
    \"<span class=sf-dump-key>edu2_average_score</span>\" => \"<span class=sf-dump-str title=\"3 characters\">3.7</span>\"
    \"<span class=sf-dump-key>edu2_graduate_year</span>\" => \"<span class=sf-dump-str title=\"4 characters\">2004</span>\"
    \"<span class=sf-dump-key>edu3_type</span>\" => \"<span class=sf-dump-str title=\"7 characters\">SMA/SMK</span>\"
    \"<span class=sf-dump-key>edu3_place</span>\" => <span class=sf-dump-const>null</span>
    \"<span class=sf-dump-key>edu3_major</span>\" => <span class=sf-dump-const>null</span>
    \"<span class=sf-dump-key>edu3_average_score</span>\" => <span class=sf-dump-const>null</span>
    \"<span class=sf-dump-key>edu3_graduate_year</span>\" => <span class=sf-dump-const>null</span>
    \"<span class=sf-dump-key>created_at</span>\" => \"<span class=sf-dump-str title=\"19 characters\">2026-09-16 13:10:12</span>\"
    \"<span class=sf-dump-key>updated_at</span>\" => \"<span class=sf-dump-str title=\"19 characters\">2026-09-16 21:04:17</span>\"
    \"<span class=sf-dump-key>deleted_at</span>\" => <span class=sf-dump-const>null</span>
    \"<span class=sf-dump-key>created_by</span>\" => <span class=sf-dump-const>null</span>
    \"<span class=sf-dump-key>updated_by</span>\" => <span class=sf-dump-const>null</span>
    \"<span class=sf-dump-key>deleted_by</span>\" => <span class=sf-dump-const>null</span>
  </samp>]
  #<span class=sf-dump-protected title=\"Protected property\">changes</span>: []
  #<span class=sf-dump-protected title=\"Protected property\">previous</span>: []
  #<span class=sf-dump-protected title=\"Protected property\">casts</span>: <span class=sf-dump-note>array:1</span> [<samp data-depth=2 class=sf-dump-compact>
    \"<span class=sf-dump-key>deleted_at</span>\" => \"<span class=sf-dump-str title=\"8 characters\">datetime</span>\"
  </samp>]
  #<span class=sf-dump-protected title=\"Protected property\">classCastCache</span>: []
  #<span class=sf-dump-protected title=\"Protected property\">attributeCastCache</span>: []
  #<span class=sf-dump-protected title=\"Protected property\">dateFormat</span>: <span class=sf-dump-const>null</span>
  #<span class=sf-dump-protected title=\"Protected property\">appends</span>: []
  #<span class=sf-dump-protected title=\"Protected property\">dispatchesEvents</span>: []
  #<span class=sf-dump-protected title=\"Protected property\">observables</span>: []
  #<span class=sf-dump-protected title=\"Protected property\">relations</span>: []
  #<span class=sf-dump-protected title=\"Protected property\">touches</span>: []
  #<span class=sf-dump-protected title=\"Protected property\">relationAutoloadCallback</span>: <span class=sf-dump-const>null</span>
  #<span class=sf-dump-protected title=\"Protected property\">relationAutoloadContext</span>: <span class=sf-dump-const>null</span>
  +<span class=sf-dump-public title=\"Public property\">timestamps</span>: <span class=sf-dump-const>true</span>
  +<span class=sf-dump-public title=\"Public property\">usesUniqueIds</span>: <span class=sf-dump-const>false</span>
  #<span class=sf-dump-protected title=\"Protected property\">hidden</span>: []
  #<span class=sf-dump-protected title=\"Protected property\">visible</span>: []
  #<span class=sf-dump-protected title=\"Protected property\">fillable</span>: []
  #<span class=sf-dump-protected title=\"Protected property\">guarded</span>: []
  #<span class=sf-dump-protected title=\"Protected property\">authPasswordName</span>: \"<span class=sf-dump-str title=\"8 characters\">password</span>\"
  #<span class=sf-dump-protected title=\"Protected property\">rememberTokenName</span>: \"<span class=sf-dump-str title=\"14 characters\">remember_token</span>\"
  #<span class=sf-dump-protected title=\"Protected property\">accessToken</span>: <span class=sf-dump-const>null</span>
  #<span class=sf-dump-protected title=\"Protected property\">forceDeleting</span>: <span class=sf-dump-const>false</span>
</samp>}
</pre><script>Sfdump(\"sf-dump-312223988\", {\"maxDepth\":3,\"maxStringLength\":160})</script>
","__currentLoopData":"<pre class=sf-dump id=sf-dump-106568481 data-indent-pad=\"  \"><span class=sf-dump-note>array:8</span> [<samp data-depth=1 class=sf-dump-expanded>
  <span class=sf-dump-index>0</span> => \"<span class=sf-dump-str title=\"12 characters\">Ketua/Rektor</span>\"
  <span class=sf-dump-index>1</span> => \"<span class=sf-dump-str title=\"24 characters\">Wakil Ketua/Wakil Rektor</span>\"
  <span class=sf-dump-index>2</span> => \"<span class=sf-dump-str title=\"22 characters\">Senat Perguruan Tinggi</span>\"
  <span class=sf-dump-index>3</span> => \"<span class=sf-dump-str title=\"13 characters\">Program Studi</span>\"
  <span class=sf-dump-index>4</span> => \"<span class=sf-dump-str title=\"28 characters\">Bagian Administrasi Akademik</span>\"
  <span class=sf-dump-index>5</span> => \"<span class=sf-dump-str title=\"24 characters\">Bagian Keuangan dan Umum</span>\"
  <span class=sf-dump-index>6</span> => \"<span class=sf-dump-str title=\"51 characters\">Lembaga Penelitian dan Pengabdian kepada Masyarakat</span>\"
  <span class=sf-dump-index>7</span> => \"<span class=sf-dump-str title=\"23 characters\">Unit Penunjang Akademik</span>\"
</samp>]
</pre><script>Sfdump(\"sf-dump-106568481\", {\"maxDepth\":3,\"maxStringLength\":160})</script>
","loop":"<pre class=sf-dump id=sf-dump-149300071 data-indent-pad=\"  \"><span class=sf-dump-const>null</span>
</pre><script>Sfdump(\"sf-dump-149300071\", {\"maxDepth\":3,\"maxStringLength\":160})</script>
","unit":"<pre class=sf-dump id=sf-dump-580914187 data-indent-pad=\"  \">\"<span class=sf-dump-str title=\"23 characters\">Unit Penunjang Akademik</span>\"
</pre><script>Sfdump(\"sf-dump-580914187\", {\"maxDepth\":3,\"maxStringLength\":160})</script>
","i":"<pre class=sf-dump id=sf-dump-1297635977 data-indent-pad=\"  \"><span class=sf-dump-num>7</span>
</pre><script>Sfdump(\"sf-dump-1297635977\", {\"maxDepth\":3,\"maxStringLength\":160})</script>
"}},"userId":1,"exception":"[object] (Spatie\\LaravelIgnition\\Exceptions\\ViewException(code: 0): Undefined variable $spref at C:\\laragon\\www\\STIT2\\resources\\views\\core-themes\\core-mainpage.blade.php:352)
[stacktrace]
#0 C:\\laragon\\www\\STIT2\\vendor\\laravel\\framework\\src\\Illuminate\\Filesystem\\Filesystem.php(123): require('C:\\\\laragon\\\\www\\\\...')
#1 C:\\laragon\\www\\STIT2\\vendor\\laravel\\framework\\src\\Illuminate\\Filesystem\\Filesystem.php(124): Illuminate\\Filesystem\\Filesystem::Illuminate\\Filesystem\\{closure}()
#2 C:\\laragon\\www\\STIT2\\vendor\\laravel\\framework\\src\\Illuminate\\View\\Engines\\PhpEngine.php(57): Illuminate\\Filesystem\\Filesystem->getRequire('C:\\\\laragon\\\\www\\\\...', Array)
#3 C:\\laragon\\www\\STIT2\\vendor\\livewire\\livewire\\src\\Mechanisms\\ExtendBlade\\ExtendedCompilerEngine.php(22): Illuminate\\View\\Engines\\PhpEngine->evaluatePath('C:\\\\laragon\\\\www\\\\...', Array)
#4 C:\\laragon\\www\\STIT2\\vendor\\laravel\\framework\\src\\Illuminate\\View\\Engines\\CompilerEngine.php(76): Livewire\\Mechanisms\\ExtendBlade\\ExtendedCompilerEngine->evaluatePath('C:\\\\laragon\\\\www\\\\...', Array)
#5 C:\\laragon\\www\\STIT2\\vendor\\livewire\\livewire\\src\\Mechanisms\\ExtendBlade\\ExtendedCompilerEngine.php(10): Illuminate\\View\\Engines\\CompilerEngine->get('C:\\\\laragon\\\\www\\\\...', Array)
#6 C:\\laragon\\www\\STIT2\\vendor\\laravel\\framework\\src\\Illuminate\\View\\View.php(208): Livewire\\Mechanisms\\ExtendBlade\\ExtendedCompilerEngine->get('C:\\\\laragon\\\\www\\\\...', Array)
#7 C:\\laragon\\www\\STIT2\\vendor\\laravel\\framework\\src\\Illuminate\\View\\View.php(191): Illuminate\\View\\View->getContents()
#8 C:\\laragon\\www\\STIT2\\vendor\\laravel\\framework\\src\\Illuminate\\View\\View.php(160): Illuminate\\View\\View->renderContents()
#9 C:\\laragon\\www\\STIT2\\resources\\views\\central\\pages\\public-info.blade.php(44): Illuminate\\View\\View->render()
#10 C:\\laragon\\www\\STIT2\\vendor\\laravel\\framework\\src\\Illuminate\\Filesystem\\Filesystem.php(123): require('C:\\\\laragon\\\\www\\\\...')
#11 C:\\laragon\\www\\STIT2\\vendor\\laravel\\framework\\src\\Illuminate\\Filesystem\\Filesystem.php(124): Illuminate\\Filesystem\\Filesystem::Illuminate\\Filesystem\\{closure}()
#12 C:\\laragon\\www\\STIT2\\vendor\\laravel\\framework\\src\\Illuminate\\View\\Engines\\PhpEngine.php(57): Illuminate\\Filesystem\\Filesystem->getRequire('C:\\\\laragon\\\\www\\\\...', Array)
#13 C:\\laragon\\www\\STIT2\\vendor\\livewire\\livewire\\src\\Mechanisms\\ExtendBlade\\ExtendedCompilerEngine.php(22): Illuminate\\View\\Engines\\PhpEngine->evaluatePath('C:\\\\laragon\\\\www\\\\...', Array)
#14 C:\\laragon\\www\\STIT2\\vendor\\laravel\\framework\\src\\Illuminate\\View\\Engines\\CompilerEngine.php(76): Livewire\\Mechanisms\\ExtendBlade\\ExtendedCompilerEngine->evaluatePath('C:\\\\laragon\\\\www\\\\...', Array)
#15 C:\\laragon\\www\\STIT2\\vendor\\livewire\\livewire\\src\\Mechanisms\\ExtendBlade\\ExtendedCompilerEngine.php(10): Illuminate\\View\\Engines\\CompilerEngine->get('C:\\\\laragon\\\\www\\\\...', Array)
#16 C:\\laragon\\www\\STIT2\\vendor\\laravel\\framework\\src\\Illuminate\\View\\View.php(208): Livewire\\Mechanisms\\ExtendBlade\\ExtendedCompilerEngine->get('C:\\\\laragon\\\\www\\\\...', Array)
#17 C:\\laragon\\www\\STIT2\\vendor\\laravel\\framework\\src\\Illuminate\\View\\View.php(191): Illuminate\\View\\View->getContents()
#18 C:\\laragon\\www\\STIT2\\vendor\\laravel\\framework\\src\\Illuminate\\View\\View.php(160): Illuminate\\View\\View->renderContents()
#19 C:\\laragon\\www\\STIT2\\vendor\\laravel\\framework\\src\\Illuminate\\Http\\Response.php(78): Illuminate\\View\\View->render()
#20 C:\\laragon\\www\\STIT2\\vendor\\laravel\\framework\\src\\Illuminate\\Http\\Response.php(34): Illuminate\\Http\\Response->setContent(Object(Illuminate\\View\\View))
#21 C:\\laragon\\www\\STIT2\\vendor\\laravel\\framework\\src\\Illuminate\\Routing\\Router.php(925): Illuminate\\Http\\Response->__construct(Object(Illuminate\\View\\View), 200, Array)
#22 C:\\laragon\\www\\STIT2\\vendor\\laravel\\framework\\src\\Illuminate\\Routing\\Router.php(892): Illuminate\\Routing\\Router::toResponse(Object(Illuminate\\Http\\Request), Object(Illuminate\\View\\View))
#23 C:\\laragon\\www\\STIT2\\vendor\\laravel\\framework\\src\\Illuminate\\Routing\\Router.php(807): Illuminate\\Routing\\Router->prepareResponse(Object(Illuminate\\Http\\Request), Object(Illuminate\\View\\View))
#24 C:\\laragon\\www\\STIT2\\vendor\\laravel\\framework\\src\\Illuminate\\Pipeline\\Pipeline.php(169): Illuminate\\Routing\\Router->Illuminate\\Routing\\{closure}(Object(Illuminate\\Http\\Request))
#25 C:\\laragon\\www\\STIT2\\vendor\\laravel\\framework\\src\\Illuminate\\Routing\\Middleware\\SubstituteBindings.php(50): Illuminate\\Pipeline\\Pipeline->Illuminate\\Pipeline\\{closure}(Object(Illuminate\\Http\\Request))
#26 C:\\laragon\\www\\STIT2\\vendor\\laravel\\framework\\src\\Illuminate\\Pipeline\\Pipeline.php(208): Illuminate\\Routing\\Middleware\\SubstituteBindings->handle(Object(Illuminate\\Http\\Request), Object(Closure))
#27 C:\\laragon\\www\\STIT2\\vendor\\laravel\\framework\\src\\Illuminate\\Foundation\\Http\\Middleware\\VerifyCsrfToken.php(87): Illuminate\\Pipeline\\Pipeline->Illuminate\\Pipeline\\{closure}(Object(Illuminate\\Http\\Request))
#28 C:\\laragon\\www\\STIT2\\vendor\\laravel\\framework\\src\\Illuminate\\Pipeline\\Pipeline.php(208): Illuminate\\Foundation\\Http\\Middleware\\VerifyCsrfToken->handle(Object(Illuminate\\Http\\Request), Object(Closure))
#29 C:\\laragon\\www\\STIT2\\vendor\\laravel\\framework\\src\\Illuminate\\View\\Middleware\\ShareErrorsFromSession.php(48): Illuminate\\Pipeline\\Pipeline->Illuminate\\Pipeline\\{closure}(Object(Illuminate\\Http\\Request))
#30 C:\\laragon\\www\\STIT2\\vendor\\laravel\\framework\\src\\Illuminate\\Pipeline\\Pipeline.php(208): Illuminate\\View\\Middleware\\ShareErrorsFromSession->handle(Object(Illuminate\\Http\\Request), Object(Closure))
#31 C:\\laragon\\www\\STIT2\\vendor\\laravel\\framework\\src\\Illuminate\\Session\\Middleware\\StartSession.php(120): Illuminate\\Pipeline\\Pipeline->Illuminate\\Pipeline\\{closure}(Object(Illuminate\\Http\\Request))
#32 C:\\laragon\\www\\STIT2\\vendor\\laravel\\framework\\src\\Illuminate\\Session\\Middleware\\StartSession.php(63): Illuminate\\Session\\Middleware\\StartSession->handleStatefulRequest(Object(Illuminate\\Http\\Request), Object(Illuminate\\Session\\Store), Object(Closure))
#33 C:\\laragon\\www\\STIT2\\vendor\\laravel\\framework\\src\\Illuminate\\Pipeline\\Pipeline.php(208): Illuminate\\Session\\Middleware\\StartSession->handle(Object(Illuminate\\Http\\Request), Object(Closure))
#34 C:\\laragon\\www\\STIT2\\vendor\\laravel\\framework\\src\\Illuminate\\Cookie\\Middleware\\AddQueuedCookiesToResponse.php(36): Illuminate\\Pipeline\\Pipeline->Illuminate\\Pipeline\\{closure}(Object(Illuminate\\Http\\Request))
#35 C:\\laragon\\www\\STIT2\\vendor\\laravel\\framework\\src\\Illuminate\\Pipeline\\Pipeline.php(208): Illuminate\\Cookie\\Middleware\\AddQueuedCookiesToResponse->handle(Object(Illuminate\\Http\\Request), Object(Closure))
#36 C:\\laragon\\www\\STIT2\\vendor\\laravel\\framework\\src\\Illuminate\\Cookie\\Middleware\\EncryptCookies.php(74): Illuminate\\Pipeline\\Pipeline->Illuminate\\Pipeline\\{closure}(Object(Illuminate\\Http\\Request))
#37 C:\\laragon\\www\\STIT2\\vendor\\laravel\\framework\\src\\Illuminate\\Pipeline\\Pipeline.php(208): Illuminate\\Cookie\\Middleware\\EncryptCookies->handle(Object(Illuminate\\Http\\Request), Object(Closure))
#38 C:\\laragon\\www\\STIT2\\vendor\\laravel\\framework\\src\\Illuminate\\Pipeline\\Pipeline.php(126): Illuminate\\Pipeline\\Pipeline->Illuminate\\Pipeline\\{closure}(Object(Illuminate\\Http\\Request))
#39 C:\\laragon\\www\\STIT2\\vendor\\laravel\\framework\\src\\Illuminate\\Routing\\Router.php(807): Illuminate\\Pipeline\\Pipeline->then(Object(Closure))
#40 C:\\laragon\\www\\STIT2\\vendor\\laravel\\framework\\src\\Illuminate\\Routing\\Router.php(786): Illuminate\\Routing\\Router->runRouteWithinStack(Object(Illuminate\\Routing\\Route), Object(Illuminate\\Http\\Request))
#41 C:\\laragon\\www\\STIT2\\vendor\\laravel\\framework\\src\\Illuminate\\Routing\\Router.php(750): Illuminate\\Routing\\Router->runRoute(Object(Illuminate\\Http\\Request), Object(Illuminate\\Routing\\Route))
#42 C:\\laragon\\www\\STIT2\\vendor\\laravel\\framework\\src\\Illuminate\\Routing\\Router.php(739): Illuminate\\Routing\\Router->dispatchToRoute(Object(Illuminate\\Http\\Request))
#43 C:\\laragon\\www\\STIT2\\vendor\\laravel\\framework\\src\\Illuminate\\Foundation\\Http\\Kernel.php(200): Illuminate\\Routing\\Router->dispatch(Object(Illuminate\\Http\\Request))
#44 C:\\laragon\\www\\STIT2\\vendor\\laravel\\framework\\src\\Illuminate\\Pipeline\\Pipeline.php(169): Illuminate\\Foundation\\Http\\Kernel->Illuminate\\Foundation\\Http\\{closure}(Object(Illuminate\\Http\\Request))
#45 C:\\laragon\\www\\STIT2\\vendor\\livewire\\livewire\\src\\Features\\SupportDisablingBackButtonCache\\DisableBackButtonCacheMiddleware.php(19): Illuminate\\Pipeline\\Pipeline->Illuminate\\Pipeline\\{closure}(Object(Illuminate\\Http\\Request))
#46 C:\\laragon\\www\\STIT2\\vendor\\laravel\\framework\\src\\Illuminate\\Pipeline\\Pipeline.php(208): Livewire\\Features\\SupportDisablingBackButtonCache\\DisableBackButtonCacheMiddleware->handle(Object(Illuminate\\Http\\Request), Object(Closure))
#47 C:\\laragon\\www\\STIT2\\vendor\\laravel\\framework\\src\\Illuminate\\Foundation\\Http\\Middleware\\TransformsRequest.php(21): Illuminate\\Pipeline\\Pipeline->Illuminate\\Pipeline\\{closure}(Object(Illuminate\\Http\\Request))
#48 C:\\laragon\\www\\STIT2\\vendor\\laravel\\framework\\src\\Illuminate\\Foundation\\Http\\Middleware\\ConvertEmptyStringsToNull.php(31): Illuminate\\Foundation\\Http\\Middleware\\TransformsRequest->handle(Object(Illuminate\\Http\\Request), Object(Closure))
#49 C:\\laragon\\www\\STIT2\\vendor\\laravel\\framework\\src\\Illuminate\\Pipeline\\Pipeline.php(208): Illuminate\\Foundation\\Http\\Middleware\\ConvertEmptyStringsToNull->handle(Object(Illuminate\\Http\\Request), Object(Closure))
#50 C:\\laragon\\www\\STIT2\\vendor\\laravel\\framework\\src\\Illuminate\\Foundation\\Http\\Middleware\\TransformsRequest.php(21): Illuminate\\Pipeline\\Pipeline->Illuminate\\Pipeline\\{closure}(Object(Illuminate\\Http\\Request))
#51 C:\\laragon\\www\\STIT2\\vendor\\laravel\\framework\\src\\Illuminate\\Foundation\\Http\\Middleware\\TrimStrings.php(51): Illuminate\\Foundation\\Http\\Middleware\\TransformsRequest->handle(Object(Illuminate\\Http\\Request), Object(Closure))
#52 C:\\laragon\\www\\STIT2\\vendor\\laravel\\framework\\src\\Illuminate\\Pipeline\\Pipeline.php(208): Illuminate\\Foundation\\Http\\Middleware\\TrimStrings->handle(Object(Illuminate\\Http\\Request), Object(Closure))
#53 C:\\laragon\\www\\STIT2\\vendor\\laravel\\framework\\src\\Illuminate\\Http\\Middleware\\ValidatePostSize.php(27): Illuminate\\Pipeline\\Pipeline->Illuminate\\Pipeline\\{closure}(Object(Illuminate\\Http\\Request))
#54 C:\\laragon\\www\\STIT2\\vendor\\laravel\\framework\\src\\Illuminate\\Pipeline\\Pipeline.php(208): Illuminate\\Http\\Middleware\\ValidatePostSize->handle(Object(Illuminate\\Http\\Request), Object(Closure))
#55 C:\\laragon\\www\\STIT2\\vendor\\laravel\\framework\\src\\Illuminate\\Foundation\\Http\\Middleware\\PreventRequestsDuringMaintenance.php(109): Illuminate\\Pipeline\\Pipeline->Illuminate\\Pipeline\\{closure}(Object(Illuminate\\Http\\Request))
#56 C:\\laragon\\www\\STIT2\\vendor\\laravel\\framework\\src\\Illuminate\\Pipeline\\Pipeline.php(208): Illuminate\\Foundation\\Http\\Middleware\\PreventRequestsDuringMaintenance->handle(Object(Illuminate\\Http\\Request), Object(Closure))
#57 C:\\laragon\\www\\STIT2\\vendor\\laravel\\framework\\src\\Illuminate\\Http\\Middleware\\HandleCors.php(48): Illuminate\\Pipeline\\Pipeline->Illuminate\\Pipeline\\{closure}(Object(Illuminate\\Http\\Request))
#58 C:\\laragon\\www\\STIT2\\vendor\\laravel\\framework\\src\\Illuminate\\Pipeline\\Pipeline.php(208): Illuminate\\Http\\Middleware\\HandleCors->handle(Object(Illuminate\\Http\\Request), Object(Closure))
#59 C:\\laragon\\www\\STIT2\\vendor\\laravel\\framework\\src\\Illuminate\\Http\\Middleware\\TrustProxies.php(58): Illuminate\\Pipeline\\Pipeline->Illuminate\\Pipeline\\{closure}(Object(Illuminate\\Http\\Request))
#60 C:\\laragon\\www\\STIT2\\vendor\\laravel\\framework\\src\\Illuminate\\Pipeline\\Pipeline.php(208): Illuminate\\Http\\Middleware\\TrustProxies->handle(Object(Illuminate\\Http\\Request), Object(Closure))
#61 C:\\laragon\\www\\STIT2\\vendor\\laravel\\framework\\src\\Illuminate\\Foundation\\Http\\Middleware\\InvokeDeferredCallbacks.php(22): Illuminate\\Pipeline\\Pipeline->Illuminate\\Pipeline\\{closure}(Object(Illuminate\\Http\\Request))
#62 C:\\laragon\\www\\STIT2\\vendor\\laravel\\framework\\src\\Illuminate\\Pipeline\\Pipeline.php(208): Illuminate\\Foundation\\Http\\Middleware\\InvokeDeferredCallbacks->handle(Object(Illuminate\\Http\\Request), Object(Closure))
#63 C:\\laragon\\www\\STIT2\\vendor\\laravel\\framework\\src\\Illuminate\\Http\\Middleware\\ValidatePathEncoding.php(26): Illuminate\\Pipeline\\Pipeline->Illuminate\\Pipeline\\{closure}(Object(Illuminate\\Http\\Request))
#64 C:\\laragon\\www\\STIT2\\vendor\\laravel\\framework\\src\\Illuminate\\Pipeline\\Pipeline.php(208): Illuminate\\Http\\Middleware\\ValidatePathEncoding->handle(Object(Illuminate\\Http\\Request), Object(Closure))
#65 C:\\laragon\\www\\STIT2\\vendor\\laravel\\framework\\src\\Illuminate\\Pipeline\\Pipeline.php(126): Illuminate\\Pipeline\\Pipeline->Illuminate\\Pipeline\\{closure}(Object(Illuminate\\Http\\Request))
#66 C:\\laragon\\www\\STIT2\\vendor\\laravel\\framework\\src\\Illuminate\\Foundation\\Http\\Kernel.php(175): Illuminate\\Pipeline\\Pipeline->then(Object(Closure))
#67 C:\\laragon\\www\\STIT2\\vendor\\laravel\\framework\\src\\Illuminate\\Foundation\\Http\\Kernel.php(144): Illuminate\\Foundation\\Http\\Kernel->sendRequestThroughRouter(Object(Illuminate\\Http\\Request))
#68 C:\\laragon\\www\\STIT2\\public\\index.php(51): Illuminate\\Foundation\\Http\\Kernel->handle(Object(Illuminate\\Http\\Request))
#69 C:\\laragon\\www\\STIT2\\vendor\\laravel\\framework\\src\\Illuminate\\Foundation\\resources\\server.php(23): require_once('C:\\\\laragon\\\\www\\\\...')
#70 {main}

[previous exception] [object] (ErrorException(code: 0): Undefined variable $spref at C:\\laragon\\www\\STIT2\\storage\\framework\\views\\c0ab4a70c91cf4f3941485b2f5e3952e.php:352)
[stacktrace]
#0 C:\\laragon\\www\\STIT2\\vendor\\laravel\\framework\\src\\Illuminate\\Foundation\\Bootstrap\\HandleExceptions.php(256): Illuminate\\Foundation\\Bootstrap\\HandleExceptions->handleError(2, 'Undefined varia...', 'C:\\\\laragon\\\\www\\\\...', 352)
#1 C:\\laragon\\www\\STIT2\\storage\\framework\\views\\c0ab4a70c91cf4f3941485b2f5e3952e.php(352): Illuminate\\Foundation\\Bootstrap\\HandleExceptions->Illuminate\\Foundation\\Bootstrap\\{closure}(2, 'Undefined varia...', 'C:\\\\laragon\\\\www\\\\...', 352)
#2 C:\\laragon\\www\\STIT2\\vendor\\laravel\\framework\\src\\Illuminate\\Filesystem\\Filesystem.php(123): require('C:\\\\laragon\\\\www\\\\...')
#3 C:\\laragon\\www\\STIT2\\vendor\\laravel\\framework\\src\\Illuminate\\Filesystem\\Filesystem.php(124): Illuminate\\Filesystem\\Filesystem::Illuminate\\Filesystem\\{closure}()
#4 C:\\laragon\\www\\STIT2\\vendor\\laravel\\framework\\src\\Illuminate\\View\\Engines\\PhpEngine.php(57): Illuminate\\Filesystem\\Filesystem->getRequire('C:\\\\laragon\\\\www\\\\...', Array)
#5 C:\\laragon\\www\\STIT2\\vendor\\livewire\\livewire\\src\\Mechanisms\\ExtendBlade\\ExtendedCompilerEngine.php(22): Illuminate\\View\\Engines\\PhpEngine->evaluatePath('C:\\\\laragon\\\\www\\\\...', Array)
#6 C:\\laragon\\www\\STIT2\\vendor\\laravel\\framework\\src\\Illuminate\\View\\Engines\\CompilerEngine.php(76): Livewire\\Mechanisms\\ExtendBlade\\ExtendedCompilerEngine->evaluatePath('C:\\\\laragon\\\\www\\\\...', Array)
#7 C:\\laragon\\www\\STIT2\\vendor\\livewire\\livewire\\src\\Mechanisms\\ExtendBlade\\ExtendedCompilerEngine.php(10): Illuminate\\View\\Engines\\CompilerEngine->get('C:\\\\laragon\\\\www\\\\...', Array)
#8 C:\\laragon\\www\\STIT2\\vendor\\laravel\\framework\\src\\Illuminate\\View\\View.php(208): Livewire\\Mechanisms\\ExtendBlade\\ExtendedCompilerEngine->get('C:\\\\laragon\\\\www\\\\...', Array)
#9 C:\\laragon\\www\\STIT2\\vendor\\laravel\\framework\\src\\Illuminate\\View\\View.php(191): Illuminate\\View\\View->getContents()
#10 C:\\laragon\\www\\STIT2\\vendor\\laravel\\framework\\src\\Illuminate\\View\\View.php(160): Illuminate\\View\\View->renderContents()
#11 C:\\laragon\\www\\STIT2\\storage\\framework\\views\\59f71ea7e0eaa467808b8a930ee2cee2.php(44): Illuminate\\View\\View->render()
#12 C:\\laragon\\www\\STIT2\\vendor\\laravel\\framework\\src\\Illuminate\\Filesystem\\Filesystem.php(123): require('C:\\\\laragon\\\\www\\\\...')
#13 C:\\laragon\\www\\STIT2\\vendor\\laravel\\framework\\src\\Illuminate\\Filesystem\\Filesystem.php(124): Illuminate\\Filesystem\\Filesystem::Illuminate\\Filesystem\\{closure}()
#14 C:\\laragon\\www\\STIT2\\vendor\\laravel\\framework\\src\\Illuminate\\View\\Engines\\PhpEngine.php(57): Illuminate\\Filesystem\\Filesystem->getRequire('C:\\\\laragon\\\\www\\\\...', Array)
#15 C:\\laragon\\www\\STIT2\\vendor\\livewire\\livewire\\src\\Mechanisms\\ExtendBlade\\ExtendedCompilerEngine.php(22): Illuminate\\View\\Engines\\PhpEngine->evaluatePath('C:\\\\laragon\\\\www\\\\...', Array)
#16 C:\\laragon\\www\\STIT2\\vendor\\laravel\\framework\\src\\Illuminate\\View\\Engines\\CompilerEngine.php(76): Livewire\\Mechanisms\\ExtendBlade\\ExtendedCompilerEngine->evaluatePath('C:\\\\laragon\\\\www\\\\...', Array)
#17 C:\\laragon\\www\\STIT2\\vendor\\livewire\\livewire\\src\\Mechanisms\\ExtendBlade\\ExtendedCompilerEngine.php(10): Illuminate\\View\\Engines\\CompilerEngine->get('C:\\\\laragon\\\\www\\\\...', Array)
#18 C:\\laragon\\www\\STIT2\\vendor\\laravel\\framework\\src\\Illuminate\\View\\View.php(208): Livewire\\Mechanisms\\ExtendBlade\\ExtendedCompilerEngine->get('C:\\\\laragon\\\\www\\\\...', Array)
#19 C:\\laragon\\www\\STIT2\\vendor\\laravel\\framework\\src\\Illuminate\\View\\View.php(191): Illuminate\\View\\View->getContents()
#20 C:\\laragon\\www\\STIT2\\vendor\\laravel\\framework\\src\\Illuminate\\View\\View.php(160): Illuminate\\View\\View->renderContents()
#21 C:\\laragon\\www\\STIT2\\vendor\\laravel\\framework\\src\\Illuminate\\Http\\Response.php(78): Illuminate\\View\\View->render()
#22 C:\\laragon\\www\\STIT2\\vendor\\laravel\\framework\\src\\Illuminate\\Http\\Response.php(34): Illuminate\\Http\\Response->setContent(Object(Illuminate\\View\\View))
#23 C:\\laragon\\www\\STIT2\\vendor\\laravel\\framework\\src\\Illuminate\\Routing\\Router.php(925): Illuminate\\Http\\Response->__construct(Object(Illuminate\\View\\View), 200, Array)
#24 C:\\laragon\\www\\STIT2\\vendor\\laravel\\framework\\src\\Illuminate\\Routing\\Router.php(892): Illuminate\\Routing\\Router::toResponse(Object(Illuminate\\Http\\Request), Object(Illuminate\\View\\View))
#25 C:\\laragon\\www\\STIT2\\vendor\\laravel\\framework\\src\\Illuminate\\Routing\\Router.php(807): Illuminate\\Routing\\Router->prepareResponse(Object(Illuminate\\Http\\Request), Object(Illuminate\\View\\View))
#26 C:\\laragon\\www\\STIT2\\vendor\\laravel\\framework\\src\\Illuminate\\Pipeline\\Pipeline.php(169): Illuminate\\Routing\\Router->Illuminate\\Routing\\{closure}(Object(Illuminate\\Http\\Request))
#27 C:\\laragon\\www\\STIT2\\vendor\\laravel\\framework\\src\\Illuminate\\Routing\\Middleware\\SubstituteBindings.php(50): Illuminate\\Pipeline\\Pipeline->Illuminate\\Pipeline\\{closure}(Object(Illuminate\\Http\\Request))
#28 C:\\laragon\\www\\STIT2\\vendor\\laravel\\framework\\src\\Illuminate\\Pipeline\\Pipeline.php(208): Illuminate\\Routing\\Middleware\\SubstituteBindings->handle(Object(Illuminate\\Http\\Request), Object(Closure))
#29 C:\\laragon\\www\\STIT2\\vendor\\laravel\\framework\\src\\Illuminate\\Foundation\\Http\\Middleware\\VerifyCsrfToken.php(87): Illuminate\\Pipeline\\Pipeline->Illuminate\\Pipeline\\{closure}(Object(Illuminate\\Http\\Request))
#30 C:\\laragon\\www\\STIT2\\vendor\\laravel\\framework\\src\\Illuminate\\Pipeline\\Pipeline.php(208): Illuminate\\Foundation\\Http\\Middleware\\VerifyCsrfToken->handle(Object(Illuminate\\Http\\Request), Object(Closure))
#31 C:\\laragon\\www\\STIT2\\vendor\\laravel\\framework\\src\\Illuminate\\View\\Middleware\\ShareErrorsFromSession.php(48): Illuminate\\Pipeline\\Pipeline->Illuminate\\Pipeline\\{closure}(Object(Illuminate\\Http\\Request))
#32 C:\\laragon\\www\\STIT2\\vendor\\laravel\\framework\\src\\Illuminate\\Pipeline\\Pipeline.php(208): Illuminate\\View\\Middleware\\ShareErrorsFromSession->handle(Object(Illuminate\\Http\\Request), Object(Closure))
#33 C:\\laragon\\www\\STIT2\\vendor\\laravel\\framework\\src\\Illuminate\\Session\\Middleware\\StartSession.php(120): Illuminate\\Pipeline\\Pipeline->Illuminate\\Pipeline\\{closure}(Object(Illuminate\\Http\\Request))
#34 C:\\laragon\\www\\STIT2\\vendor\\laravel\\framework\\src\\Illuminate\\Session\\Middleware\\StartSession.php(63): Illuminate\\Session\\Middleware\\StartSession->handleStatefulRequest(Object(Illuminate\\Http\\Request), Object(Illuminate\\Session\\Store), Object(Closure))
#35 C:\\laragon\\www\\STIT2\\vendor\\laravel\\framework\\src\\Illuminate\\Pipeline\\Pipeline.php(208): Illuminate\\Session\\Middleware\\StartSession->handle(Object(Illuminate\\Http\\Request), Object(Closure))
#36 C:\\laragon\\www\\STIT2\\vendor\\laravel\\framework\\src\\Illuminate\\Cookie\\Middleware\\AddQueuedCookiesToResponse.php(36): Illuminate\\Pipeline\\Pipeline->Illuminate\\Pipeline\\{closure}(Object(Illuminate\\Http\\Request))
#37 C:\\laragon\\www\\STIT2\\vendor\\laravel\\framework\\src\\Illuminate\\Pipeline\\Pipeline.php(208): Illuminate\\Cookie\\Middleware\\AddQueuedCookiesToResponse->handle(Object(Illuminate\\Http\\Request), Object(Closure))
#38 C:\\laragon\\www\\STIT2\\vendor\\laravel\\framework\\src\\Illuminate\\Cookie\\Middleware\\EncryptCookies.php(74): Illuminate\\Pipeline\\Pipeline->Illuminate\\Pipeline\\{closure}(Object(Illuminate\\Http\\Request))
#39 C:\\laragon\\www\\STIT2\\vendor\\laravel\\framework\\src\\Illuminate\\Pipeline\\Pipeline.php(208): Illuminate\\Cookie\\Middleware\\EncryptCookies->handle(Object(Illuminate\\Http\\Request), Object(Closure))
#40 C:\\laragon\\www\\STIT2\\vendor\\laravel\\framework\\src\\Illuminate\\Pipeline\\Pipeline.php(126): Illuminate\\Pipeline\\Pipeline->Illuminate\\Pipeline\\{closure}(Object(Illuminate\\Http\\Request))
#41 C:\\laragon\\www\\STIT2\\vendor\\laravel\\framework\\src\\Illuminate\\Routing\\Router.php(807): Illuminate\\Pipeline\\Pipeline->then(Object(Closure))
#42 C:\\laragon\\www\\STIT2\\vendor\\laravel\\framework\\src\\Illuminate\\Routing\\Router.php(786): Illuminate\\Routing\\Router->runRouteWithinStack(Object(Illuminate\\Routing\\Route), Object(Illuminate\\Http\\Request))
#43 C:\\laragon\\www\\STIT2\\vendor\\laravel\\framework\\src\\Illuminate\\Routing\\Router.php(750): Illuminate\\Routing\\Router->runRoute(Object(Illuminate\\Http\\Request), Object(Illuminate\\Routing\\Route))
#44 C:\\laragon\\www\\STIT2\\vendor\\laravel\\framework\\src\\Illuminate\\Routing\\Router.php(739): Illuminate\\Routing\\Router->dispatchToRoute(Object(Illuminate\\Http\\Request))
#45 C:\\laragon\\www\\STIT2\\vendor\\laravel\\framework\\src\\Illuminate\\Foundation\\Http\\Kernel.php(200): Illuminate\\Routing\\Router->dispatch(Object(Illuminate\\Http\\Request))
#46 C:\\laragon\\www\\STIT2\\vendor\\laravel\\framework\\src\\Illuminate\\Pipeline\\Pipeline.php(169): Illuminate\\Foundation\\Http\\Kernel->Illuminate\\Foundation\\Http\\{closure}(Object(Illuminate\\Http\\Request))
#47 C:\\laragon\\www\\STIT2\\vendor\\livewire\\livewire\\src\\Features\\SupportDisablingBackButtonCache\\DisableBackButtonCacheMiddleware.php(19): Illuminate\\Pipeline\\Pipeline->Illuminate\\Pipeline\\{closure}(Object(Illuminate\\Http\\Request))
#48 C:\\laragon\\www\\STIT2\\vendor\\laravel\\framework\\src\\Illuminate\\Pipeline\\Pipeline.php(208): Livewire\\Features\\SupportDisablingBackButtonCache\\DisableBackButtonCacheMiddleware->handle(Object(Illuminate\\Http\\Request), Object(Closure))
#49 C:\\laragon\\www\\STIT2\\vendor\\laravel\\framework\\src\\Illuminate\\Foundation\\Http\\Middleware\\TransformsRequest.php(21): Illuminate\\Pipeline\\Pipeline->Illuminate\\Pipeline\\{closure}(Object(Illuminate\\Http\\Request))
#50 C:\\laragon\\www\\STIT2\\vendor\\laravel\\framework\\src\\Illuminate\\Foundation\\Http\\Middleware\\ConvertEmptyStringsToNull.php(31): Illuminate\\Foundation\\Http\\Middleware\\TransformsRequest->handle(Object(Illuminate\\Http\\Request), Object(Closure))
#51 C:\\laragon\\www\\STIT2\\vendor\\laravel\\framework\\src\\Illuminate\\Pipeline\\Pipeline.php(208): Illuminate\\Foundation\\Http\\Middleware\\ConvertEmptyStringsToNull->handle(Object(Illuminate\\Http\\Request), Object(Closure))
#52 C:\\laragon\\www\\STIT2\\vendor\\laravel\\framework\\src\\Illuminate\\Foundation\\Http\\Middleware\\TransformsRequest.php(21): Illuminate\\Pipeline\\Pipeline->Illuminate\\Pipeline\\{closure}(Object(Illuminate\\Http\\Request))
#53 C:\\laragon\\www\\STIT2\\vendor\\laravel\\framework\\src\\Illuminate\\Foundation\\Http\\Middleware\\TrimStrings.php(51): Illuminate\\Foundation\\Http\\Middleware\\TransformsRequest->handle(Object(Illuminate\\Http\\Request), Object(Closure))
#54 C:\\laragon\\www\\STIT2\\vendor\\laravel\\framework\\src\\Illuminate\\Pipeline\\Pipeline.php(208): Illuminate\\Foundation\\Http\\Middleware\\TrimStrings->handle(Object(Illuminate\\Http\\Request), Object(Closure))
#55 C:\\laragon\\www\\STIT2\\vendor\\laravel\\framework\\src\\Illuminate\\Http\\Middleware\\ValidatePostSize.php(27): Illuminate\\Pipeline\\Pipeline->Illuminate\\Pipeline\\{closure}(Object(Illuminate\\Http\\Request))
#56 C:\\laragon\\www\\STIT2\\vendor\\laravel\\framework\\src\\Illuminate\\Pipeline\\Pipeline.php(208): Illuminate\\Http\\Middleware\\ValidatePostSize->handle(Object(Illuminate\\Http\\Request), Object(Closure))
#57 C:\\laragon\\www\\STIT2\\vendor\\laravel\\framework\\src\\Illuminate\\Foundation\\Http\\Middleware\\PreventRequestsDuringMaintenance.php(109): Illuminate\\Pipeline\\Pipeline->Illuminate\\Pipeline\\{closure}(Object(Illuminate\\Http\\Request))
#58 C:\\laragon\\www\\STIT2\\vendor\\laravel\\framework\\src\\Illuminate\\Pipeline\\Pipeline.php(208): Illuminate\\Foundation\\Http\\Middleware\\PreventRequestsDuringMaintenance->handle(Object(Illuminate\\Http\\Request), Object(Closure))
#59 C:\\laragon\\www\\STIT2\\vendor\\laravel\\framework\\src\\Illuminate\\Http\\Middleware\\HandleCors.php(48): Illuminate\\Pipeline\\Pipeline->Illuminate\\Pipeline\\{closure}(Object(Illuminate\\Http\\Request))
#60 C:\\laragon\\www\\STIT2\\vendor\\laravel\\framework\\src\\Illuminate\\Pipeline\\Pipeline.php(208): Illuminate\\Http\\Middleware\\HandleCors->handle(Object(Illuminate\\Http\\Request), Object(Closure))
#61 C:\\laragon\\www\\STIT2\\vendor\\laravel\\framework\\src\\Illuminate\\Http\\Middleware\\TrustProxies.php(58): Illuminate\\Pipeline\\Pipeline->Illuminate\\Pipeline\\{closure}(Object(Illuminate\\Http\\Request))
#62 C:\\laragon\\www\\STIT2\\vendor\\laravel\\framework\\src\\Illuminate\\Pipeline\\Pipeline.php(208): Illuminate\\Http\\Middleware\\TrustProxies->handle(Object(Illuminate\\Http\\Request), Object(Closure))
#63 C:\\laragon\\www\\STIT2\\vendor\\laravel\\framework\\src\\Illuminate\\Foundation\\Http\\Middleware\\InvokeDeferredCallbacks.php(22): Illuminate\\Pipeline\\Pipeline->Illuminate\\Pipeline\\{closure}(Object(Illuminate\\Http\\Request))
#64 C:\\laragon\\www\\STIT2\\vendor\\laravel\\framework\\src\\Illuminate\\Pipeline\\Pipeline.php(208): Illuminate\\Foundation\\Http\\Middleware\\InvokeDeferredCallbacks->handle(Object(Illuminate\\Http\\Request), Object(Closure))
#65 C:\\laragon\\www\\STIT2\\vendor\\laravel\\framework\\src\\Illuminate\\Http\\Middleware\\ValidatePathEncoding.php(26): Illuminate\\Pipeline\\Pipeline->Illuminate\\Pipeline\\{closure}(Object(Illuminate\\Http\\Request))
#66 C:\\laragon\\www\\STIT2\\vendor\\laravel\\framework\\src\\Illuminate\\Pipeline\\Pipeline.php(208): Illuminate\\Http\\Middleware\\ValidatePathEncoding->handle(Object(Illuminate\\Http\\Request), Object(Closure))
#67 C:\\laragon\\www\\STIT2\\vendor\\laravel\\framework\\src\\Illuminate\\Pipeline\\Pipeline.php(126): Illuminate\\Pipeline\\Pipeline->Illuminate\\Pipeline\\{closure}(Object(Illuminate\\Http\\Request))
#68 C:\\laragon\\www\\STIT2\\vendor\\laravel\\framework\\src\\Illuminate\\Foundation\\Http\\Kernel.php(175): Illuminate\\Pipeline\\Pipeline->then(Object(Closure))
#69 C:\\laragon\\www\\STIT2\\vendor\\laravel\\framework\\src\\Illuminate\\Foundation\\Http\\Kernel.php(144): Illuminate\\Foundation\\Http\\Kernel->sendRequestThroughRouter(Object(Illuminate\\Http\\Request))
#70 C:\\laragon\\www\\STIT2\\public\\index.php(51): Illuminate\\Foundation\\Http\\Kernel->handle(Object(Illuminate\\Http\\Request))
#71 C:\\laragon\\www\\STIT2\\vendor\\laravel\\framework\\src\\Illuminate\\Foundation\\resources\\server.php(23): require_once('C:\\\\laragon\\\\www\\\\...')
#72 {main}
"} 
[2026-09-17 10:59:30] local.ERROR: Undefined variable $spref {"view":{"view":"C:\\laragon\\www\\STIT2\\resources\\views\\core-themes\\core-mainpage.blade.php","data":{"errors":"<pre class=sf-dump id=sf-dump-1867055645 data-indent-pad=\"  \"><span class=sf-dump-note>Illuminate\\Support\\ViewErrorBag</span> {<a class=sf-dump-ref>#852</a><samp data-depth=1 class=sf-dump-expanded>
  #<span class=sf-dump-protected title=\"Protected property\">bags</span>: []
</samp>}
</pre><script>Sfdump(\"sf-dump-1867055645\", {\"maxDepth\":3,\"maxStringLength\":160})</script>
","webs":"<pre class=sf-dump id=sf-dump-1555290414 data-indent-pad=\"  \"><span class=sf-dump-note>App\\Models\\Pengaturan\\WebSetting</span> {<a class=sf-dump-ref>#895</a><samp data-depth=1 class=sf-dump-expanded>
  #<span class=sf-dump-protected title=\"Protected property\">connection</span>: \"<span class=sf-dump-str title=\"5 characters\">mysql</span>\"
  #<span class=sf-dump-protected title=\"Protected property\">table</span>: \"<span class=sf-dump-str title=\"12 characters\">web_settings</span>\"
  #<span class=sf-dump-protected title=\"Protected property\">primaryKey</span>: \"<span class=sf-dump-str title=\"2 characters\">id</span>\"
  #<span class=sf-dump-protected title=\"Protected property\">keyType</span>: \"<span class=sf-dump-str title=\"3 characters\">int</span>\"
  +<span class=sf-dump-public title=\"Public property\">incrementing</span>: <span class=sf-dump-const>true</span>
  #<span class=sf-dump-protected title=\"Protected property\">with</span>: []
  #<span class=sf-dump-protected title=\"Protected property\">withCount</span>: []
  +<span class=sf-dump-public title=\"Public property\">preventsLazyLoading</span>: <span class=sf-dump-const>false</span>
  #<span class=sf-dump-protected title=\"Protected property\">perPage</span>: <span class=sf-dump-num>15</span>
  +<span class=sf-dump-public title=\"Public property\">exists</span>: <span class=sf-dump-const>true</span>
  +<span class=sf-dump-public title=\"Public property\">wasRecentlyCreated</span>: <span class=sf-dump-const>false</span>
  #<span class=sf-dump-protected title=\"Protected property\">escapeWhenCastingToString</span>: <span class=sf-dump-const>false</span>
  #<span class=sf-dump-protected title=\"Protected property\">attributes</span>: <span class=sf-dump-note>array:28</span> [<samp data-depth=2 class=sf-dump-compact>
    \"<span class=sf-dump-key>id</span>\" => <span class=sf-dump-num>1</span>
    \"<span class=sf-dump-key>taka_now</span>\" => <span class=sf-dump-num>2026</span>
    \"<span class=sf-dump-key>school_apps</span>\" => \"<span class=sf-dump-str title=\"11 characters\">SIAKAD STIT</span>\"
    \"<span class=sf-dump-key>school_name</span>\" => \"<span class=sf-dump-str title=\"15 characters\">STIT Darul Ilmi</span>\"
    \"<span class=sf-dump-key>school_head</span>\" => \"<span class=sf-dump-str title=\"34 characters\">Dr. H Dudung Rachmat Hidayat, M.Pd</span>\"
    \"<span class=sf-dump-key>school_link</span>\" => \"<span class=sf-dump-str title=\"33 characters\">http://siakad-stit-darul-ilmi.com</span>\"
    \"<span class=sf-dump-key>school_desc</span>\" => \"<span class=sf-dump-str title=\"58 characters\">Mencetak Manajer Pendidikan Islam Profesional dan Visioner</span>\"
    \"<span class=sf-dump-key>school_logo_vert</span>\" => \"<span class=sf-dump-str title=\"13 characters\">logo-vert.png</span>\"
    \"<span class=sf-dump-key>school_logo_hori</span>\" => \"<span class=sf-dump-str title=\"13 characters\">logo-hori.png</span>\"
    \"<span class=sf-dump-key>school_email</span>\" => \"<span class=sf-dump-str title=\"20 characters\">mjaya69703@gmail.com</span>\"
    \"<span class=sf-dump-key>school_phone</span>\" => \"<span class=sf-dump-str title=\"14 characters\">+6281234567895</span>\"
    \"<span class=sf-dump-key>school_address</span>\" => \"<span class=sf-dump-str title=\"76 characters\">Jl. Cirahayu, Sindangraja, Jamanis, Kabbupaten Tasikmalaya, jawa Barat 46175</span>\"
    \"<span class=sf-dump-key>school_longitude</span>\" => \"<span class=sf-dump-str title=\"9 characters\">-7.266670</span>\"
    \"<span class=sf-dump-key>school_latitude</span>\" => \"<span class=sf-dump-str title=\"10 characters\">110.416670</span>\"
    \"<span class=sf-dump-key>social_fb</span>\" => \"<span class=sf-dump-str title=\"30 characters\">https://facebook.com/kyouma052</span>\"
    \"<span class=sf-dump-key>social_ig</span>\" => \"<span class=sf-dump-str title=\"32 characters\">https://instagram.com/mjaya69703</span>\"
    \"<span class=sf-dump-key>social_in</span>\" => \"<span class=sf-dump-str title=\"37 characters\">https://id.linkedin.com/in/mjaya69703</span>\"
    \"<span class=sf-dump-key>social_tw</span>\" => \"<span class=sf-dump-str title=\"24 characters\">https://x.com/mjaya69703</span>\"
    \"<span class=sf-dump-key>maintenance_mode</span>\" => <span class=sf-dump-num>0</span>
    \"<span class=sf-dump-key>enable_captcha</span>\" => <span class=sf-dump-num>0</span>
    \"<span class=sf-dump-key>max_login_attempts</span>\" => <span class=sf-dump-num>5</span>
    \"<span class=sf-dump-key>login_decay_seconds</span>\" => <span class=sf-dump-num>60</span>
    \"<span class=sf-dump-key>created_at</span>\" => \"<span class=sf-dump-str title=\"19 characters\">2026-09-16 13:20:54</span>\"
    \"<span class=sf-dump-key>updated_at</span>\" => \"<span class=sf-dump-str title=\"19 characters\">2026-09-17 10:56:44</span>\"
    \"<span class=sf-dump-key>deleted_at</span>\" => <span class=sf-dump-const>null</span>
    \"<span class=sf-dump-key>created_by</span>\" => <span class=sf-dump-const>null</span>
    \"<span class=sf-dump-key>updated_by</span>\" => <span class=sf-dump-const>null</span>
    \"<span class=sf-dump-key>deleted_by</span>\" => <span class=sf-dump-const>null</span>
  </samp>]
  #<span class=sf-dump-protected title=\"Protected property\">original</span>: <span class=sf-dump-note>array:28</span> [<samp data-depth=2 class=sf-dump-compact>
    \"<span class=sf-dump-key>id</span>\" => <span class=sf-dump-num>1</span>
    \"<span class=sf-dump-key>taka_now</span>\" => <span class=sf-dump-num>2026</span>
    \"<span class=sf-dump-key>school_apps</span>\" => \"<span class=sf-dump-str title=\"11 characters\">SIAKAD STIT</span>\"
    \"<span class=sf-dump-key>school_name</span>\" => \"<span class=sf-dump-str title=\"15 characters\">STIT Darul Ilmi</span>\"
    \"<span class=sf-dump-key>school_head</span>\" => \"<span class=sf-dump-str title=\"34 characters\">Dr. H Dudung Rachmat Hidayat, M.Pd</span>\"
    \"<span class=sf-dump-key>school_link</span>\" => \"<span class=sf-dump-str title=\"33 characters\">http://siakad-stit-darul-ilmi.com</span>\"
    \"<span class=sf-dump-key>school_desc</span>\" => \"<span class=sf-dump-str title=\"58 characters\">Mencetak Manajer Pendidikan Islam Profesional dan Visioner</span>\"
    \"<span class=sf-dump-key>school_logo_vert</span>\" => \"<span class=sf-dump-str title=\"13 characters\">logo-vert.png</span>\"
    \"<span class=sf-dump-key>school_logo_hori</span>\" => \"<span class=sf-dump-str title=\"13 characters\">logo-hori.png</span>\"
    \"<span class=sf-dump-key>school_email</span>\" => \"<span class=sf-dump-str title=\"20 characters\">mjaya69703@gmail.com</span>\"
    \"<span class=sf-dump-key>school_phone</span>\" => \"<span class=sf-dump-str title=\"14 characters\">+6281234567895</span>\"
    \"<span class=sf-dump-key>school_address</span>\" => \"<span class=sf-dump-str title=\"76 characters\">Jl. Cirahayu, Sindangraja, Jamanis, Kabbupaten Tasikmalaya, jawa Barat 46175</span>\"
    \"<span class=sf-dump-key>school_longitude</span>\" => \"<span class=sf-dump-str title=\"9 characters\">-7.266670</span>\"
    \"<span class=sf-dump-key>school_latitude</span>\" => \"<span class=sf-dump-str title=\"10 characters\">110.416670</span>\"
    \"<span class=sf-dump-key>social_fb</span>\" => \"<span class=sf-dump-str title=\"30 characters\">https://facebook.com/kyouma052</span>\"
    \"<span class=sf-dump-key>social_ig</span>\" => \"<span class=sf-dump-str title=\"32 characters\">https://instagram.com/mjaya69703</span>\"
    \"<span class=sf-dump-key>social_in</span>\" => \"<span class=sf-dump-str title=\"37 characters\">https://id.linkedin.com/in/mjaya69703</span>\"
    \"<span class=sf-dump-key>social_tw</span>\" => \"<span class=sf-dump-str title=\"24 characters\">https://x.com/mjaya69703</span>\"
    \"<span class=sf-dump-key>maintenance_mode</span>\" => <span class=sf-dump-num>0</span>
    \"<span class=sf-dump-key>enable_captcha</span>\" => <span class=sf-dump-num>0</span>
    \"<span class=sf-dump-key>max_login_attempts</span>\" => <span class=sf-dump-num>5</span>
    \"<span class=sf-dump-key>login_decay_seconds</span>\" => <span class=sf-dump-num>60</span>
    \"<span class=sf-dump-key>created_at</span>\" => \"<span class=sf-dump-str title=\"19 characters\">2026-09-16 13:20:54</span>\"
    \"<span class=sf-dump-key>updated_at</span>\" => \"<span class=sf-dump-str title=\"19 characters\">2026-09-17 10:56:44</span>\"
    \"<span class=sf-dump-key>deleted_at</span>\" => <span class=sf-dump-const>null</span>
    \"<span class=sf-dump-key>created_by</span>\" => <span class=sf-dump-const>null</span>
    \"<span class=sf-dump-key>updated_by</span>\" => <span class=sf-dump-const>null</span>
    \"<span class=sf-dump-key>deleted_by</span>\" => <span class=sf-dump-const>null</span>
  </samp>]
  #<span class=sf-dump-protected title=\"Protected property\">changes</span>: []
  #<span class=sf-dump-protected title=\"Protected property\">previous</span>: []
  #<span class=sf-dump-protected title=\"Protected property\">casts</span>: <span class=sf-dump-note>array:1</span> [<samp data-depth=2 class=sf-dump-compact>
    \"<span class=sf-dump-key>deleted_at</span>\" => \"<span class=sf-dump-str title=\"8 characters\">datetime</span>\"
  </samp>]
  #<span class=sf-dump-protected title=\"Protected property\">classCastCache</span>: []
  #<span class=sf-dump-protected title=\"Protected property\">attributeCastCache</span>: []
  #<span class=sf-dump-protected title=\"Protected property\">dateFormat</span>: <span class=sf-dump-const>null</span>
  #<span class=sf-dump-protected title=\"Protected property\">appends</span>: []
  #<span class=sf-dump-protected title=\"Protected property\">dispatchesEvents</span>: []
  #<span class=sf-dump-protected title=\"Protected property\">observables</span>: []
  #<span class=sf-dump-protected title=\"Protected property\">relations</span>: []
  #<span class=sf-dump-protected title=\"Protected property\">touches</span>: []
  #<span class=sf-dump-protected title=\"Protected property\">relationAutoloadCallback</span>: <span class=sf-dump-const>null</span>
  #<span class=sf-dump-protected title=\"Protected property\">relationAutoloadContext</span>: <span class=sf-dump-const>null</span>
  +<span class=sf-dump-public title=\"Public property\">timestamps</span>: <span class=sf-dump-const>true</span>
  +<span class=sf-dump-public title=\"Public property\">usesUniqueIds</span>: <span class=sf-dump-const>false</span>
  #<span class=sf-dump-protected title=\"Protected property\">hidden</span>: []
  #<span class=sf-dump-protected title=\"Protected property\">visible</span>: []
  #<span class=sf-dump-protected title=\"Protected property\">fillable</span>: []
  #<span class=sf-dump-protected title=\"Protected property\">guarded</span>: []
  #<span class=sf-dump-protected title=\"Protected property\">forceDeleting</span>: <span class=sf-dump-const>false</span>
</samp>}
</pre><script>Sfdump(\"sf-dump-1555290414\", {\"maxDepth\":3,\"maxStringLength\":160})</script>
","menus":"<pre class=sf-dump id=sf-dump-1247252715 data-indent-pad=\"  \">\"<span class=sf-dump-str title=\"9 characters\">Institusi</span>\"
</pre><script>Sfdump(\"sf-dump-1247252715\", {\"maxDepth\":3,\"maxStringLength\":160})</script>
","pages":"<pre class=sf-dump id=sf-dump-1763469751 data-indent-pad=\"  \">\"<span class=sf-dump-str title=\"9 characters\">Fasilitas</span>\"
</pre><script>Sfdump(\"sf-dump-1763469751\", {\"maxDepth\":3,\"maxStringLength\":160})</script>
","academy":"<pre class=sf-dump id=sf-dump-1961978048 data-indent-pad=\"  \">\"<span class=sf-dump-str title=\"30 characters\">SIAKAD STIT by STIT Darul Ilmi</span>\"
</pre><script>Sfdump(\"sf-dump-1961978048\", {\"maxDepth\":3,\"maxStringLength\":160})</script>
","info":"<pre class=sf-dump id=sf-dump-1697744359 data-indent-pad=\"  \"><span class=sf-dump-note>array:3</span> [<samp data-depth=1 class=sf-dump-expanded>
  \"<span class=sf-dump-key>title</span>\" => \"<span class=sf-dump-str title=\"9 characters\">Fasilitas</span>\"
  \"<span class=sf-dump-key>heading</span>\" => \"<span class=sf-dump-str title=\"16 characters\">Fasilitas Kampus</span>\"
  \"<span class=sf-dump-key>content</span>\" => \"<span class=sf-dump-str title=\"71 characters\">Informasi fasilitas kampus dapat diperbarui melalui pengaturan website.</span>\"
</samp>]
</pre><script>Sfdump(\"sf-dump-1697744359\", {\"maxDepth\":3,\"maxStringLength\":160})</script>
","user":"<pre class=sf-dump id=sf-dump-1285269537 data-indent-pad=\"  \"><span class=sf-dump-note>App\\Models\\User</span> {<a class=sf-dump-ref>#913</a><samp data-depth=1 class=sf-dump-expanded>
  #<span class=sf-dump-protected title=\"Protected property\">connection</span>: \"<span class=sf-dump-str title=\"5 characters\">mysql</span>\"
  #<span class=sf-dump-protected title=\"Protected property\">table</span>: \"<span class=sf-dump-str title=\"5 characters\">users</span>\"
  #<span class=sf-dump-protected title=\"Protected property\">primaryKey</span>: \"<span class=sf-dump-str title=\"2 characters\">id</span>\"
  #<span class=sf-dump-protected title=\"Protected property\">keyType</span>: \"<span class=sf-dump-str title=\"3 characters\">int</span>\"
  +<span class=sf-dump-public title=\"Public property\">incrementing</span>: <span class=sf-dump-const>true</span>
  #<span class=sf-dump-protected title=\"Protected property\">with</span>: []
  #<span class=sf-dump-protected title=\"Protected property\">withCount</span>: []
  +<span class=sf-dump-public title=\"Public property\">preventsLazyLoading</span>: <span class=sf-dump-const>false</span>
  #<span class=sf-dump-protected title=\"Protected property\">perPage</span>: <span class=sf-dump-num>15</span>
  +<span class=sf-dump-public title=\"Public property\">exists</span>: <span class=sf-dump-const>true</span>
  +<span class=sf-dump-public title=\"Public property\">wasRecentlyCreated</span>: <span class=sf-dump-const>false</span>
  #<span class=sf-dump-protected title=\"Protected property\">escapeWhenCastingToString</span>: <span class=sf-dump-const>false</span>
  #<span class=sf-dump-protected title=\"Protected property\">attributes</span>: <span class=sf-dump-note>array:70</span> [<samp data-depth=2 class=sf-dump-compact>
    \"<span class=sf-dump-key>id</span>\" => <span class=sf-dump-num>1</span>
    \"<span class=sf-dump-key>type</span>\" => <span class=sf-dump-num>0</span>
    \"<span class=sf-dump-key>name</span>\" => \"<span class=sf-dump-str title=\"13 characters\">Administrator</span>\"
    \"<span class=sf-dump-key>photo</span>\" => \"<span class=sf-dump-str title=\"35 characters\">1789567457-nCpmd7-6aaaa1e10df6a.jpg</span>\"
    \"<span class=sf-dump-key>username</span>\" => \"<span class=sf-dump-str title=\"5 characters\">admin</span>\"
    \"<span class=sf-dump-key>phone</span>\" => \"<span class=sf-dump-str title=\"13 characters\">6280012345660</span>\"
    \"<span class=sf-dump-key>email</span>\" => \"<span class=sf-dump-str title=\"20 characters\">mjaya69703@gmail.com</span>\"
    \"<span class=sf-dump-key>link_ig</span>\" => <span class=sf-dump-const>null</span>
    \"<span class=sf-dump-key>link_fb</span>\" => <span class=sf-dump-const>null</span>
    \"<span class=sf-dump-key>link_in</span>\" => <span class=sf-dump-const>null</span>
    \"<span class=sf-dump-key>bio_blood</span>\" => <span class=sf-dump-const>null</span>
    \"<span class=sf-dump-key>bio_height</span>\" => <span class=sf-dump-const>null</span>
    \"<span class=sf-dump-key>bio_weight</span>\" => <span class=sf-dump-const>null</span>
    \"<span class=sf-dump-key>bio_gender</span>\" => \"<span class=sf-dump-str title=\"9 characters\">Laki-laki</span>\"
    \"<span class=sf-dump-key>bio_religion</span>\" => <span class=sf-dump-const>null</span>
    \"<span class=sf-dump-key>bio_placebirth</span>\" => <span class=sf-dump-const>null</span>
    \"<span class=sf-dump-key>bio_nationality</span>\" => <span class=sf-dump-const>null</span>
    \"<span class=sf-dump-key>bio_datebirth</span>\" => <span class=sf-dump-const>null</span>
    \"<span class=sf-dump-key>numb_kk</span>\" => \"<span class=sf-dump-str title=\"11 characters\">11111111111</span>\"
    \"<span class=sf-dump-key>numb_ktp</span>\" => \"<span class=sf-dump-str title=\"15 characters\">122222222222222</span>\"
    \"<span class=sf-dump-key>numb_npsn</span>\" => <span class=sf-dump-const>null</span>
    \"<span class=sf-dump-key>numb_nitk</span>\" => \"<span class=sf-dump-str title=\"18 characters\">111111111111111111</span>\"
    \"<span class=sf-dump-key>numb_staff</span>\" => \"<span class=sf-dump-str>1</span>\"
    \"<span class=sf-dump-key>code</span>\" => \"<span class=sf-dump-str title=\"6 characters\">nCpmd7</span>\"
    \"<span class=sf-dump-key>password</span>\" => \"<span class=sf-dump-str title=\"60 characters\">$2y$12$mnKBaJy5agivF1/4zLseMeoqD2xAJLAj6mMPIrNie8JoMMteyCmM2</span>\"
    \"<span class=sf-dump-key>fst_setup</span>\" => <span class=sf-dump-num>0</span>
    \"<span class=sf-dump-key>tfa_setup</span>\" => <span class=sf-dump-num>0</span>
    \"<span class=sf-dump-key>ktp_addres</span>\" => \"\"\"
      <span class=sf-dump-str title=\"65 characters\">Cirahayu No. 104 RT/RW 03/010 Desa Sindangraja<span class=\"sf-dump-default sf-dump-ns\">\\r\\n</span></span>
      <span class=sf-dump-str title=\"65 characters\">Kecamatan Jamanis</span>
      \"\"\"
    \"<span class=sf-dump-key>ktp_rt</span>\" => \"<span class=sf-dump-str title=\"2 characters\">03</span>\"
    \"<span class=sf-dump-key>ktp_rw</span>\" => \"<span class=sf-dump-str title=\"3 characters\">010</span>\"
    \"<span class=sf-dump-key>ktp_village</span>\" => <span class=sf-dump-const>null</span>
    \"<span class=sf-dump-key>ktp_subdistrict</span>\" => \"<span class=sf-dump-str title=\"7 characters\">Jamanis</span>\"
    \"<span class=sf-dump-key>ktp_poscode</span>\" => \"<span class=sf-dump-str title=\"5 characters\">46175</span>\"
    \"<span class=sf-dump-key>ktp_city</span>\" => \"<span class=sf-dump-str title=\"21 characters\">Kabupaten Tasikmalaya</span>\"
    \"<span class=sf-dump-key>ktp_province</span>\" => \"<span class=sf-dump-str title=\"10 characters\">Jawa Barat</span>\"
    \"<span class=sf-dump-key>domicile_same</span>\" => \"<span class=sf-dump-str title=\"3 characters\">Yes</span>\"
    \"<span class=sf-dump-key>domicile_addres</span>\" => <span class=sf-dump-const>null</span>
    \"<span class=sf-dump-key>domicile_rt</span>\" => <span class=sf-dump-const>null</span>
    \"<span class=sf-dump-key>domicile_rw</span>\" => <span class=sf-dump-const>null</span>
    \"<span class=sf-dump-key>domicile_village</span>\" => <span class=sf-dump-const>null</span>
    \"<span class=sf-dump-key>domicile_subdistrict</span>\" => <span class=sf-dump-const>null</span>
    \"<span class=sf-dump-key>domicile_poscode</span>\" => <span class=sf-dump-const>null</span>
    \"<span class=sf-dump-key>domicile_city</span>\" => <span class=sf-dump-const>null</span>
    \"<span class=sf-dump-key>domicile_province</span>\" => <span class=sf-dump-const>null</span>
    \"<span class=sf-dump-key>google_id</span>\" => <span class=sf-dump-const>null</span>
    \"<span class=sf-dump-key>google_token</span>\" => <span class=sf-dump-const>null</span>
    \"<span class=sf-dump-key>google_refresh_token</span>\" => <span class=sf-dump-const>null</span>
    \"<span class=sf-dump-key>title_front</span>\" => <span class=sf-dump-const>null</span>
    \"<span class=sf-dump-key>title_behind</span>\" => <span class=sf-dump-const>null</span>
    \"<span class=sf-dump-key>edu1_type</span>\" => \"<span class=sf-dump-str title=\"7 characters\">SMA/SMK</span>\"
    \"<span class=sf-dump-key>edu1_place</span>\" => \"<span class=sf-dump-str title=\"6 characters\">SMAN 2</span>\"
    \"<span class=sf-dump-key>edu1_major</span>\" => \"<span class=sf-dump-str title=\"3 characters\">IPS</span>\"
    \"<span class=sf-dump-key>edu1_average_score</span>\" => \"<span class=sf-dump-str title=\"3 characters\">3.7</span>\"
    \"<span class=sf-dump-key>edu1_graduate_year</span>\" => \"<span class=sf-dump-str title=\"4 characters\">2002</span>\"
    \"<span class=sf-dump-key>edu2_type</span>\" => \"<span class=sf-dump-str title=\"7 characters\">SMA/SMK</span>\"
    \"<span class=sf-dump-key>edu2_place</span>\" => \"<span class=sf-dump-str title=\"3 characters\">DCI</span>\"
    \"<span class=sf-dump-key>edu2_major</span>\" => \"<span class=sf-dump-str title=\"10 characters\">Informatic</span>\"
    \"<span class=sf-dump-key>edu2_average_score</span>\" => \"<span class=sf-dump-str title=\"3 characters\">3.7</span>\"
    \"<span class=sf-dump-key>edu2_graduate_year</span>\" => \"<span class=sf-dump-str title=\"4 characters\">2004</span>\"
    \"<span class=sf-dump-key>edu3_type</span>\" => \"<span class=sf-dump-str title=\"7 characters\">SMA/SMK</span>\"
    \"<span class=sf-dump-key>edu3_place</span>\" => <span class=sf-dump-const>null</span>
    \"<span class=sf-dump-key>edu3_major</span>\" => <span class=sf-dump-const>null</span>
    \"<span class=sf-dump-key>edu3_average_score</span>\" => <span class=sf-dump-const>null</span>
    \"<span class=sf-dump-key>edu3_graduate_year</span>\" => <span class=sf-dump-const>null</span>
    \"<span class=sf-dump-key>created_at</span>\" => \"<span class=sf-dump-str title=\"19 characters\">2026-09-16 13:10:12</span>\"
    \"<span class=sf-dump-key>updated_at</span>\" => \"<span class=sf-dump-str title=\"19 characters\">2026-09-16 21:04:17</span>\"
    \"<span class=sf-dump-key>deleted_at</span>\" => <span class=sf-dump-const>null</span>
    \"<span class=sf-dump-key>created_by</span>\" => <span class=sf-dump-const>null</span>
    \"<span class=sf-dump-key>updated_by</span>\" => <span class=sf-dump-const>null</span>
    \"<span class=sf-dump-key>deleted_by</span>\" => <span class=sf-dump-const>null</span>
  </samp>]
  #<span class=sf-dump-protected title=\"Protected property\">original</span>: <span class=sf-dump-note>array:70</span> [<samp data-depth=2 class=sf-dump-compact>
    \"<span class=sf-dump-key>id</span>\" => <span class=sf-dump-num>1</span>
    \"<span class=sf-dump-key>type</span>\" => <span class=sf-dump-num>0</span>
    \"<span class=sf-dump-key>name</span>\" => \"<span class=sf-dump-str title=\"13 characters\">Administrator</span>\"
    \"<span class=sf-dump-key>photo</span>\" => \"<span class=sf-dump-str title=\"35 characters\">1789567457-nCpmd7-6aaaa1e10df6a.jpg</span>\"
    \"<span class=sf-dump-key>username</span>\" => \"<span class=sf-dump-str title=\"5 characters\">admin</span>\"
    \"<span class=sf-dump-key>phone</span>\" => \"<span class=sf-dump-str title=\"13 characters\">6280012345660</span>\"
    \"<span class=sf-dump-key>email</span>\" => \"<span class=sf-dump-str title=\"20 characters\">mjaya69703@gmail.com</span>\"
    \"<span class=sf-dump-key>link_ig</span>\" => <span class=sf-dump-const>null</span>
    \"<span class=sf-dump-key>link_fb</span>\" => <span class=sf-dump-const>null</span>
    \"<span class=sf-dump-key>link_in</span>\" => <span class=sf-dump-const>null</span>
    \"<span class=sf-dump-key>bio_blood</span>\" => <span class=sf-dump-const>null</span>
    \"<span class=sf-dump-key>bio_height</span>\" => <span class=sf-dump-const>null</span>
    \"<span class=sf-dump-key>bio_weight</span>\" => <span class=sf-dump-const>null</span>
    \"<span class=sf-dump-key>bio_gender</span>\" => \"<span class=sf-dump-str title=\"9 characters\">Laki-laki</span>\"
    \"<span class=sf-dump-key>bio_religion</span>\" => <span class=sf-dump-const>null</span>
    \"<span class=sf-dump-key>bio_placebirth</span>\" => <span class=sf-dump-const>null</span>
    \"<span class=sf-dump-key>bio_nationality</span>\" => <span class=sf-dump-const>null</span>
    \"<span class=sf-dump-key>bio_datebirth</span>\" => <span class=sf-dump-const>null</span>
    \"<span class=sf-dump-key>numb_kk</span>\" => \"<span class=sf-dump-str title=\"11 characters\">11111111111</span>\"
    \"<span class=sf-dump-key>numb_ktp</span>\" => \"<span class=sf-dump-str title=\"15 characters\">122222222222222</span>\"
    \"<span class=sf-dump-key>numb_npsn</span>\" => <span class=sf-dump-const>null</span>
    \"<span class=sf-dump-key>numb_nitk</span>\" => \"<span class=sf-dump-str title=\"18 characters\">111111111111111111</span>\"
    \"<span class=sf-dump-key>numb_staff</span>\" => \"<span class=sf-dump-str>1</span>\"
    \"<span class=sf-dump-key>code</span>\" => \"<span class=sf-dump-str title=\"6 characters\">nCpmd7</span>\"
    \"<span class=sf-dump-key>password</span>\" => \"<span class=sf-dump-str title=\"60 characters\">$2y$12$mnKBaJy5agivF1/4zLseMeoqD2xAJLAj6mMPIrNie8JoMMteyCmM2</span>\"
    \"<span class=sf-dump-key>fst_setup</span>\" => <span class=sf-dump-num>0</span>
    \"<span class=sf-dump-key>tfa_setup</span>\" => <span class=sf-dump-num>0</span>
    \"<span class=sf-dump-key>ktp_addres</span>\" => \"\"\"
      <span class=sf-dump-str title=\"65 characters\">Cirahayu No. 104 RT/RW 03/010 Desa Sindangraja<span class=\"sf-dump-default sf-dump-ns\">\\r\\n</span></span>
      <span class=sf-dump-str title=\"65 characters\">Kecamatan Jamanis</span>
      \"\"\"
    \"<span class=sf-dump-key>ktp_rt</span>\" => \"<span class=sf-dump-str title=\"2 characters\">03</span>\"
    \"<span class=sf-dump-key>ktp_rw</span>\" => \"<span class=sf-dump-str title=\"3 characters\">010</span>\"
    \"<span class=sf-dump-key>ktp_village</span>\" => <span class=sf-dump-const>null</span>
    \"<span class=sf-dump-key>ktp_subdistrict</span>\" => \"<span class=sf-dump-str title=\"7 characters\">Jamanis</span>\"
    \"<span class=sf-dump-key>ktp_poscode</span>\" => \"<span class=sf-dump-str title=\"5 characters\">46175</span>\"
    \"<span class=sf-dump-key>ktp_city</span>\" => \"<span class=sf-dump-str title=\"21 characters\">Kabupaten Tasikmalaya</span>\"
    \"<span class=sf-dump-key>ktp_province</span>\" => \"<span class=sf-dump-str title=\"10 characters\">Jawa Barat</span>\"
    \"<span class=sf-dump-key>domicile_same</span>\" => \"<span class=sf-dump-str title=\"3 characters\">Yes</span>\"
    \"<span class=sf-dump-key>domicile_addres</span>\" => <span class=sf-dump-const>null</span>
    \"<span class=sf-dump-key>domicile_rt</span>\" => <span class=sf-dump-const>null</span>
    \"<span class=sf-dump-key>domicile_rw</span>\" => <span class=sf-dump-const>null</span>
    \"<span class=sf-dump-key>domicile_village</span>\" => <span class=sf-dump-const>null</span>
    \"<span class=sf-dump-key>domicile_subdistrict</span>\" => <span class=sf-dump-const>null</span>
    \"<span class=sf-dump-key>domicile_poscode</span>\" => <span class=sf-dump-const>null</span>
    \"<span class=sf-dump-key>domicile_city</span>\" => <span class=sf-dump-const>null</span>
    \"<span class=sf-dump-key>domicile_province</span>\" => <span class=sf-dump-const>null</span>
    \"<span class=sf-dump-key>google_id</span>\" => <span class=sf-dump-const>null</span>
    \"<span class=sf-dump-key>google_token</span>\" => <span class=sf-dump-const>null</span>
    \"<span class=sf-dump-key>google_refresh_token</span>\" => <span class=sf-dump-const>null</span>
    \"<span class=sf-dump-key>title_front</span>\" => <span class=sf-dump-const>null</span>
    \"<span class=sf-dump-key>title_behind</span>\" => <span class=sf-dump-const>null</span>
    \"<span class=sf-dump-key>edu1_type</span>\" => \"<span class=sf-dump-str title=\"7 characters\">SMA/SMK</span>\"
    \"<span class=sf-dump-key>edu1_place</span>\" => \"<span class=sf-dump-str title=\"6 characters\">SMAN 2</span>\"
    \"<span class=sf-dump-key>edu1_major</span>\" => \"<span class=sf-dump-str title=\"3 characters\">IPS</span>\"
    \"<span class=sf-dump-key>edu1_average_score</span>\" => \"<span class=sf-dump-str title=\"3 characters\">3.7</span>\"
    \"<span class=sf-dump-key>edu1_graduate_year</span>\" => \"<span class=sf-dump-str title=\"4 characters\">2002</span>\"
    \"<span class=sf-dump-key>edu2_type</span>\" => \"<span class=sf-dump-str title=\"7 characters\">SMA/SMK</span>\"
    \"<span class=sf-dump-key>edu2_place</span>\" => \"<span class=sf-dump-str title=\"3 characters\">DCI</span>\"
    \"<span class=sf-dump-key>edu2_major</span>\" => \"<span class=sf-dump-str title=\"10 characters\">Informatic</span>\"
    \"<span class=sf-dump-key>edu2_average_score</span>\" => \"<span class=sf-dump-str title=\"3 characters\">3.7</span>\"
    \"<span class=sf-dump-key>edu2_graduate_year</span>\" => \"<span class=sf-dump-str title=\"4 characters\">2004</span>\"
    \"<span class=sf-dump-key>edu3_type</span>\" => \"<span class=sf-dump-str title=\"7 characters\">SMA/SMK</span>\"
    \"<span class=sf-dump-key>edu3_place</span>\" => <span class=sf-dump-const>null</span>
    \"<span class=sf-dump-key>edu3_major</span>\" => <span class=sf-dump-const>null</span>
    \"<span class=sf-dump-key>edu3_average_score</span>\" => <span class=sf-dump-const>null</span>
    \"<span class=sf-dump-key>edu3_graduate_year</span>\" => <span class=sf-dump-const>null</span>
    \"<span class=sf-dump-key>created_at</span>\" => \"<span class=sf-dump-str title=\"19 characters\">2026-09-16 13:10:12</span>\"
    \"<span class=sf-dump-key>updated_at</span>\" => \"<span class=sf-dump-str title=\"19 characters\">2026-09-16 21:04:17</span>\"
    \"<span class=sf-dump-key>deleted_at</span>\" => <span class=sf-dump-const>null</span>
    \"<span class=sf-dump-key>created_by</span>\" => <span class=sf-dump-const>null</span>
    \"<span class=sf-dump-key>updated_by</span>\" => <span class=sf-dump-const>null</span>
    \"<span class=sf-dump-key>deleted_by</span>\" => <span class=sf-dump-const>null</span>
  </samp>]
  #<span class=sf-dump-protected title=\"Protected property\">changes</span>: []
  #<span class=sf-dump-protected title=\"Protected property\">previous</span>: []
  #<span class=sf-dump-protected title=\"Protected property\">casts</span>: <span class=sf-dump-note>array:1</span> [<samp data-depth=2 class=sf-dump-compact>
    \"<span class=sf-dump-key>deleted_at</span>\" => \"<span class=sf-dump-str title=\"8 characters\">datetime</span>\"
  </samp>]
  #<span class=sf-dump-protected title=\"Protected property\">classCastCache</span>: []
  #<span class=sf-dump-protected title=\"Protected property\">attributeCastCache</span>: []
  #<span class=sf-dump-protected title=\"Protected property\">dateFormat</span>: <span class=sf-dump-const>null</span>
  #<span class=sf-dump-protected title=\"Protected property\">appends</span>: []
  #<span class=sf-dump-protected title=\"Protected property\">dispatchesEvents</span>: []
  #<span class=sf-dump-protected title=\"Protected property\">observables</span>: []
  #<span class=sf-dump-protected title=\"Protected property\">relations</span>: []
  #<span class=sf-dump-protected title=\"Protected property\">touches</span>: []
  #<span class=sf-dump-protected title=\"Protected property\">relationAutoloadCallback</span>: <span class=sf-dump-const>null</span>
  #<span class=sf-dump-protected title=\"Protected property\">relationAutoloadContext</span>: <span class=sf-dump-const>null</span>
  +<span class=sf-dump-public title=\"Public property\">timestamps</span>: <span class=sf-dump-const>true</span>
  +<span class=sf-dump-public title=\"Public property\">usesUniqueIds</span>: <span class=sf-dump-const>false</span>
  #<span class=sf-dump-protected title=\"Protected property\">hidden</span>: []
  #<span class=sf-dump-protected title=\"Protected property\">visible</span>: []
  #<span class=sf-dump-protected title=\"Protected property\">fillable</span>: []
  #<span class=sf-dump-protected title=\"Protected property\">guarded</span>: []
  #<span class=sf-dump-protected title=\"Protected property\">authPasswordName</span>: \"<span class=sf-dump-str title=\"8 characters\">password</span>\"
  #<span class=sf-dump-protected title=\"Protected property\">rememberTokenName</span>: \"<span class=sf-dump-str title=\"14 characters\">remember_token</span>\"
  #<span class=sf-dump-protected title=\"Protected property\">accessToken</span>: <span class=sf-dump-const>null</span>
  #<span class=sf-dump-protected title=\"Protected property\">forceDeleting</span>: <span class=sf-dump-const>false</span>
</samp>}
</pre><script>Sfdump(\"sf-dump-1285269537\", {\"maxDepth\":3,\"maxStringLength\":160})</script>
"}},"userId":1,"exception":"[object] (Spatie\\LaravelIgnition\\Exceptions\\ViewException(code: 0): Undefined variable $spref at C:\\laragon\\www\\STIT2\\resources\\views\\core-themes\\core-mainpage.blade.php:352)
[stacktrace]
#0 C:\\laragon\\www\\STIT2\\vendor\\laravel\\framework\\src\\Illuminate\\Filesystem\\Filesystem.php(123): require('C:\\\\laragon\\\\www\\\\...')
#1 C:\\laragon\\www\\STIT2\\vendor\\laravel\\framework\\src\\Illuminate\\Filesystem\\Filesystem.php(124): Illuminate\\Filesystem\\Filesystem::Illuminate\\Filesystem\\{closure}()
#2 C:\\laragon\\www\\STIT2\\vendor\\laravel\\framework\\src\\Illuminate\\View\\Engines\\PhpEngine.php(57): Illuminate\\Filesystem\\Filesystem->getRequire('C:\\\\laragon\\\\www\\\\...', Array)
#3 C:\\laragon\\www\\STIT2\\vendor\\livewire\\livewire\\src\\Mechanisms\\ExtendBlade\\ExtendedCompilerEngine.php(22): Illuminate\\View\\Engines\\PhpEngine->evaluatePath('C:\\\\laragon\\\\www\\\\...', Array)
#4 C:\\laragon\\www\\STIT2\\vendor\\laravel\\framework\\src\\Illuminate\\View\\Engines\\CompilerEngine.php(76): Livewire\\Mechanisms\\ExtendBlade\\ExtendedCompilerEngine->evaluatePath('C:\\\\laragon\\\\www\\\\...', Array)
#5 C:\\laragon\\www\\STIT2\\vendor\\livewire\\livewire\\src\\Mechanisms\\ExtendBlade\\ExtendedCompilerEngine.php(10): Illuminate\\View\\Engines\\CompilerEngine->get('C:\\\\laragon\\\\www\\\\...', Array)
#6 C:\\laragon\\www\\STIT2\\vendor\\laravel\\framework\\src\\Illuminate\\View\\View.php(208): Livewire\\Mechanisms\\ExtendBlade\\ExtendedCompilerEngine->get('C:\\\\laragon\\\\www\\\\...', Array)
#7 C:\\laragon\\www\\STIT2\\vendor\\laravel\\framework\\src\\Illuminate\\View\\View.php(191): Illuminate\\View\\View->getContents()
#8 C:\\laragon\\www\\STIT2\\vendor\\laravel\\framework\\src\\Illuminate\\View\\View.php(160): Illuminate\\View\\View->renderContents()
#9 C:\\laragon\\www\\STIT2\\resources\\views\\central\\pages\\public-info.blade.php(44): Illuminate\\View\\View->render()
#10 C:\\laragon\\www\\STIT2\\vendor\\laravel\\framework\\src\\Illuminate\\Filesystem\\Filesystem.php(123): require('C:\\\\laragon\\\\www\\\\...')
#11 C:\\laragon\\www\\STIT2\\vendor\\laravel\\framework\\src\\Illuminate\\Filesystem\\Filesystem.php(124): Illuminate\\Filesystem\\Filesystem::Illuminate\\Filesystem\\{closure}()
#12 C:\\laragon\\www\\STIT2\\vendor\\laravel\\framework\\src\\Illuminate\\View\\Engines\\PhpEngine.php(57): Illuminate\\Filesystem\\Filesystem->getRequire('C:\\\\laragon\\\\www\\\\...', Array)
#13 C:\\laragon\\www\\STIT2\\vendor\\livewire\\livewire\\src\\Mechanisms\\ExtendBlade\\ExtendedCompilerEngine.php(22): Illuminate\\View\\Engines\\PhpEngine->evaluatePath('C:\\\\laragon\\\\www\\\\...', Array)
#14 C:\\laragon\\www\\STIT2\\vendor\\laravel\\framework\\src\\Illuminate\\View\\Engines\\CompilerEngine.php(76): Livewire\\Mechanisms\\ExtendBlade\\ExtendedCompilerEngine->evaluatePath('C:\\\\laragon\\\\www\\\\...', Array)
#15 C:\\laragon\\www\\STIT2\\vendor\\livewire\\livewire\\src\\Mechanisms\\ExtendBlade\\ExtendedCompilerEngine.php(10): Illuminate\\View\\Engines\\CompilerEngine->get('C:\\\\laragon\\\\www\\\\...', Array)
#16 C:\\laragon\\www\\STIT2\\vendor\\laravel\\framework\\src\\Illuminate\\View\\View.php(208): Livewire\\Mechanisms\\ExtendBlade\\ExtendedCompilerEngine->get('C:\\\\laragon\\\\www\\\\...', Array)
#17 C:\\laragon\\www\\STIT2\\vendor\\laravel\\framework\\src\\Illuminate\\View\\View.php(191): Illuminate\\View\\View->getContents()
#18 C:\\laragon\\www\\STIT2\\vendor\\laravel\\framework\\src\\Illuminate\\View\\View.php(160): Illuminate\\View\\View->renderContents()
#19 C:\\laragon\\www\\STIT2\\vendor\\laravel\\framework\\src\\Illuminate\\Http\\Response.php(78): Illuminate\\View\\View->render()
#20 C:\\laragon\\www\\STIT2\\vendor\\laravel\\framework\\src\\Illuminate\\Http\\Response.php(34): Illuminate\\Http\\Response->setContent(Object(Illuminate\\View\\View))
#21 C:\\laragon\\www\\STIT2\\vendor\\laravel\\framework\\src\\Illuminate\\Routing\\Router.php(925): Illuminate\\Http\\Response->__construct(Object(Illuminate\\View\\View), 200, Array)
#22 C:\\laragon\\www\\STIT2\\vendor\\laravel\\framework\\src\\Illuminate\\Routing\\Router.php(892): Illuminate\\Routing\\Router::toResponse(Object(Illuminate\\Http\\Request), Object(Illuminate\\View\\View))
#23 C:\\laragon\\www\\STIT2\\vendor\\laravel\\framework\\src\\Illuminate\\Routing\\Router.php(807): Illuminate\\Routing\\Router->prepareResponse(Object(Illuminate\\Http\\Request), Object(Illuminate\\View\\View))
#24 C:\\laragon\\www\\STIT2\\vendor\\laravel\\framework\\src\\Illuminate\\Pipeline\\Pipeline.php(169): Illuminate\\Routing\\Router->Illuminate\\Routing\\{closure}(Object(Illuminate\\Http\\Request))
#25 C:\\laragon\\www\\STIT2\\vendor\\laravel\\framework\\src\\Illuminate\\Routing\\Middleware\\SubstituteBindings.php(50): Illuminate\\Pipeline\\Pipeline->Illuminate\\Pipeline\\{closure}(Object(Illuminate\\Http\\Request))
#26 C:\\laragon\\www\\STIT2\\vendor\\laravel\\framework\\src\\Illuminate\\Pipeline\\Pipeline.php(208): Illuminate\\Routing\\Middleware\\SubstituteBindings->handle(Object(Illuminate\\Http\\Request), Object(Closure))
#27 C:\\laragon\\www\\STIT2\\vendor\\laravel\\framework\\src\\Illuminate\\Foundation\\Http\\Middleware\\VerifyCsrfToken.php(87): Illuminate\\Pipeline\\Pipeline->Illuminate\\Pipeline\\{closure}(Object(Illuminate\\Http\\Request))
#28 C:\\laragon\\www\\STIT2\\vendor\\laravel\\framework\\src\\Illuminate\\Pipeline\\Pipeline.php(208): Illuminate\\Foundation\\Http\\Middleware\\VerifyCsrfToken->handle(Object(Illuminate\\Http\\Request), Object(Closure))
#29 C:\\laragon\\www\\STIT2\\vendor\\laravel\\framework\\src\\Illuminate\\View\\Middleware\\ShareErrorsFromSession.php(48): Illuminate\\Pipeline\\Pipeline->Illuminate\\Pipeline\\{closure}(Object(Illuminate\\Http\\Request))
#30 C:\\laragon\\www\\STIT2\\vendor\\laravel\\framework\\src\\Illuminate\\Pipeline\\Pipeline.php(208): Illuminate\\View\\Middleware\\ShareErrorsFromSession->handle(Object(Illuminate\\Http\\Request), Object(Closure))
#31 C:\\laragon\\www\\STIT2\\vendor\\laravel\\framework\\src\\Illuminate\\Session\\Middleware\\StartSession.php(120): Illuminate\\Pipeline\\Pipeline->Illuminate\\Pipeline\\{closure}(Object(Illuminate\\Http\\Request))
#32 C:\\laragon\\www\\STIT2\\vendor\\laravel\\framework\\src\\Illuminate\\Session\\Middleware\\StartSession.php(63): Illuminate\\Session\\Middleware\\StartSession->handleStatefulRequest(Object(Illuminate\\Http\\Request), Object(Illuminate\\Session\\Store), Object(Closure))
#33 C:\\laragon\\www\\STIT2\\vendor\\laravel\\framework\\src\\Illuminate\\Pipeline\\Pipeline.php(208): Illuminate\\Session\\Middleware\\StartSession->handle(Object(Illuminate\\Http\\Request), Object(Closure))
#34 C:\\laragon\\www\\STIT2\\vendor\\laravel\\framework\\src\\Illuminate\\Cookie\\Middleware\\AddQueuedCookiesToResponse.php(36): Illuminate\\Pipeline\\Pipeline->Illuminate\\Pipeline\\{closure}(Object(Illuminate\\Http\\Request))
#35 C:\\laragon\\www\\STIT2\\vendor\\laravel\\framework\\src\\Illuminate\\Pipeline\\Pipeline.php(208): Illuminate\\Cookie\\Middleware\\AddQueuedCookiesToResponse->handle(Object(Illuminate\\Http\\Request), Object(Closure))
#36 C:\\laragon\\www\\STIT2\\vendor\\laravel\\framework\\src\\Illuminate\\Cookie\\Middleware\\EncryptCookies.php(74): Illuminate\\Pipeline\\Pipeline->Illuminate\\Pipeline\\{closure}(Object(Illuminate\\Http\\Request))
#37 C:\\laragon\\www\\STIT2\\vendor\\laravel\\framework\\src\\Illuminate\\Pipeline\\Pipeline.php(208): Illuminate\\Cookie\\Middleware\\EncryptCookies->handle(Object(Illuminate\\Http\\Request), Object(Closure))
#38 C:\\laragon\\www\\STIT2\\vendor\\laravel\\framework\\src\\Illuminate\\Pipeline\\Pipeline.php(126): Illuminate\\Pipeline\\Pipeline->Illuminate\\Pipeline\\{closure}(Object(Illuminate\\Http\\Request))
#39 C:\\laragon\\www\\STIT2\\vendor\\laravel\\framework\\src\\Illuminate\\Routing\\Router.php(807): Illuminate\\Pipeline\\Pipeline->then(Object(Closure))
#40 C:\\laragon\\www\\STIT2\\vendor\\laravel\\framework\\src\\Illuminate\\Routing\\Router.php(786): Illuminate\\Routing\\Router->runRouteWithinStack(Object(Illuminate\\Routing\\Route), Object(Illuminate\\Http\\Request))
#41 C:\\laragon\\www\\STIT2\\vendor\\laravel\\framework\\src\\Illuminate\\Routing\\Router.php(750): Illuminate\\Routing\\Router->runRoute(Object(Illuminate\\Http\\Request), Object(Illuminate\\Routing\\Route))
#42 C:\\laragon\\www\\STIT2\\vendor\\laravel\\framework\\src\\Illuminate\\Routing\\Router.php(739): Illuminate\\Routing\\Router->dispatchToRoute(Object(Illuminate\\Http\\Request))
#43 C:\\laragon\\www\\STIT2\\vendor\\laravel\\framework\\src\\Illuminate\\Foundation\\Http\\Kernel.php(200): Illuminate\\Routing\\Router->dispatch(Object(Illuminate\\Http\\Request))
#44 C:\\laragon\\www\\STIT2\\vendor\\laravel\\framework\\src\\Illuminate\\Pipeline\\Pipeline.php(169): Illuminate\\Foundation\\Http\\Kernel->Illuminate\\Foundation\\Http\\{closure}(Object(Illuminate\\Http\\Request))
#45 C:\\laragon\\www\\STIT2\\vendor\\livewire\\livewire\\src\\Features\\SupportDisablingBackButtonCache\\DisableBackButtonCacheMiddleware.php(19): Illuminate\\Pipeline\\Pipeline->Illuminate\\Pipeline\\{closure}(Object(Illuminate\\Http\\Request))
#46 C:\\laragon\\www\\STIT2\\vendor\\laravel\\framework\\src\\Illuminate\\Pipeline\\Pipeline.php(208): Livewire\\Features\\SupportDisablingBackButtonCache\\DisableBackButtonCacheMiddleware->handle(Object(Illuminate\\Http\\Request), Object(Closure))
#47 C:\\laragon\\www\\STIT2\\vendor\\laravel\\framework\\src\\Illuminate\\Foundation\\Http\\Middleware\\TransformsRequest.php(21): Illuminate\\Pipeline\\Pipeline->Illuminate\\Pipeline\\{closure}(Object(Illuminate\\Http\\Request))
#48 C:\\laragon\\www\\STIT2\\vendor\\laravel\\framework\\src\\Illuminate\\Foundation\\Http\\Middleware\\ConvertEmptyStringsToNull.php(31): Illuminate\\Foundation\\Http\\Middleware\\TransformsRequest->handle(Object(Illuminate\\Http\\Request), Object(Closure))
#49 C:\\laragon\\www\\STIT2\\vendor\\laravel\\framework\\src\\Illuminate\\Pipeline\\Pipeline.php(208): Illuminate\\Foundation\\Http\\Middleware\\ConvertEmptyStringsToNull->handle(Object(Illuminate\\Http\\Request), Object(Closure))
#50 C:\\laragon\\www\\STIT2\\vendor\\laravel\\framework\\src\\Illuminate\\Foundation\\Http\\Middleware\\TransformsRequest.php(21): Illuminate\\Pipeline\\Pipeline->Illuminate\\Pipeline\\{closure}(Object(Illuminate\\Http\\Request))
#51 C:\\laragon\\www\\STIT2\\vendor\\laravel\\framework\\src\\Illuminate\\Foundation\\Http\\Middleware\\TrimStrings.php(51): Illuminate\\Foundation\\Http\\Middleware\\TransformsRequest->handle(Object(Illuminate\\Http\\Request), Object(Closure))
#52 C:\\laragon\\www\\STIT2\\vendor\\laravel\\framework\\src\\Illuminate\\Pipeline\\Pipeline.php(208): Illuminate\\Foundation\\Http\\Middleware\\TrimStrings->handle(Object(Illuminate\\Http\\Request), Object(Closure))
#53 C:\\laragon\\www\\STIT2\\vendor\\laravel\\framework\\src\\Illuminate\\Http\\Middleware\\ValidatePostSize.php(27): Illuminate\\Pipeline\\Pipeline->Illuminate\\Pipeline\\{closure}(Object(Illuminate\\Http\\Request))
#54 C:\\laragon\\www\\STIT2\\vendor\\laravel\\framework\\src\\Illuminate\\Pipeline\\Pipeline.php(208): Illuminate\\Http\\Middleware\\ValidatePostSize->handle(Object(Illuminate\\Http\\Request), Object(Closure))
#55 C:\\laragon\\www\\STIT2\\vendor\\laravel\\framework\\src\\Illuminate\\Foundation\\Http\\Middleware\\PreventRequestsDuringMaintenance.php(109): Illuminate\\Pipeline\\Pipeline->Illuminate\\Pipeline\\{closure}(Object(Illuminate\\Http\\Request))
#56 C:\\laragon\\www\\STIT2\\vendor\\laravel\\framework\\src\\Illuminate\\Pipeline\\Pipeline.php(208): Illuminate\\Foundation\\Http\\Middleware\\PreventRequestsDuringMaintenance->handle(Object(Illuminate\\Http\\Request), Object(Closure))
#57 C:\\laragon\\www\\STIT2\\vendor\\laravel\\framework\\src\\Illuminate\\Http\\Middleware\\HandleCors.php(48): Illuminate\\Pipeline\\Pipeline->Illuminate\\Pipeline\\{closure}(Object(Illuminate\\Http\\Request))
#58 C:\\laragon\\www\\STIT2\\vendor\\laravel\\framework\\src\\Illuminate\\Pipeline\\Pipeline.php(208): Illuminate\\Http\\Middleware\\HandleCors->handle(Object(Illuminate\\Http\\Request), Object(Closure))
#59 C:\\laragon\\www\\STIT2\\vendor\\laravel\\framework\\src\\Illuminate\\Http\\Middleware\\TrustProxies.php(58): Illuminate\\Pipeline\\Pipeline->Illuminate\\Pipeline\\{closure}(Object(Illuminate\\Http\\Request))
#60 C:\\laragon\\www\\STIT2\\vendor\\laravel\\framework\\src\\Illuminate\\Pipeline\\Pipeline.php(208): Illuminate\\Http\\Middleware\\TrustProxies->handle(Object(Illuminate\\Http\\Request), Object(Closure))
#61 C:\\laragon\\www\\STIT2\\vendor\\laravel\\framework\\src\\Illuminate\\Foundation\\Http\\Middleware\\InvokeDeferredCallbacks.php(22): Illuminate\\Pipeline\\Pipeline->Illuminate\\Pipeline\\{closure}(Object(Illuminate\\Http\\Request))
#62 C:\\laragon\\www\\STIT2\\vendor\\laravel\\framework\\src\\Illuminate\\Pipeline\\Pipeline.php(208): Illuminate\\Foundation\\Http\\Middleware\\InvokeDeferredCallbacks->handle(Object(Illuminate\\Http\\Request), Object(Closure))
#63 C:\\laragon\\www\\STIT2\\vendor\\laravel\\framework\\src\\Illuminate\\Http\\Middleware\\ValidatePathEncoding.php(26): Illuminate\\Pipeline\\Pipeline->Illuminate\\Pipeline\\{closure}(Object(Illuminate\\Http\\Request))
#64 C:\\laragon\\www\\STIT2\\vendor\\laravel\\framework\\src\\Illuminate\\Pipeline\\Pipeline.php(208): Illuminate\\Http\\Middleware\\ValidatePathEncoding->handle(Object(Illuminate\\Http\\Request), Object(Closure))
#65 C:\\laragon\\www\\STIT2\\vendor\\laravel\\framework\\src\\Illuminate\\Pipeline\\Pipeline.php(126): Illuminate\\Pipeline\\Pipeline->Illuminate\\Pipeline\\{closure}(Object(Illuminate\\Http\\Request))
#66 C:\\laragon\\www\\STIT2\\vendor\\laravel\\framework\\src\\Illuminate\\Foundation\\Http\\Kernel.php(175): Illuminate\\Pipeline\\Pipeline->then(Object(Closure))
#67 C:\\laragon\\www\\STIT2\\vendor\\laravel\\framework\\src\\Illuminate\\Foundation\\Http\\Kernel.php(144): Illuminate\\Foundation\\Http\\Kernel->sendRequestThroughRouter(Object(Illuminate\\Http\\Request))
#68 C:\\laragon\\www\\STIT2\\public\\index.php(51): Illuminate\\Foundation\\Http\\Kernel->handle(Object(Illuminate\\Http\\Request))
#69 C:\\laragon\\www\\STIT2\\vendor\\laravel\\framework\\src\\Illuminate\\Foundation\\resources\\server.php(23): require_once('C:\\\\laragon\\\\www\\\\...')
#70 {main}

[previous exception] [object] (ErrorException(code: 0): Undefined variable $spref at C:\\laragon\\www\\STIT2\\storage\\framework\\views\\c0ab4a70c91cf4f3941485b2f5e3952e.php:352)
[stacktrace]
#0 C:\\laragon\\www\\STIT2\\vendor\\laravel\\framework\\src\\Illuminate\\Foundation\\Bootstrap\\HandleExceptions.php(256): Illuminate\\Foundation\\Bootstrap\\HandleExceptions->handleError(2, 'Undefined varia...', 'C:\\\\laragon\\\\www\\\\...', 352)
#1 C:\\laragon\\www\\STIT2\\storage\\framework\\views\\c0ab4a70c91cf4f3941485b2f5e3952e.php(352): Illuminate\\Foundation\\Bootstrap\\HandleExceptions->Illuminate\\Foundation\\Bootstrap\\{closure}(2, 'Undefined varia...', 'C:\\\\laragon\\\\www\\\\...', 352)
#2 C:\\laragon\\www\\STIT2\\vendor\\laravel\\framework\\src\\Illuminate\\Filesystem\\Filesystem.php(123): require('C:\\\\laragon\\\\www\\\\...')
#3 C:\\laragon\\www\\STIT2\\vendor\\laravel\\framework\\src\\Illuminate\\Filesystem\\Filesystem.php(124): Illuminate\\Filesystem\\Filesystem::Illuminate\\Filesystem\\{closure}()
#4 C:\\laragon\\www\\STIT2\\vendor\\laravel\\framework\\src\\Illuminate\\View\\Engines\\PhpEngine.php(57): Illuminate\\Filesystem\\Filesystem->getRequire('C:\\\\laragon\\\\www\\\\...', Array)
#5 C:\\laragon\\www\\STIT2\\vendor\\livewire\\livewire\\src\\Mechanisms\\ExtendBlade\\ExtendedCompilerEngine.php(22): Illuminate\\View\\Engines\\PhpEngine->evaluatePath('C:\\\\laragon\\\\www\\\\...', Array)
#6 C:\\laragon\\www\\STIT2\\vendor\\laravel\\framework\\src\\Illuminate\\View\\Engines\\CompilerEngine.php(76): Livewire\\Mechanisms\\ExtendBlade\\ExtendedCompilerEngine->evaluatePath('C:\\\\laragon\\\\www\\\\...', Array)
#7 C:\\laragon\\www\\STIT2\\vendor\\livewire\\livewire\\src\\Mechanisms\\ExtendBlade\\ExtendedCompilerEngine.php(10): Illuminate\\View\\Engines\\CompilerEngine->get('C:\\\\laragon\\\\www\\\\...', Array)
#8 C:\\laragon\\www\\STIT2\\vendor\\laravel\\framework\\src\\Illuminate\\View\\View.php(208): Livewire\\Mechanisms\\ExtendBlade\\ExtendedCompilerEngine->get('C:\\\\laragon\\\\www\\\\...', Array)
#9 C:\\laragon\\www\\STIT2\\vendor\\laravel\\framework\\src\\Illuminate\\View\\View.php(191): Illuminate\\View\\View->getContents()
#10 C:\\laragon\\www\\STIT2\\vendor\\laravel\\framework\\src\\Illuminate\\View\\View.php(160): Illuminate\\View\\View->renderContents()
#11 C:\\laragon\\www\\STIT2\\storage\\framework\\views\\59f71ea7e0eaa467808b8a930ee2cee2.php(44): Illuminate\\View\\View->render()
#12 C:\\laragon\\www\\STIT2\\vendor\\laravel\\framework\\src\\Illuminate\\Filesystem\\Filesystem.php(123): require('C:\\\\laragon\\\\www\\\\...')
#13 C:\\laragon\\www\\STIT2\\vendor\\laravel\\framework\\src\\Illuminate\\Filesystem\\Filesystem.php(124): Illuminate\\Filesystem\\Filesystem::Illuminate\\Filesystem\\{closure}()
#14 C:\\laragon\\www\\STIT2\\vendor\\laravel\\framework\\src\\Illuminate\\View\\Engines\\PhpEngine.php(57): Illuminate\\Filesystem\\Filesystem->getRequire('C:\\\\laragon\\\\www\\\\...', Array)
#15 C:\\laragon\\www\\STIT2\\vendor\\livewire\\livewire\\src\\Mechanisms\\ExtendBlade\\ExtendedCompilerEngine.php(22): Illuminate\\View\\Engines\\PhpEngine->evaluatePath('C:\\\\laragon\\\\www\\\\...', Array)
#16 C:\\laragon\\www\\STIT2\\vendor\\laravel\\framework\\src\\Illuminate\\View\\Engines\\CompilerEngine.php(76): Livewire\\Mechanisms\\ExtendBlade\\ExtendedCompilerEngine->evaluatePath('C:\\\\laragon\\\\www\\\\...', Array)
#17 C:\\laragon\\www\\STIT2\\vendor\\livewire\\livewire\\src\\Mechanisms\\ExtendBlade\\ExtendedCompilerEngine.php(10): Illuminate\\View\\Engines\\CompilerEngine->get('C:\\\\laragon\\\\www\\\\...', Array)
#18 C:\\laragon\\www\\STIT2\\vendor\\laravel\\framework\\src\\Illuminate\\View\\View.php(208): Livewire\\Mechanisms\\ExtendBlade\\ExtendedCompilerEngine->get('C:\\\\laragon\\\\www\\\\...', Array)
#19 C:\\laragon\\www\\STIT2\\vendor\\laravel\\framework\\src\\Illuminate\\View\\View.php(191): Illuminate\\View\\View->getContents()
#20 C:\\laragon\\www\\STIT2\\vendor\\laravel\\framework\\src\\Illuminate\\View\\View.php(160): Illuminate\\View\\View->renderContents()
#21 C:\\laragon\\www\\STIT2\\vendor\\laravel\\framework\\src\\Illuminate\\Http\\Response.php(78): Illuminate\\View\\View->render()
#22 C:\\laragon\\www\\STIT2\\vendor\\laravel\\framework\\src\\Illuminate\\Http\\Response.php(34): Illuminate\\Http\\Response->setContent(Object(Illuminate\\View\\View))
#23 C:\\laragon\\www\\STIT2\\vendor\\laravel\\framework\\src\\Illuminate\\Routing\\Router.php(925): Illuminate\\Http\\Response->__construct(Object(Illuminate\\View\\View), 200, Array)
#24 C:\\laragon\\www\\STIT2\\vendor\\laravel\\framework\\src\\Illuminate\\Routing\\Router.php(892): Illuminate\\Routing\\Router::toResponse(Object(Illuminate\\Http\\Request), Object(Illuminate\\View\\View))
#25 C:\\laragon\\www\\STIT2\\vendor\\laravel\\framework\\src\\Illuminate\\Routing\\Router.php(807): Illuminate\\Routing\\Router->prepareResponse(Object(Illuminate\\Http\\Request), Object(Illuminate\\View\\View))
#26 C:\\laragon\\www\\STIT2\\vendor\\laravel\\framework\\src\\Illuminate\\Pipeline\\Pipeline.php(169): Illuminate\\Routing\\Router->Illuminate\\Routing\\{closure}(Object(Illuminate\\Http\\Request))
#27 C:\\laragon\\www\\STIT2\\vendor\\laravel\\framework\\src\\Illuminate\\Routing\\Middleware\\SubstituteBindings.php(50): Illuminate\\Pipeline\\Pipeline->Illuminate\\Pipeline\\{closure}(Object(Illuminate\\Http\\Request))
#28 C:\\laragon\\www\\STIT2\\vendor\\laravel\\framework\\src\\Illuminate\\Pipeline\\Pipeline.php(208): Illuminate\\Routing\\Middleware\\SubstituteBindings->handle(Object(Illuminate\\Http\\Request), Object(Closure))
#29 C:\\laragon\\www\\STIT2\\vendor\\laravel\\framework\\src\\Illuminate\\Foundation\\Http\\Middleware\\VerifyCsrfToken.php(87): Illuminate\\Pipeline\\Pipeline->Illuminate\\Pipeline\\{closure}(Object(Illuminate\\Http\\Request))
#30 C:\\laragon\\www\\STIT2\\vendor\\laravel\\framework\\src\\Illuminate\\Pipeline\\Pipeline.php(208): Illuminate\\Foundation\\Http\\Middleware\\VerifyCsrfToken->handle(Object(Illuminate\\Http\\Request), Object(Closure))
#31 C:\\laragon\\www\\STIT2\\vendor\\laravel\\framework\\src\\Illuminate\\View\\Middleware\\ShareErrorsFromSession.php(48): Illuminate\\Pipeline\\Pipeline->Illuminate\\Pipeline\\{closure}(Object(Illuminate\\Http\\Request))
#32 C:\\laragon\\www\\STIT2\\vendor\\laravel\\framework\\src\\Illuminate\\Pipeline\\Pipeline.php(208): Illuminate\\View\\Middleware\\ShareErrorsFromSession->handle(Object(Illuminate\\Http\\Request), Object(Closure))
#33 C:\\laragon\\www\\STIT2\\vendor\\laravel\\framework\\src\\Illuminate\\Session\\Middleware\\StartSession.php(120): Illuminate\\Pipeline\\Pipeline->Illuminate\\Pipeline\\{closure}(Object(Illuminate\\Http\\Request))
#34 C:\\laragon\\www\\STIT2\\vendor\\laravel\\framework\\src\\Illuminate\\Session\\Middleware\\StartSession.php(63): Illuminate\\Session\\Middleware\\StartSession->handleStatefulRequest(Object(Illuminate\\Http\\Request), Object(Illuminate\\Session\\Store), Object(Closure))
#35 C:\\laragon\\www\\STIT2\\vendor\\laravel\\framework\\src\\Illuminate\\Pipeline\\Pipeline.php(208): Illuminate\\Session\\Middleware\\StartSession->handle(Object(Illuminate\\Http\\Request), Object(Closure))
#36 C:\\laragon\\www\\STIT2\\vendor\\laravel\\framework\\src\\Illuminate\\Cookie\\Middleware\\AddQueuedCookiesToResponse.php(36): Illuminate\\Pipeline\\Pipeline->Illuminate\\Pipeline\\{closure}(Object(Illuminate\\Http\\Request))
#37 C:\\laragon\\www\\STIT2\\vendor\\laravel\\framework\\src\\Illuminate\\Pipeline\\Pipeline.php(208): Illuminate\\Cookie\\Middleware\\AddQueuedCookiesToResponse->handle(Object(Illuminate\\Http\\Request), Object(Closure))
#38 C:\\laragon\\www\\STIT2\\vendor\\laravel\\framework\\src\\Illuminate\\Cookie\\Middleware\\EncryptCookies.php(74): Illuminate\\Pipeline\\Pipeline->Illuminate\\Pipeline\\{closure}(Object(Illuminate\\Http\\Request))
#39 C:\\laragon\\www\\STIT2\\vendor\\laravel\\framework\\src\\Illuminate\\Pipeline\\Pipeline.php(208): Illuminate\\Cookie\\Middleware\\EncryptCookies->handle(Object(Illuminate\\Http\\Request), Object(Closure))
#40 C:\\laragon\\www\\STIT2\\vendor\\laravel\\framework\\src\\Illuminate\\Pipeline\\Pipeline.php(126): Illuminate\\Pipeline\\Pipeline->Illuminate\\Pipeline\\{closure}(Object(Illuminate\\Http\\Request))
#41 C:\\laragon\\www\\STIT2\\vendor\\laravel\\framework\\src\\Illuminate\\Routing\\Router.php(807): Illuminate\\Pipeline\\Pipeline->then(Object(Closure))
#42 C:\\laragon\\www\\STIT2\\vendor\\laravel\\framework\\src\\Illuminate\\Routing\\Router.php(786): Illuminate\\Routing\\Router->runRouteWithinStack(Object(Illuminate\\Routing\\Route), Object(Illuminate\\Http\\Request))
#43 C:\\laragon\\www\\STIT2\\vendor\\laravel\\framework\\src\\Illuminate\\Routing\\Router.php(750): Illuminate\\Routing\\Router->runRoute(Object(Illuminate\\Http\\Request), Object(Illuminate\\Routing\\Route))
#44 C:\\laragon\\www\\STIT2\\vendor\\laravel\\framework\\src\\Illuminate\\Routing\\Router.php(739): Illuminate\\Routing\\Router->dispatchToRoute(Object(Illuminate\\Http\\Request))
#45 C:\\laragon\\www\\STIT2\\vendor\\laravel\\framework\\src\\Illuminate\\Foundation\\Http\\Kernel.php(200): Illuminate\\Routing\\Router->dispatch(Object(Illuminate\\Http\\Request))
#46 C:\\laragon\\www\\STIT2\\vendor\\laravel\\framework\\src\\Illuminate\\Pipeline\\Pipeline.php(169): Illuminate\\Foundation\\Http\\Kernel->Illuminate\\Foundation\\Http\\{closure}(Object(Illuminate\\Http\\Request))
#47 C:\\laragon\\www\\STIT2\\vendor\\livewire\\livewire\\src\\Features\\SupportDisablingBackButtonCache\\DisableBackButtonCacheMiddleware.php(19): Illuminate\\Pipeline\\Pipeline->Illuminate\\Pipeline\\{closure}(Object(Illuminate\\Http\\Request))
#48 C:\\laragon\\www\\STIT2\\vendor\\laravel\\framework\\src\\Illuminate\\Pipeline\\Pipeline.php(208): Livewire\\Features\\SupportDisablingBackButtonCache\\DisableBackButtonCacheMiddleware->handle(Object(Illuminate\\Http\\Request), Object(Closure))
#49 C:\\laragon\\www\\STIT2\\vendor\\laravel\\framework\\src\\Illuminate\\Foundation\\Http\\Middleware\\TransformsRequest.php(21): Illuminate\\Pipeline\\Pipeline->Illuminate\\Pipeline\\{closure}(Object(Illuminate\\Http\\Request))
#50 C:\\laragon\\www\\STIT2\\vendor\\laravel\\framework\\src\\Illuminate\\Foundation\\Http\\Middleware\\ConvertEmptyStringsToNull.php(31): Illuminate\\Foundation\\Http\\Middleware\\TransformsRequest->handle(Object(Illuminate\\Http\\Request), Object(Closure))
#51 C:\\laragon\\www\\STIT2\\vendor\\laravel\\framework\\src\\Illuminate\\Pipeline\\Pipeline.php(208): Illuminate\\Foundation\\Http\\Middleware\\ConvertEmptyStringsToNull->handle(Object(Illuminate\\Http\\Request), Object(Closure))
#52 C:\\laragon\\www\\STIT2\\vendor\\laravel\\framework\\src\\Illuminate\\Foundation\\Http\\Middleware\\TransformsRequest.php(21): Illuminate\\Pipeline\\Pipeline->Illuminate\\Pipeline\\{closure}(Object(Illuminate\\Http\\Request))
#53 C:\\laragon\\www\\STIT2\\vendor\\laravel\\framework\\src\\Illuminate\\Foundation\\Http\\Middleware\\TrimStrings.php(51): Illuminate\\Foundation\\Http\\Middleware\\TransformsRequest->handle(Object(Illuminate\\Http\\Request), Object(Closure))
#54 C:\\laragon\\www\\STIT2\\vendor\\laravel\\framework\\src\\Illuminate\\Pipeline\\Pipeline.php(208): Illuminate\\Foundation\\Http\\Middleware\\TrimStrings->handle(Object(Illuminate\\Http\\Request), Object(Closure))
#55 C:\\laragon\\www\\STIT2\\vendor\\laravel\\framework\\src\\Illuminate\\Http\\Middleware\\ValidatePostSize.php(27): Illuminate\\Pipeline\\Pipeline->Illuminate\\Pipeline\\{closure}(Object(Illuminate\\Http\\Request))
#56 C:\\laragon\\www\\STIT2\\vendor\\laravel\\framework\\src\\Illuminate\\Pipeline\\Pipeline.php(208): Illuminate\\Http\\Middleware\\ValidatePostSize->handle(Object(Illuminate\\Http\\Request), Object(Closure))
#57 C:\\laragon\\www\\STIT2\\vendor\\laravel\\framework\\src\\Illuminate\\Foundation\\Http\\Middleware\\PreventRequestsDuringMaintenance.php(109): Illuminate\\Pipeline\\Pipeline->Illuminate\\Pipeline\\{closure}(Object(Illuminate\\Http\\Request))
#58 C:\\laragon\\www\\STIT2\\vendor\\laravel\\framework\\src\\Illuminate\\Pipeline\\Pipeline.php(208): Illuminate\\Foundation\\Http\\Middleware\\PreventRequestsDuringMaintenance->handle(Object(Illuminate\\Http\\Request), Object(Closure))
#59 C:\\laragon\\www\\STIT2\\vendor\\laravel\\framework\\src\\Illuminate\\Http\\Middleware\\HandleCors.php(48): Illuminate\\Pipeline\\Pipeline->Illuminate\\Pipeline\\{closure}(Object(Illuminate\\Http\\Request))
#60 C:\\laragon\\www\\STIT2\\vendor\\laravel\\framework\\src\\Illuminate\\Pipeline\\Pipeline.php(208): Illuminate\\Http\\Middleware\\HandleCors->handle(Object(Illuminate\\Http\\Request), Object(Closure))
#61 C:\\laragon\\www\\STIT2\\vendor\\laravel\\framework\\src\\Illuminate\\Http\\Middleware\\TrustProxies.php(58): Illuminate\\Pipeline\\Pipeline->Illuminate\\Pipeline\\{closure}(Object(Illuminate\\Http\\Request))
#62 C:\\laragon\\www\\STIT2\\vendor\\laravel\\framework\\src\\Illuminate\\Pipeline\\Pipeline.php(208): Illuminate\\Http\\Middleware\\TrustProxies->handle(Object(Illuminate\\Http\\Request), Object(Closure))
#63 C:\\laragon\\www\\STIT2\\vendor\\laravel\\framework\\src\\Illuminate\\Foundation\\Http\\Middleware\\InvokeDeferredCallbacks.php(22): Illuminate\\Pipeline\\Pipeline->Illuminate\\Pipeline\\{closure}(Object(Illuminate\\Http\\Request))
#64 C:\\laragon\\www\\STIT2\\vendor\\laravel\\framework\\src\\Illuminate\\Pipeline\\Pipeline.php(208): Illuminate\\Foundation\\Http\\Middleware\\InvokeDeferredCallbacks->handle(Object(Illuminate\\Http\\Request), Object(Closure))
#65 C:\\laragon\\www\\STIT2\\vendor\\laravel\\framework\\src\\Illuminate\\Http\\Middleware\\ValidatePathEncoding.php(26): Illuminate\\Pipeline\\Pipeline->Illuminate\\Pipeline\\{closure}(Object(Illuminate\\Http\\Request))
#66 C:\\laragon\\www\\STIT2\\vendor\\laravel\\framework\\src\\Illuminate\\Pipeline\\Pipeline.php(208): Illuminate\\Http\\Middleware\\ValidatePathEncoding->handle(Object(Illuminate\\Http\\Request), Object(Closure))
#67 C:\\laragon\\www\\STIT2\\vendor\\laravel\\framework\\src\\Illuminate\\Pipeline\\Pipeline.php(126): Illuminate\\Pipeline\\Pipeline->Illuminate\\Pipeline\\{closure}(Object(Illuminate\\Http\\Request))
#68 C:\\laragon\\www\\STIT2\\vendor\\laravel\\framework\\src\\Illuminate\\Foundation\\Http\\Kernel.php(175): Illuminate\\Pipeline\\Pipeline->then(Object(Closure))
#69 C:\\laragon\\www\\STIT2\\vendor\\laravel\\framework\\src\\Illuminate\\Foundation\\Http\\Kernel.php(144): Illuminate\\Foundation\\Http\\Kernel->sendRequestThroughRouter(Object(Illuminate\\Http\\Request))
#70 C:\\laragon\\www\\STIT2\\public\\index.php(51): Illuminate\\Foundation\\Http\\Kernel->handle(Object(Illuminate\\Http\\Request))
#71 C:\\laragon\\www\\STIT2\\vendor\\laravel\\framework\\src\\Illuminate\\Foundation\\resources\\server.php(23): require_once('C:\\\\laragon\\\\www\\\\...')
#72 {main}
"} 
[2026-09-17 11:00:15] local.ERROR: Undefined variable $spref {"view":{"view":"C:\\laragon\\www\\STIT2\\resources\\views\\core-themes\\core-mainpage.blade.php","data":{"errors":"<pre class=sf-dump id=sf-dump-1197298413 data-indent-pad=\"  \"><span class=sf-dump-note>Illuminate\\Support\\ViewErrorBag</span> {<a class=sf-dump-ref>#855</a><samp data-depth=1 class=sf-dump-expanded>
  #<span class=sf-dump-protected title=\"Protected property\">bags</span>: []
</samp>}
</pre><script>Sfdump(\"sf-dump-1197298413\", {\"maxDepth\":3,\"maxStringLength\":160})</script>
","webs":"<pre class=sf-dump id=sf-dump-1868255017 data-indent-pad=\"  \"><span class=sf-dump-note>App\\Models\\Pengaturan\\WebSetting</span> {<a class=sf-dump-ref>#898</a><samp data-depth=1 class=sf-dump-expanded>
  #<span class=sf-dump-protected title=\"Protected property\">connection</span>: \"<span class=sf-dump-str title=\"5 characters\">mysql</span>\"
  #<span class=sf-dump-protected title=\"Protected property\">table</span>: \"<span class=sf-dump-str title=\"12 characters\">web_settings</span>\"
  #<span class=sf-dump-protected title=\"Protected property\">primaryKey</span>: \"<span class=sf-dump-str title=\"2 characters\">id</span>\"
  #<span class=sf-dump-protected title=\"Protected property\">keyType</span>: \"<span class=sf-dump-str title=\"3 characters\">int</span>\"
  +<span class=sf-dump-public title=\"Public property\">incrementing</span>: <span class=sf-dump-const>true</span>
  #<span class=sf-dump-protected title=\"Protected property\">with</span>: []
  #<span class=sf-dump-protected title=\"Protected property\">withCount</span>: []
  +<span class=sf-dump-public title=\"Public property\">preventsLazyLoading</span>: <span class=sf-dump-const>false</span>
  #<span class=sf-dump-protected title=\"Protected property\">perPage</span>: <span class=sf-dump-num>15</span>
  +<span class=sf-dump-public title=\"Public property\">exists</span>: <span class=sf-dump-const>true</span>
  +<span class=sf-dump-public title=\"Public property\">wasRecentlyCreated</span>: <span class=sf-dump-const>false</span>
  #<span class=sf-dump-protected title=\"Protected property\">escapeWhenCastingToString</span>: <span class=sf-dump-const>false</span>
  #<span class=sf-dump-protected title=\"Protected property\">attributes</span>: <span class=sf-dump-note>array:28</span> [<samp data-depth=2 class=sf-dump-compact>
    \"<span class=sf-dump-key>id</span>\" => <span class=sf-dump-num>1</span>
    \"<span class=sf-dump-key>taka_now</span>\" => <span class=sf-dump-num>2026</span>
    \"<span class=sf-dump-key>school_apps</span>\" => \"<span class=sf-dump-str title=\"11 characters\">SIAKAD STIT</span>\"
    \"<span class=sf-dump-key>school_name</span>\" => \"<span class=sf-dump-str title=\"15 characters\">STIT Darul Ilmi</span>\"
    \"<span class=sf-dump-key>school_head</span>\" => \"<span class=sf-dump-str title=\"34 characters\">Dr. H Dudung Rachmat Hidayat, M.Pd</span>\"
    \"<span class=sf-dump-key>school_link</span>\" => \"<span class=sf-dump-str title=\"33 characters\">http://siakad-stit-darul-ilmi.com</span>\"
    \"<span class=sf-dump-key>school_desc</span>\" => \"<span class=sf-dump-str title=\"58 characters\">Mencetak Manajer Pendidikan Islam Profesional dan Visioner</span>\"
    \"<span class=sf-dump-key>school_logo_vert</span>\" => \"<span class=sf-dump-str title=\"13 characters\">logo-vert.png</span>\"
    \"<span class=sf-dump-key>school_logo_hori</span>\" => \"<span class=sf-dump-str title=\"13 characters\">logo-hori.png</span>\"
    \"<span class=sf-dump-key>school_email</span>\" => \"<span class=sf-dump-str title=\"20 characters\">mjaya69703@gmail.com</span>\"
    \"<span class=sf-dump-key>school_phone</span>\" => \"<span class=sf-dump-str title=\"14 characters\">+6281234567895</span>\"
    \"<span class=sf-dump-key>school_address</span>\" => \"<span class=sf-dump-str title=\"76 characters\">Jl. Cirahayu, Sindangraja, Jamanis, Kabbupaten Tasikmalaya, jawa Barat 46175</span>\"
    \"<span class=sf-dump-key>school_longitude</span>\" => \"<span class=sf-dump-str title=\"9 characters\">-7.266670</span>\"
    \"<span class=sf-dump-key>school_latitude</span>\" => \"<span class=sf-dump-str title=\"10 characters\">110.416670</span>\"
    \"<span class=sf-dump-key>social_fb</span>\" => \"<span class=sf-dump-str title=\"30 characters\">https://facebook.com/kyouma052</span>\"
    \"<span class=sf-dump-key>social_ig</span>\" => \"<span class=sf-dump-str title=\"32 characters\">https://instagram.com/mjaya69703</span>\"
    \"<span class=sf-dump-key>social_in</span>\" => \"<span class=sf-dump-str title=\"37 characters\">https://id.linkedin.com/in/mjaya69703</span>\"
    \"<span class=sf-dump-key>social_tw</span>\" => \"<span class=sf-dump-str title=\"24 characters\">https://x.com/mjaya69703</span>\"
    \"<span class=sf-dump-key>maintenance_mode</span>\" => <span class=sf-dump-num>0</span>
    \"<span class=sf-dump-key>enable_captcha</span>\" => <span class=sf-dump-num>0</span>
    \"<span class=sf-dump-key>max_login_attempts</span>\" => <span class=sf-dump-num>5</span>
    \"<span class=sf-dump-key>login_decay_seconds</span>\" => <span class=sf-dump-num>60</span>
    \"<span class=sf-dump-key>created_at</span>\" => \"<span class=sf-dump-str title=\"19 characters\">2026-09-16 13:20:54</span>\"
    \"<span class=sf-dump-key>updated_at</span>\" => \"<span class=sf-dump-str title=\"19 characters\">2026-09-17 10:56:44</span>\"
    \"<span class=sf-dump-key>deleted_at</span>\" => <span class=sf-dump-const>null</span>
    \"<span class=sf-dump-key>created_by</span>\" => <span class=sf-dump-const>null</span>
    \"<span class=sf-dump-key>updated_by</span>\" => <span class=sf-dump-const>null</span>
    \"<span class=sf-dump-key>deleted_by</span>\" => <span class=sf-dump-const>null</span>
  </samp>]
  #<span class=sf-dump-protected title=\"Protected property\">original</span>: <span class=sf-dump-note>array:28</span> [<samp data-depth=2 class=sf-dump-compact>
    \"<span class=sf-dump-key>id</span>\" => <span class=sf-dump-num>1</span>
    \"<span class=sf-dump-key>taka_now</span>\" => <span class=sf-dump-num>2026</span>
    \"<span class=sf-dump-key>school_apps</span>\" => \"<span class=sf-dump-str title=\"11 characters\">SIAKAD STIT</span>\"
    \"<span class=sf-dump-key>school_name</span>\" => \"<span class=sf-dump-str title=\"15 characters\">STIT Darul Ilmi</span>\"
    \"<span class=sf-dump-key>school_head</span>\" => \"<span class=sf-dump-str title=\"34 characters\">Dr. H Dudung Rachmat Hidayat, M.Pd</span>\"
    \"<span class=sf-dump-key>school_link</span>\" => \"<span class=sf-dump-str title=\"33 characters\">http://siakad-stit-darul-ilmi.com</span>\"
    \"<span class=sf-dump-key>school_desc</span>\" => \"<span class=sf-dump-str title=\"58 characters\">Mencetak Manajer Pendidikan Islam Profesional dan Visioner</span>\"
    \"<span class=sf-dump-key>school_logo_vert</span>\" => \"<span class=sf-dump-str title=\"13 characters\">logo-vert.png</span>\"
    \"<span class=sf-dump-key>school_logo_hori</span>\" => \"<span class=sf-dump-str title=\"13 characters\">logo-hori.png</span>\"
    \"<span class=sf-dump-key>school_email</span>\" => \"<span class=sf-dump-str title=\"20 characters\">mjaya69703@gmail.com</span>\"
    \"<span class=sf-dump-key>school_phone</span>\" => \"<span class=sf-dump-str title=\"14 characters\">+6281234567895</span>\"
    \"<span class=sf-dump-key>school_address</span>\" => \"<span class=sf-dump-str title=\"76 characters\">Jl. Cirahayu, Sindangraja, Jamanis, Kabbupaten Tasikmalaya, jawa Barat 46175</span>\"
    \"<span class=sf-dump-key>school_longitude</span>\" => \"<span class=sf-dump-str title=\"9 characters\">-7.266670</span>\"
    \"<span class=sf-dump-key>school_latitude</span>\" => \"<span class=sf-dump-str title=\"10 characters\">110.416670</span>\"
    \"<span class=sf-dump-key>social_fb</span>\" => \"<span class=sf-dump-str title=\"30 characters\">https://facebook.com/kyouma052</span>\"
    \"<span class=sf-dump-key>social_ig</span>\" => \"<span class=sf-dump-str title=\"32 characters\">https://instagram.com/mjaya69703</span>\"
    \"<span class=sf-dump-key>social_in</span>\" => \"<span class=sf-dump-str title=\"37 characters\">https://id.linkedin.com/in/mjaya69703</span>\"
    \"<span class=sf-dump-key>social_tw</span>\" => \"<span class=sf-dump-str title=\"24 characters\">https://x.com/mjaya69703</span>\"
    \"<span class=sf-dump-key>maintenance_mode</span>\" => <span class=sf-dump-num>0</span>
    \"<span class=sf-dump-key>enable_captcha</span>\" => <span class=sf-dump-num>0</span>
    \"<span class=sf-dump-key>max_login_attempts</span>\" => <span class=sf-dump-num>5</span>
    \"<span class=sf-dump-key>login_decay_seconds</span>\" => <span class=sf-dump-num>60</span>
    \"<span class=sf-dump-key>created_at</span>\" => \"<span class=sf-dump-str title=\"19 characters\">2026-09-16 13:20:54</span>\"
    \"<span class=sf-dump-key>updated_at</span>\" => \"<span class=sf-dump-str title=\"19 characters\">2026-09-17 10:56:44</span>\"
    \"<span class=sf-dump-key>deleted_at</span>\" => <span class=sf-dump-const>null</span>
    \"<span class=sf-dump-key>created_by</span>\" => <span class=sf-dump-const>null</span>
    \"<span class=sf-dump-key>updated_by</span>\" => <span class=sf-dump-const>null</span>
    \"<span class=sf-dump-key>deleted_by</span>\" => <span class=sf-dump-const>null</span>
  </samp>]
  #<span class=sf-dump-protected title=\"Protected property\">changes</span>: []
  #<span class=sf-dump-protected title=\"Protected property\">previous</span>: []
  #<span class=sf-dump-protected title=\"Protected property\">casts</span>: <span class=sf-dump-note>array:1</span> [<samp data-depth=2 class=sf-dump-compact>
    \"<span class=sf-dump-key>deleted_at</span>\" => \"<span class=sf-dump-str title=\"8 characters\">datetime</span>\"
  </samp>]
  #<span class=sf-dump-protected title=\"Protected property\">classCastCache</span>: []
  #<span class=sf-dump-protected title=\"Protected property\">attributeCastCache</span>: []
  #<span class=sf-dump-protected title=\"Protected property\">dateFormat</span>: <span class=sf-dump-const>null</span>
  #<span class=sf-dump-protected title=\"Protected property\">appends</span>: []
  #<span class=sf-dump-protected title=\"Protected property\">dispatchesEvents</span>: []
  #<span class=sf-dump-protected title=\"Protected property\">observables</span>: []
  #<span class=sf-dump-protected title=\"Protected property\">relations</span>: []
  #<span class=sf-dump-protected title=\"Protected property\">touches</span>: []
  #<span class=sf-dump-protected title=\"Protected property\">relationAutoloadCallback</span>: <span class=sf-dump-const>null</span>
  #<span class=sf-dump-protected title=\"Protected property\">relationAutoloadContext</span>: <span class=sf-dump-const>null</span>
  +<span class=sf-dump-public title=\"Public property\">timestamps</span>: <span class=sf-dump-const>true</span>
  +<span class=sf-dump-public title=\"Public property\">usesUniqueIds</span>: <span class=sf-dump-const>false</span>
  #<span class=sf-dump-protected title=\"Protected property\">hidden</span>: []
  #<span class=sf-dump-protected title=\"Protected property\">visible</span>: []
  #<span class=sf-dump-protected title=\"Protected property\">fillable</span>: []
  #<span class=sf-dump-protected title=\"Protected property\">guarded</span>: []
  #<span class=sf-dump-protected title=\"Protected property\">forceDeleting</span>: <span class=sf-dump-const>false</span>
</samp>}
</pre><script>Sfdump(\"sf-dump-1868255017\", {\"maxDepth\":3,\"maxStringLength\":160})</script>
","menus":"<pre class=sf-dump id=sf-dump-787016099 data-indent-pad=\"  \">\"<span class=sf-dump-str title=\"9 characters\">Institusi</span>\"
</pre><script>Sfdump(\"sf-dump-787016099\", {\"maxDepth\":3,\"maxStringLength\":160})</script>
","pages":"<pre class=sf-dump id=sf-dump-1880306927 data-indent-pad=\"  \">\"<span class=sf-dump-str title=\"7 characters\">Silabus</span>\"
</pre><script>Sfdump(\"sf-dump-1880306927\", {\"maxDepth\":3,\"maxStringLength\":160})</script>
","academy":"<pre class=sf-dump id=sf-dump-1859766945 data-indent-pad=\"  \">\"<span class=sf-dump-str title=\"30 characters\">SIAKAD STIT by STIT Darul Ilmi</span>\"
</pre><script>Sfdump(\"sf-dump-1859766945\", {\"maxDepth\":3,\"maxStringLength\":160})</script>
","info":"<pre class=sf-dump id=sf-dump-327637770 data-indent-pad=\"  \"><span class=sf-dump-note>array:3</span> [<samp data-depth=1 class=sf-dump-expanded>
  \"<span class=sf-dump-key>title</span>\" => \"<span class=sf-dump-str title=\"7 characters\">Silabus</span>\"
  \"<span class=sf-dump-key>heading</span>\" => \"<span class=sf-dump-str title=\"7 characters\">Silabus</span>\"
  \"<span class=sf-dump-key>content</span>\" => \"<span class=sf-dump-str title=\"53 characters\">Silabus mata kuliah tersedia melalui portal akademik.</span>\"
</samp>]
</pre><script>Sfdump(\"sf-dump-327637770\", {\"maxDepth\":3,\"maxStringLength\":160})</script>
","user":"<pre class=sf-dump id=sf-dump-687428603 data-indent-pad=\"  \"><span class=sf-dump-note>App\\Models\\User</span> {<a class=sf-dump-ref>#916</a><samp data-depth=1 class=sf-dump-expanded>
  #<span class=sf-dump-protected title=\"Protected property\">connection</span>: \"<span class=sf-dump-str title=\"5 characters\">mysql</span>\"
  #<span class=sf-dump-protected title=\"Protected property\">table</span>: \"<span class=sf-dump-str title=\"5 characters\">users</span>\"
  #<span class=sf-dump-protected title=\"Protected property\">primaryKey</span>: \"<span class=sf-dump-str title=\"2 characters\">id</span>\"
  #<span class=sf-dump-protected title=\"Protected property\">keyType</span>: \"<span class=sf-dump-str title=\"3 characters\">int</span>\"
  +<span class=sf-dump-public title=\"Public property\">incrementing</span>: <span class=sf-dump-const>true</span>
  #<span class=sf-dump-protected title=\"Protected property\">with</span>: []
  #<span class=sf-dump-protected title=\"Protected property\">withCount</span>: []
  +<span class=sf-dump-public title=\"Public property\">preventsLazyLoading</span>: <span class=sf-dump-const>false</span>
  #<span class=sf-dump-protected title=\"Protected property\">perPage</span>: <span class=sf-dump-num>15</span>
  +<span class=sf-dump-public title=\"Public property\">exists</span>: <span class=sf-dump-const>true</span>
  +<span class=sf-dump-public title=\"Public property\">wasRecentlyCreated</span>: <span class=sf-dump-const>false</span>
  #<span class=sf-dump-protected title=\"Protected property\">escapeWhenCastingToString</span>: <span class=sf-dump-const>false</span>
  #<span class=sf-dump-protected title=\"Protected property\">attributes</span>: <span class=sf-dump-note>array:70</span> [<samp data-depth=2 class=sf-dump-compact>
    \"<span class=sf-dump-key>id</span>\" => <span class=sf-dump-num>1</span>
    \"<span class=sf-dump-key>type</span>\" => <span class=sf-dump-num>0</span>
    \"<span class=sf-dump-key>name</span>\" => \"<span class=sf-dump-str title=\"13 characters\">Administrator</span>\"
    \"<span class=sf-dump-key>photo</span>\" => \"<span class=sf-dump-str title=\"35 characters\">1789567457-nCpmd7-6aaaa1e10df6a.jpg</span>\"
    \"<span class=sf-dump-key>username</span>\" => \"<span class=sf-dump-str title=\"5 characters\">admin</span>\"
    \"<span class=sf-dump-key>phone</span>\" => \"<span class=sf-dump-str title=\"13 characters\">6280012345660</span>\"
    \"<span class=sf-dump-key>email</span>\" => \"<span class=sf-dump-str title=\"20 characters\">mjaya69703@gmail.com</span>\"
    \"<span class=sf-dump-key>link_ig</span>\" => <span class=sf-dump-const>null</span>
    \"<span class=sf-dump-key>link_fb</span>\" => <span class=sf-dump-const>null</span>
    \"<span class=sf-dump-key>link_in</span>\" => <span class=sf-dump-const>null</span>
    \"<span class=sf-dump-key>bio_blood</span>\" => <span class=sf-dump-const>null</span>
    \"<span class=sf-dump-key>bio_height</span>\" => <span class=sf-dump-const>null</span>
    \"<span class=sf-dump-key>bio_weight</span>\" => <span class=sf-dump-const>null</span>
    \"<span class=sf-dump-key>bio_gender</span>\" => \"<span class=sf-dump-str title=\"9 characters\">Laki-laki</span>\"
    \"<span class=sf-dump-key>bio_religion</span>\" => <span class=sf-dump-const>null</span>
    \"<span class=sf-dump-key>bio_placebirth</span>\" => <span class=sf-dump-const>null</span>
    \"<span class=sf-dump-key>bio_nationality</span>\" => <span class=sf-dump-const>null</span>
    \"<span class=sf-dump-key>bio_datebirth</span>\" => <span class=sf-dump-const>null</span>
    \"<span class=sf-dump-key>numb_kk</span>\" => \"<span class=sf-dump-str title=\"11 characters\">11111111111</span>\"
    \"<span class=sf-dump-key>numb_ktp</span>\" => \"<span class=sf-dump-str title=\"15 characters\">122222222222222</span>\"
    \"<span class=sf-dump-key>numb_npsn</span>\" => <span class=sf-dump-const>null</span>
    \"<span class=sf-dump-key>numb_nitk</span>\" => \"<span class=sf-dump-str title=\"18 characters\">111111111111111111</span>\"
    \"<span class=sf-dump-key>numb_staff</span>\" => \"<span class=sf-dump-str>1</span>\"
    \"<span class=sf-dump-key>code</span>\" => \"<span class=sf-dump-str title=\"6 characters\">nCpmd7</span>\"
    \"<span class=sf-dump-key>password</span>\" => \"<span class=sf-dump-str title=\"60 characters\">$2y$12$mnKBaJy5agivF1/4zLseMeoqD2xAJLAj6mMPIrNie8JoMMteyCmM2</span>\"
    \"<span class=sf-dump-key>fst_setup</span>\" => <span class=sf-dump-num>0</span>
    \"<span class=sf-dump-key>tfa_setup</span>\" => <span class=sf-dump-num>0</span>
    \"<span class=sf-dump-key>ktp_addres</span>\" => \"\"\"
      <span class=sf-dump-str title=\"65 characters\">Cirahayu No. 104 RT/RW 03/010 Desa Sindangraja<span class=\"sf-dump-default sf-dump-ns\">\\r\\n</span></span>
      <span class=sf-dump-str title=\"65 characters\">Kecamatan Jamanis</span>
      \"\"\"
    \"<span class=sf-dump-key>ktp_rt</span>\" => \"<span class=sf-dump-str title=\"2 characters\">03</span>\"
    \"<span class=sf-dump-key>ktp_rw</span>\" => \"<span class=sf-dump-str title=\"3 characters\">010</span>\"
    \"<span class=sf-dump-key>ktp_village</span>\" => <span class=sf-dump-const>null</span>
    \"<span class=sf-dump-key>ktp_subdistrict</span>\" => \"<span class=sf-dump-str title=\"7 characters\">Jamanis</span>\"
    \"<span class=sf-dump-key>ktp_poscode</span>\" => \"<span class=sf-dump-str title=\"5 characters\">46175</span>\"
    \"<span class=sf-dump-key>ktp_city</span>\" => \"<span class=sf-dump-str title=\"21 characters\">Kabupaten Tasikmalaya</span>\"
    \"<span class=sf-dump-key>ktp_province</span>\" => \"<span class=sf-dump-str title=\"10 characters\">Jawa Barat</span>\"
    \"<span class=sf-dump-key>domicile_same</span>\" => \"<span class=sf-dump-str title=\"3 characters\">Yes</span>\"
    \"<span class=sf-dump-key>domicile_addres</span>\" => <span class=sf-dump-const>null</span>
    \"<span class=sf-dump-key>domicile_rt</span>\" => <span class=sf-dump-const>null</span>
    \"<span class=sf-dump-key>domicile_rw</span>\" => <span class=sf-dump-const>null</span>
    \"<span class=sf-dump-key>domicile_village</span>\" => <span class=sf-dump-const>null</span>
    \"<span class=sf-dump-key>domicile_subdistrict</span>\" => <span class=sf-dump-const>null</span>
    \"<span class=sf-dump-key>domicile_poscode</span>\" => <span class=sf-dump-const>null</span>
    \"<span class=sf-dump-key>domicile_city</span>\" => <span class=sf-dump-const>null</span>
    \"<span class=sf-dump-key>domicile_province</span>\" => <span class=sf-dump-const>null</span>
    \"<span class=sf-dump-key>google_id</span>\" => <span class=sf-dump-const>null</span>
    \"<span class=sf-dump-key>google_token</span>\" => <span class=sf-dump-const>null</span>
    \"<span class=sf-dump-key>google_refresh_token</span>\" => <span class=sf-dump-const>null</span>
    \"<span class=sf-dump-key>title_front</span>\" => <span class=sf-dump-const>null</span>
    \"<span class=sf-dump-key>title_behind</span>\" => <span class=sf-dump-const>null</span>
    \"<span class=sf-dump-key>edu1_type</span>\" => \"<span class=sf-dump-str title=\"7 characters\">SMA/SMK</span>\"
    \"<span class=sf-dump-key>edu1_place</span>\" => \"<span class=sf-dump-str title=\"6 characters\">SMAN 2</span>\"
    \"<span class=sf-dump-key>edu1_major</span>\" => \"<span class=sf-dump-str title=\"3 characters\">IPS</span>\"
    \"<span class=sf-dump-key>edu1_average_score</span>\" => \"<span class=sf-dump-str title=\"3 characters\">3.7</span>\"
    \"<span class=sf-dump-key>edu1_graduate_year</span>\" => \"<span class=sf-dump-str title=\"4 characters\">2002</span>\"
    \"<span class=sf-dump-key>edu2_type</span>\" => \"<span class=sf-dump-str title=\"7 characters\">SMA/SMK</span>\"
    \"<span class=sf-dump-key>edu2_place</span>\" => \"<span class=sf-dump-str title=\"3 characters\">DCI</span>\"
    \"<span class=sf-dump-key>edu2_major</span>\" => \"<span class=sf-dump-str title=\"10 characters\">Informatic</span>\"
    \"<span class=sf-dump-key>edu2_average_score</span>\" => \"<span class=sf-dump-str title=\"3 characters\">3.7</span>\"
    \"<span class=sf-dump-key>edu2_graduate_year</span>\" => \"<span class=sf-dump-str title=\"4 characters\">2004</span>\"
    \"<span class=sf-dump-key>edu3_type</span>\" => \"<span class=sf-dump-str title=\"7 characters\">SMA/SMK</span>\"
    \"<span class=sf-dump-key>edu3_place</span>\" => <span class=sf-dump-const>null</span>
    \"<span class=sf-dump-key>edu3_major</span>\" => <span class=sf-dump-const>null</span>
    \"<span class=sf-dump-key>edu3_average_score</span>\" => <span class=sf-dump-const>null</span>
    \"<span class=sf-dump-key>edu3_graduate_year</span>\" => <span class=sf-dump-const>null</span>
    \"<span class=sf-dump-key>created_at</span>\" => \"<span class=sf-dump-str title=\"19 characters\">2026-09-16 13:10:12</span>\"
    \"<span class=sf-dump-key>updated_at</span>\" => \"<span class=sf-dump-str title=\"19 characters\">2026-09-16 21:04:17</span>\"
    \"<span class=sf-dump-key>deleted_at</span>\" => <span class=sf-dump-const>null</span>
    \"<span class=sf-dump-key>created_by</span>\" => <span class=sf-dump-const>null</span>
    \"<span class=sf-dump-key>updated_by</span>\" => <span class=sf-dump-const>null</span>
    \"<span class=sf-dump-key>deleted_by</span>\" => <span class=sf-dump-const>null</span>
  </samp>]
  #<span class=sf-dump-protected title=\"Protected property\">original</span>: <span class=sf-dump-note>array:70</span> [<samp data-depth=2 class=sf-dump-compact>
    \"<span class=sf-dump-key>id</span>\" => <span class=sf-dump-num>1</span>
    \"<span class=sf-dump-key>type</span>\" => <span class=sf-dump-num>0</span>
    \"<span class=sf-dump-key>name</span>\" => \"<span class=sf-dump-str title=\"13 characters\">Administrator</span>\"
    \"<span class=sf-dump-key>photo</span>\" => \"<span class=sf-dump-str title=\"35 characters\">1789567457-nCpmd7-6aaaa1e10df6a.jpg</span>\"
    \"<span class=sf-dump-key>username</span>\" => \"<span class=sf-dump-str title=\"5 characters\">admin</span>\"
    \"<span class=sf-dump-key>phone</span>\" => \"<span class=sf-dump-str title=\"13 characters\">6280012345660</span>\"
    \"<span class=sf-dump-key>email</span>\" => \"<span class=sf-dump-str title=\"20 characters\">mjaya69703@gmail.com</span>\"
    \"<span class=sf-dump-key>link_ig</span>\" => <span class=sf-dump-const>null</span>
    \"<span class=sf-dump-key>link_fb</span>\" => <span class=sf-dump-const>null</span>
    \"<span class=sf-dump-key>link_in</span>\" => <span class=sf-dump-const>null</span>
    \"<span class=sf-dump-key>bio_blood</span>\" => <span class=sf-dump-const>null</span>
    \"<span class=sf-dump-key>bio_height</span>\" => <span class=sf-dump-const>null</span>
    \"<span class=sf-dump-key>bio_weight</span>\" => <span class=sf-dump-const>null</span>
    \"<span class=sf-dump-key>bio_gender</span>\" => \"<span class=sf-dump-str title=\"9 characters\">Laki-laki</span>\"
    \"<span class=sf-dump-key>bio_religion</span>\" => <span class=sf-dump-const>null</span>
    \"<span class=sf-dump-key>bio_placebirth</span>\" => <span class=sf-dump-const>null</span>
    \"<span class=sf-dump-key>bio_nationality</span>\" => <span class=sf-dump-const>null</span>
    \"<span class=sf-dump-key>bio_datebirth</span>\" => <span class=sf-dump-const>null</span>
    \"<span class=sf-dump-key>numb_kk</span>\" => \"<span class=sf-dump-str title=\"11 characters\">11111111111</span>\"
    \"<span class=sf-dump-key>numb_ktp</span>\" => \"<span class=sf-dump-str title=\"15 characters\">122222222222222</span>\"
    \"<span class=sf-dump-key>numb_npsn</span>\" => <span class=sf-dump-const>null</span>
    \"<span class=sf-dump-key>numb_nitk</span>\" => \"<span class=sf-dump-str title=\"18 characters\">111111111111111111</span>\"
    \"<span class=sf-dump-key>numb_staff</span>\" => \"<span class=sf-dump-str>1</span>\"
    \"<span class=sf-dump-key>code</span>\" => \"<span class=sf-dump-str title=\"6 characters\">nCpmd7</span>\"
    \"<span class=sf-dump-key>password</span>\" => \"<span class=sf-dump-str title=\"60 characters\">$2y$12$mnKBaJy5agivF1/4zLseMeoqD2xAJLAj6mMPIrNie8JoMMteyCmM2</span>\"
    \"<span class=sf-dump-key>fst_setup</span>\" => <span class=sf-dump-num>0</span>
    \"<span class=sf-dump-key>tfa_setup</span>\" => <span class=sf-dump-num>0</span>
    \"<span class=sf-dump-key>ktp_addres</span>\" => \"\"\"
      <span class=sf-dump-str title=\"65 characters\">Cirahayu No. 104 RT/RW 03/010 Desa Sindangraja<span class=\"sf-dump-default sf-dump-ns\">\\r\\n</span></span>
      <span class=sf-dump-str title=\"65 characters\">Kecamatan Jamanis</span>
      \"\"\"
    \"<span class=sf-dump-key>ktp_rt</span>\" => \"<span class=sf-dump-str title=\"2 characters\">03</span>\"
    \"<span class=sf-dump-key>ktp_rw</span>\" => \"<span class=sf-dump-str title=\"3 characters\">010</span>\"
    \"<span class=sf-dump-key>ktp_village</span>\" => <span class=sf-dump-const>null</span>
    \"<span class=sf-dump-key>ktp_subdistrict</span>\" => \"<span class=sf-dump-str title=\"7 characters\">Jamanis</span>\"
    \"<span class=sf-dump-key>ktp_poscode</span>\" => \"<span class=sf-dump-str title=\"5 characters\">46175</span>\"
    \"<span class=sf-dump-key>ktp_city</span>\" => \"<span class=sf-dump-str title=\"21 characters\">Kabupaten Tasikmalaya</span>\"
    \"<span class=sf-dump-key>ktp_province</span>\" => \"<span class=sf-dump-str title=\"10 characters\">Jawa Barat</span>\"
    \"<span class=sf-dump-key>domicile_same</span>\" => \"<span class=sf-dump-str title=\"3 characters\">Yes</span>\"
    \"<span class=sf-dump-key>domicile_addres</span>\" => <span class=sf-dump-const>null</span>
    \"<span class=sf-dump-key>domicile_rt</span>\" => <span class=sf-dump-const>null</span>
    \"<span class=sf-dump-key>domicile_rw</span>\" => <span class=sf-dump-const>null</span>
    \"<span class=sf-dump-key>domicile_village</span>\" => <span class=sf-dump-const>null</span>
    \"<span class=sf-dump-key>domicile_subdistrict</span>\" => <span class=sf-dump-const>null</span>
    \"<span class=sf-dump-key>domicile_poscode</span>\" => <span class=sf-dump-const>null</span>
    \"<span class=sf-dump-key>domicile_city</span>\" => <span class=sf-dump-const>null</span>
    \"<span class=sf-dump-key>domicile_province</span>\" => <span class=sf-dump-const>null</span>
    \"<span class=sf-dump-key>google_id</span>\" => <span class=sf-dump-const>null</span>
    \"<span class=sf-dump-key>google_token</span>\" => <span class=sf-dump-const>null</span>
    \"<span class=sf-dump-key>google_refresh_token</span>\" => <span class=sf-dump-const>null</span>
    \"<span class=sf-dump-key>title_front</span>\" => <span class=sf-dump-const>null</span>
    \"<span class=sf-dump-key>title_behind</span>\" => <span class=sf-dump-const>null</span>
    \"<span class=sf-dump-key>edu1_type</span>\" => \"<span class=sf-dump-str title=\"7 characters\">SMA/SMK</span>\"
    \"<span class=sf-dump-key>edu1_place</span>\" => \"<span class=sf-dump-str title=\"6 characters\">SMAN 2</span>\"
    \"<span class=sf-dump-key>edu1_major</span>\" => \"<span class=sf-dump-str title=\"3 characters\">IPS</span>\"
    \"<span class=sf-dump-key>edu1_average_score</span>\" => \"<span class=sf-dump-str title=\"3 characters\">3.7</span>\"
    \"<span class=sf-dump-key>edu1_graduate_year</span>\" => \"<span class=sf-dump-str title=\"4 characters\">2002</span>\"
    \"<span class=sf-dump-key>edu2_type</span>\" => \"<span class=sf-dump-str title=\"7 characters\">SMA/SMK</span>\"
    \"<span class=sf-dump-key>edu2_place</span>\" => \"<span class=sf-dump-str title=\"3 characters\">DCI</span>\"
    \"<span class=sf-dump-key>edu2_major</span>\" => \"<span class=sf-dump-str title=\"10 characters\">Informatic</span>\"
    \"<span class=sf-dump-key>edu2_average_score</span>\" => \"<span class=sf-dump-str title=\"3 characters\">3.7</span>\"
    \"<span class=sf-dump-key>edu2_graduate_year</span>\" => \"<span class=sf-dump-str title=\"4 characters\">2004</span>\"
    \"<span class=sf-dump-key>edu3_type</span>\" => \"<span class=sf-dump-str title=\"7 characters\">SMA/SMK</span>\"
    \"<span class=sf-dump-key>edu3_place</span>\" => <span class=sf-dump-const>null</span>
    \"<span class=sf-dump-key>edu3_major</span>\" => <span class=sf-dump-const>null</span>
    \"<span class=sf-dump-key>edu3_average_score</span>\" => <span class=sf-dump-const>null</span>
    \"<span class=sf-dump-key>edu3_graduate_year</span>\" => <span class=sf-dump-const>null</span>
    \"<span class=sf-dump-key>created_at</span>\" => \"<span class=sf-dump-str title=\"19 characters\">2026-09-16 13:10:12</span>\"
    \"<span class=sf-dump-key>updated_at</span>\" => \"<span class=sf-dump-str title=\"19 characters\">2026-09-16 21:04:17</span>\"
    \"<span class=sf-dump-key>deleted_at</span>\" => <span class=sf-dump-const>null</span>
    \"<span class=sf-dump-key>created_by</span>\" => <span class=sf-dump-const>null</span>
    \"<span class=sf-dump-key>updated_by</span>\" => <span class=sf-dump-const>null</span>
    \"<span class=sf-dump-key>deleted_by</span>\" => <span class=sf-dump-const>null</span>
  </samp>]
  #<span class=sf-dump-protected title=\"Protected property\">changes</span>: []
  #<span class=sf-dump-protected title=\"Protected property\">previous</span>: []
  #<span class=sf-dump-protected title=\"Protected property\">casts</span>: <span class=sf-dump-note>array:1</span> [<samp data-depth=2 class=sf-dump-compact>
    \"<span class=sf-dump-key>deleted_at</span>\" => \"<span class=sf-dump-str title=\"8 characters\">datetime</span>\"
  </samp>]
  #<span class=sf-dump-protected title=\"Protected property\">classCastCache</span>: []
  #<span class=sf-dump-protected title=\"Protected property\">attributeCastCache</span>: []
  #<span class=sf-dump-protected title=\"Protected property\">dateFormat</span>: <span class=sf-dump-const>null</span>
  #<span class=sf-dump-protected title=\"Protected property\">appends</span>: []
  #<span class=sf-dump-protected title=\"Protected property\">dispatchesEvents</span>: []
  #<span class=sf-dump-protected title=\"Protected property\">observables</span>: []
  #<span class=sf-dump-protected title=\"Protected property\">relations</span>: []
  #<span class=sf-dump-protected title=\"Protected property\">touches</span>: []
  #<span class=sf-dump-protected title=\"Protected property\">relationAutoloadCallback</span>: <span class=sf-dump-const>null</span>
  #<span class=sf-dump-protected title=\"Protected property\">relationAutoloadContext</span>: <span class=sf-dump-const>null</span>
  +<span class=sf-dump-public title=\"Public property\">timestamps</span>: <span class=sf-dump-const>true</span>
  +<span class=sf-dump-public title=\"Public property\">usesUniqueIds</span>: <span class=sf-dump-const>false</span>
  #<span class=sf-dump-protected title=\"Protected property\">hidden</span>: []
  #<span class=sf-dump-protected title=\"Protected property\">visible</span>: []
  #<span class=sf-dump-protected title=\"Protected property\">fillable</span>: []
  #<span class=sf-dump-protected title=\"Protected property\">guarded</span>: []
  #<span class=sf-dump-protected title=\"Protected property\">authPasswordName</span>: \"<span class=sf-dump-str title=\"8 characters\">password</span>\"
  #<span class=sf-dump-protected title=\"Protected property\">rememberTokenName</span>: \"<span class=sf-dump-str title=\"14 characters\">remember_token</span>\"
  #<span class=sf-dump-protected title=\"Protected property\">accessToken</span>: <span class=sf-dump-const>null</span>
  #<span class=sf-dump-protected title=\"Protected property\">forceDeleting</span>: <span class=sf-dump-const>false</span>
</samp>}
</pre><script>Sfdump(\"sf-dump-687428603\", {\"maxDepth\":3,\"maxStringLength\":160})</script>
"}},"userId":1,"exception":"[object] (Spatie\\LaravelIgnition\\Exceptions\\ViewException(code: 0): Undefined variable $spref at C:\\laragon\\www\\STIT2\\resources\\views\\core-themes\\core-mainpage.blade.php:352)
[stacktrace]
#0 C:\\laragon\\www\\STIT2\\vendor\\laravel\\framework\\src\\Illuminate\\Filesystem\\Filesystem.php(123): require('C:\\\\laragon\\\\www\\\\...')
#1 C:\\laragon\\www\\STIT2\\vendor\\laravel\\framework\\src\\Illuminate\\Filesystem\\Filesystem.php(124): Illuminate\\Filesystem\\Filesystem::Illuminate\\Filesystem\\{closure}()
#2 C:\\laragon\\www\\STIT2\\vendor\\laravel\\framework\\src\\Illuminate\\View\\Engines\\PhpEngine.php(57): Illuminate\\Filesystem\\Filesystem->getRequire('C:\\\\laragon\\\\www\\\\...', Array)
#3 C:\\laragon\\www\\STIT2\\vendor\\livewire\\livewire\\src\\Mechanisms\\ExtendBlade\\ExtendedCompilerEngine.php(22): Illuminate\\View\\Engines\\PhpEngine->evaluatePath('C:\\\\laragon\\\\www\\\\...', Array)
#4 C:\\laragon\\www\\STIT2\\vendor\\laravel\\framework\\src\\Illuminate\\View\\Engines\\CompilerEngine.php(76): Livewire\\Mechanisms\\ExtendBlade\\ExtendedCompilerEngine->evaluatePath('C:\\\\laragon\\\\www\\\\...', Array)
#5 C:\\laragon\\www\\STIT2\\vendor\\livewire\\livewire\\src\\Mechanisms\\ExtendBlade\\ExtendedCompilerEngine.php(10): Illuminate\\View\\Engines\\CompilerEngine->get('C:\\\\laragon\\\\www\\\\...', Array)
#6 C:\\laragon\\www\\STIT2\\vendor\\laravel\\framework\\src\\Illuminate\\View\\View.php(208): Livewire\\Mechanisms\\ExtendBlade\\ExtendedCompilerEngine->get('C:\\\\laragon\\\\www\\\\...', Array)
#7 C:\\laragon\\www\\STIT2\\vendor\\laravel\\framework\\src\\Illuminate\\View\\View.php(191): Illuminate\\View\\View->getContents()
#8 C:\\laragon\\www\\STIT2\\vendor\\laravel\\framework\\src\\Illuminate\\View\\View.php(160): Illuminate\\View\\View->renderContents()
#9 C:\\laragon\\www\\STIT2\\resources\\views\\central\\pages\\public-info.blade.php(44): Illuminate\\View\\View->render()
#10 C:\\laragon\\www\\STIT2\\vendor\\laravel\\framework\\src\\Illuminate\\Filesystem\\Filesystem.php(123): require('C:\\\\laragon\\\\www\\\\...')
#11 C:\\laragon\\www\\STIT2\\vendor\\laravel\\framework\\src\\Illuminate\\Filesystem\\Filesystem.php(124): Illuminate\\Filesystem\\Filesystem::Illuminate\\Filesystem\\{closure}()
#12 C:\\laragon\\www\\STIT2\\vendor\\laravel\\framework\\src\\Illuminate\\View\\Engines\\PhpEngine.php(57): Illuminate\\Filesystem\\Filesystem->getRequire('C:\\\\laragon\\\\www\\\\...', Array)
#13 C:\\laragon\\www\\STIT2\\vendor\\livewire\\livewire\\src\\Mechanisms\\ExtendBlade\\ExtendedCompilerEngine.php(22): Illuminate\\View\\Engines\\PhpEngine->evaluatePath('C:\\\\laragon\\\\www\\\\...', Array)
#14 C:\\laragon\\www\\STIT2\\vendor\\laravel\\framework\\src\\Illuminate\\View\\Engines\\CompilerEngine.php(76): Livewire\\Mechanisms\\ExtendBlade\\ExtendedCompilerEngine->evaluatePath('C:\\\\laragon\\\\www\\\\...', Array)
#15 C:\\laragon\\www\\STIT2\\vendor\\livewire\\livewire\\src\\Mechanisms\\ExtendBlade\\ExtendedCompilerEngine.php(10): Illuminate\\View\\Engines\\CompilerEngine->get('C:\\\\laragon\\\\www\\\\...', Array)
#16 C:\\laragon\\www\\STIT2\\vendor\\laravel\\framework\\src\\Illuminate\\View\\View.php(208): Livewire\\Mechanisms\\ExtendBlade\\ExtendedCompilerEngine->get('C:\\\\laragon\\\\www\\\\...', Array)
#17 C:\\laragon\\www\\STIT2\\vendor\\laravel\\framework\\src\\Illuminate\\View\\View.php(191): Illuminate\\View\\View->getContents()
#18 C:\\laragon\\www\\STIT2\\vendor\\laravel\\framework\\src\\Illuminate\\View\\View.php(160): Illuminate\\View\\View->renderContents()
#19 C:\\laragon\\www\\STIT2\\vendor\\laravel\\framework\\src\\Illuminate\\Http\\Response.php(78): Illuminate\\View\\View->render()
#20 C:\\laragon\\www\\STIT2\\vendor\\laravel\\framework\\src\\Illuminate\\Http\\Response.php(34): Illuminate\\Http\\Response->setContent(Object(Illuminate\\View\\View))
#21 C:\\laragon\\www\\STIT2\\vendor\\laravel\\framework\\src\\Illuminate\\Routing\\Router.php(925): Illuminate\\Http\\Response->__construct(Object(Illuminate\\View\\View), 200, Array)
#22 C:\\laragon\\www\\STIT2\\vendor\\laravel\\framework\\src\\Illuminate\\Routing\\Router.php(892): Illuminate\\Routing\\Router::toResponse(Object(Illuminate\\Http\\Request), Object(Illuminate\\View\\View))
#23 C:\\laragon\\www\\STIT2\\vendor\\laravel\\framework\\src\\Illuminate\\Routing\\Router.php(807): Illuminate\\Routing\\Router->prepareResponse(Object(Illuminate\\Http\\Request), Object(Illuminate\\View\\View))
#24 C:\\laragon\\www\\STIT2\\vendor\\laravel\\framework\\src\\Illuminate\\Pipeline\\Pipeline.php(169): Illuminate\\Routing\\Router->Illuminate\\Routing\\{closure}(Object(Illuminate\\Http\\Request))
#25 C:\\laragon\\www\\STIT2\\vendor\\laravel\\framework\\src\\Illuminate\\Routing\\Middleware\\SubstituteBindings.php(50): Illuminate\\Pipeline\\Pipeline->Illuminate\\Pipeline\\{closure}(Object(Illuminate\\Http\\Request))
#26 C:\\laragon\\www\\STIT2\\vendor\\laravel\\framework\\src\\Illuminate\\Pipeline\\Pipeline.php(208): Illuminate\\Routing\\Middleware\\SubstituteBindings->handle(Object(Illuminate\\Http\\Request), Object(Closure))
#27 C:\\laragon\\www\\STIT2\\vendor\\laravel\\framework\\src\\Illuminate\\Foundation\\Http\\Middleware\\VerifyCsrfToken.php(87): Illuminate\\Pipeline\\Pipeline->Illuminate\\Pipeline\\{closure}(Object(Illuminate\\Http\\Request))
#28 C:\\laragon\\www\\STIT2\\vendor\\laravel\\framework\\src\\Illuminate\\Pipeline\\Pipeline.php(208): Illuminate\\Foundation\\Http\\Middleware\\VerifyCsrfToken->handle(Object(Illuminate\\Http\\Request), Object(Closure))
#29 C:\\laragon\\www\\STIT2\\vendor\\laravel\\framework\\src\\Illuminate\\View\\Middleware\\ShareErrorsFromSession.php(48): Illuminate\\Pipeline\\Pipeline->Illuminate\\Pipeline\\{closure}(Object(Illuminate\\Http\\Request))
#30 C:\\laragon\\www\\STIT2\\vendor\\laravel\\framework\\src\\Illuminate\\Pipeline\\Pipeline.php(208): Illuminate\\View\\Middleware\\ShareErrorsFromSession->handle(Object(Illuminate\\Http\\Request), Object(Closure))
#31 C:\\laragon\\www\\STIT2\\vendor\\laravel\\framework\\src\\Illuminate\\Session\\Middleware\\StartSession.php(120): Illuminate\\Pipeline\\Pipeline->Illuminate\\Pipeline\\{closure}(Object(Illuminate\\Http\\Request))
#32 C:\\laragon\\www\\STIT2\\vendor\\laravel\\framework\\src\\Illuminate\\Session\\Middleware\\StartSession.php(63): Illuminate\\Session\\Middleware\\StartSession->handleStatefulRequest(Object(Illuminate\\Http\\Request), Object(Illuminate\\Session\\Store), Object(Closure))
#33 C:\\laragon\\www\\STIT2\\vendor\\laravel\\framework\\src\\Illuminate\\Pipeline\\Pipeline.php(208): Illuminate\\Session\\Middleware\\StartSession->handle(Object(Illuminate\\Http\\Request), Object(Closure))
#34 C:\\laragon\\www\\STIT2\\vendor\\laravel\\framework\\src\\Illuminate\\Cookie\\Middleware\\AddQueuedCookiesToResponse.php(36): Illuminate\\Pipeline\\Pipeline->Illuminate\\Pipeline\\{closure}(Object(Illuminate\\Http\\Request))
#35 C:\\laragon\\www\\STIT2\\vendor\\laravel\\framework\\src\\Illuminate\\Pipeline\\Pipeline.php(208): Illuminate\\Cookie\\Middleware\\AddQueuedCookiesToResponse->handle(Object(Illuminate\\Http\\Request), Object(Closure))
#36 C:\\laragon\\www\\STIT2\\vendor\\laravel\\framework\\src\\Illuminate\\Cookie\\Middleware\\EncryptCookies.php(74): Illuminate\\Pipeline\\Pipeline->Illuminate\\Pipeline\\{closure}(Object(Illuminate\\Http\\Request))
#37 C:\\laragon\\www\\STIT2\\vendor\\laravel\\framework\\src\\Illuminate\\Pipeline\\Pipeline.php(208): Illuminate\\Cookie\\Middleware\\EncryptCookies->handle(Object(Illuminate\\Http\\Request), Object(Closure))
#38 C:\\laragon\\www\\STIT2\\vendor\\laravel\\framework\\src\\Illuminate\\Pipeline\\Pipeline.php(126): Illuminate\\Pipeline\\Pipeline->Illuminate\\Pipeline\\{closure}(Object(Illuminate\\Http\\Request))
#39 C:\\laragon\\www\\STIT2\\vendor\\laravel\\framework\\src\\Illuminate\\Routing\\Router.php(807): Illuminate\\Pipeline\\Pipeline->then(Object(Closure))
#40 C:\\laragon\\www\\STIT2\\vendor\\laravel\\framework\\src\\Illuminate\\Routing\\Router.php(786): Illuminate\\Routing\\Router->runRouteWithinStack(Object(Illuminate\\Routing\\Route), Object(Illuminate\\Http\\Request))
#41 C:\\laragon\\www\\STIT2\\vendor\\laravel\\framework\\src\\Illuminate\\Routing\\Router.php(750): Illuminate\\Routing\\Router->runRoute(Object(Illuminate\\Http\\Request), Object(Illuminate\\Routing\\Route))
#42 C:\\laragon\\www\\STIT2\\vendor\\laravel\\framework\\src\\Illuminate\\Routing\\Router.php(739): Illuminate\\Routing\\Router->dispatchToRoute(Object(Illuminate\\Http\\Request))
#43 C:\\laragon\\www\\STIT2\\vendor\\laravel\\framework\\src\\Illuminate\\Foundation\\Http\\Kernel.php(200): Illuminate\\Routing\\Router->dispatch(Object(Illuminate\\Http\\Request))
#44 C:\\laragon\\www\\STIT2\\vendor\\laravel\\framework\\src\\Illuminate\\Pipeline\\Pipeline.php(169): Illuminate\\Foundation\\Http\\Kernel->Illuminate\\Foundation\\Http\\{closure}(Object(Illuminate\\Http\\Request))
#45 C:\\laragon\\www\\STIT2\\vendor\\livewire\\livewire\\src\\Features\\SupportDisablingBackButtonCache\\DisableBackButtonCacheMiddleware.php(19): Illuminate\\Pipeline\\Pipeline->Illuminate\\Pipeline\\{closure}(Object(Illuminate\\Http\\Request))
#46 C:\\laragon\\www\\STIT2\\vendor\\laravel\\framework\\src\\Illuminate\\Pipeline\\Pipeline.php(208): Livewire\\Features\\SupportDisablingBackButtonCache\\DisableBackButtonCacheMiddleware->handle(Object(Illuminate\\Http\\Request), Object(Closure))
#47 C:\\laragon\\www\\STIT2\\vendor\\laravel\\framework\\src\\Illuminate\\Foundation\\Http\\Middleware\\TransformsRequest.php(21): Illuminate\\Pipeline\\Pipeline->Illuminate\\Pipeline\\{closure}(Object(Illuminate\\Http\\Request))
#48 C:\\laragon\\www\\STIT2\\vendor\\laravel\\framework\\src\\Illuminate\\Foundation\\Http\\Middleware\\ConvertEmptyStringsToNull.php(31): Illuminate\\Foundation\\Http\\Middleware\\TransformsRequest->handle(Object(Illuminate\\Http\\Request), Object(Closure))
#49 C:\\laragon\\www\\STIT2\\vendor\\laravel\\framework\\src\\Illuminate\\Pipeline\\Pipeline.php(208): Illuminate\\Foundation\\Http\\Middleware\\ConvertEmptyStringsToNull->handle(Object(Illuminate\\Http\\Request), Object(Closure))
#50 C:\\laragon\\www\\STIT2\\vendor\\laravel\\framework\\src\\Illuminate\\Foundation\\Http\\Middleware\\TransformsRequest.php(21): Illuminate\\Pipeline\\Pipeline->Illuminate\\Pipeline\\{closure}(Object(Illuminate\\Http\\Request))
#51 C:\\laragon\\www\\STIT2\\vendor\\laravel\\framework\\src\\Illuminate\\Foundation\\Http\\Middleware\\TrimStrings.php(51): Illuminate\\Foundation\\Http\\Middleware\\TransformsRequest->handle(Object(Illuminate\\Http\\Request), Object(Closure))
#52 C:\\laragon\\www\\STIT2\\vendor\\laravel\\framework\\src\\Illuminate\\Pipeline\\Pipeline.php(208): Illuminate\\Foundation\\Http\\Middleware\\TrimStrings->handle(Object(Illuminate\\Http\\Request), Object(Closure))
#53 C:\\laragon\\www\\STIT2\\vendor\\laravel\\framework\\src\\Illuminate\\Http\\Middleware\\ValidatePostSize.php(27): Illuminate\\Pipeline\\Pipeline->Illuminate\\Pipeline\\{closure}(Object(Illuminate\\Http\\Request))
#54 C:\\laragon\\www\\STIT2\\vendor\\laravel\\framework\\src\\Illuminate\\Pipeline\\Pipeline.php(208): Illuminate\\Http\\Middleware\\ValidatePostSize->handle(Object(Illuminate\\Http\\Request), Object(Closure))
#55 C:\\laragon\\www\\STIT2\\vendor\\laravel\\framework\\src\\Illuminate\\Foundation\\Http\\Middleware\\PreventRequestsDuringMaintenance.php(109): Illuminate\\Pipeline\\Pipeline->Illuminate\\Pipeline\\{closure}(Object(Illuminate\\Http\\Request))
#56 C:\\laragon\\www\\STIT2\\vendor\\laravel\\framework\\src\\Illuminate\\Pipeline\\Pipeline.php(208): Illuminate\\Foundation\\Http\\Middleware\\PreventRequestsDuringMaintenance->handle(Object(Illuminate\\Http\\Request), Object(Closure))
#57 C:\\laragon\\www\\STIT2\\vendor\\laravel\\framework\\src\\Illuminate\\Http\\Middleware\\HandleCors.php(48): Illuminate\\Pipeline\\Pipeline->Illuminate\\Pipeline\\{closure}(Object(Illuminate\\Http\\Request))
#58 C:\\laragon\\www\\STIT2\\vendor\\laravel\\framework\\src\\Illuminate\\Pipeline\\Pipeline.php(208): Illuminate\\Http\\Middleware\\HandleCors->handle(Object(Illuminate\\Http\\Request), Object(Closure))
#59 C:\\laragon\\www\\STIT2\\vendor\\laravel\\framework\\src\\Illuminate\\Http\\Middleware\\TrustProxies.php(58): Illuminate\\Pipeline\\Pipeline->Illuminate\\Pipeline\\{closure}(Object(Illuminate\\Http\\Request))
#60 C:\\laragon\\www\\STIT2\\vendor\\laravel\\framework\\src\\Illuminate\\Pipeline\\Pipeline.php(208): Illuminate\\Http\\Middleware\\TrustProxies->handle(Object(Illuminate\\Http\\Request), Object(Closure))
#61 C:\\laragon\\www\\STIT2\\vendor\\laravel\\framework\\src\\Illuminate\\Foundation\\Http\\Middleware\\InvokeDeferredCallbacks.php(22): Illuminate\\Pipeline\\Pipeline->Illuminate\\Pipeline\\{closure}(Object(Illuminate\\Http\\Request))
#62 C:\\laragon\\www\\STIT2\\vendor\\laravel\\framework\\src\\Illuminate\\Pipeline\\Pipeline.php(208): Illuminate\\Foundation\\Http\\Middleware\\InvokeDeferredCallbacks->handle(Object(Illuminate\\Http\\Request), Object(Closure))
#63 C:\\laragon\\www\\STIT2\\vendor\\laravel\\framework\\src\\Illuminate\\Http\\Middleware\\ValidatePathEncoding.php(26): Illuminate\\Pipeline\\Pipeline->Illuminate\\Pipeline\\{closure}(Object(Illuminate\\Http\\Request))
#64 C:\\laragon\\www\\STIT2\\vendor\\laravel\\framework\\src\\Illuminate\\Pipeline\\Pipeline.php(208): Illuminate\\Http\\Middleware\\ValidatePathEncoding->handle(Object(Illuminate\\Http\\Request), Object(Closure))
#65 C:\\laragon\\www\\STIT2\\vendor\\laravel\\framework\\src\\Illuminate\\Pipeline\\Pipeline.php(126): Illuminate\\Pipeline\\Pipeline->Illuminate\\Pipeline\\{closure}(Object(Illuminate\\Http\\Request))
#66 C:\\laragon\\www\\STIT2\\vendor\\laravel\\framework\\src\\Illuminate\\Foundation\\Http\\Kernel.php(175): Illuminate\\Pipeline\\Pipeline->then(Object(Closure))
#67 C:\\laragon\\www\\STIT2\\vendor\\laravel\\framework\\src\\Illuminate\\Foundation\\Http\\Kernel.php(144): Illuminate\\Foundation\\Http\\Kernel->sendRequestThroughRouter(Object(Illuminate\\Http\\Request))
#68 C:\\laragon\\www\\STIT2\\public\\index.php(51): Illuminate\\Foundation\\Http\\Kernel->handle(Object(Illuminate\\Http\\Request))
#69 C:\\laragon\\www\\STIT2\\vendor\\laravel\\framework\\src\\Illuminate\\Foundation\\resources\\server.php(23): require_once('C:\\\\laragon\\\\www\\\\...')
#70 {main}

[previous exception] [object] (ErrorException(code: 0): Undefined variable $spref at C:\\laragon\\www\\STIT2\\storage\\framework\\views\\c0ab4a70c91cf4f3941485b2f5e3952e.php:352)
[stacktrace]
#0 C:\\laragon\\www\\STIT2\\vendor\\laravel\\framework\\src\\Illuminate\\Foundation\\Bootstrap\\HandleExceptions.php(256): Illuminate\\Foundation\\Bootstrap\\HandleExceptions->handleError(2, 'Undefined varia...', 'C:\\\\laragon\\\\www\\\\...', 352)
#1 C:\\laragon\\www\\STIT2\\storage\\framework\\views\\c0ab4a70c91cf4f3941485b2f5e3952e.php(352): Illuminate\\Foundation\\Bootstrap\\HandleExceptions->Illuminate\\Foundation\\Bootstrap\\{closure}(2, 'Undefined varia...', 'C:\\\\laragon\\\\www\\\\...', 352)
#2 C:\\laragon\\www\\STIT2\\vendor\\laravel\\framework\\src\\Illuminate\\Filesystem\\Filesystem.php(123): require('C:\\\\laragon\\\\www\\\\...')
#3 C:\\laragon\\www\\STIT2\\vendor\\laravel\\framework\\src\\Illuminate\\Filesystem\\Filesystem.php(124): Illuminate\\Filesystem\\Filesystem::Illuminate\\Filesystem\\{closure}()
#4 C:\\laragon\\www\\STIT2\\vendor\\laravel\\framework\\src\\Illuminate\\View\\Engines\\PhpEngine.php(57): Illuminate\\Filesystem\\Filesystem->getRequire('C:\\\\laragon\\\\www\\\\...', Array)
#5 C:\\laragon\\www\\STIT2\\vendor\\livewire\\livewire\\src\\Mechanisms\\ExtendBlade\\ExtendedCompilerEngine.php(22): Illuminate\\View\\Engines\\PhpEngine->evaluatePath('C:\\\\laragon\\\\www\\\\...', Array)
#6 C:\\laragon\\www\\STIT2\\vendor\\laravel\\framework\\src\\Illuminate\\View\\Engines\\CompilerEngine.php(76): Livewire\\Mechanisms\\ExtendBlade\\ExtendedCompilerEngine->evaluatePath('C:\\\\laragon\\\\www\\\\...', Array)
#7 C:\\laragon\\www\\STIT2\\vendor\\livewire\\livewire\\src\\Mechanisms\\ExtendBlade\\ExtendedCompilerEngine.php(10): Illuminate\\View\\Engines\\CompilerEngine->get('C:\\\\laragon\\\\www\\\\...', Array)
#8 C:\\laragon\\www\\STIT2\\vendor\\laravel\\framework\\src\\Illuminate\\View\\View.php(208): Livewire\\Mechanisms\\ExtendBlade\\ExtendedCompilerEngine->get('C:\\\\laragon\\\\www\\\\...', Array)
#9 C:\\laragon\\www\\STIT2\\vendor\\laravel\\framework\\src\\Illuminate\\View\\View.php(191): Illuminate\\View\\View->getContents()
#10 C:\\laragon\\www\\STIT2\\vendor\\laravel\\framework\\src\\Illuminate\\View\\View.php(160): Illuminate\\View\\View->renderContents()
#11 C:\\laragon\\www\\STIT2\\storage\\framework\\views\\59f71ea7e0eaa467808b8a930ee2cee2.php(44): Illuminate\\View\\View->render()
#12 C:\\laragon\\www\\STIT2\\vendor\\laravel\\framework\\src\\Illuminate\\Filesystem\\Filesystem.php(123): require('C:\\\\laragon\\\\www\\\\...')
#13 C:\\laragon\\www\\STIT2\\vendor\\laravel\\framework\\src\\Illuminate\\Filesystem\\Filesystem.php(124): Illuminate\\Filesystem\\Filesystem::Illuminate\\Filesystem\\{closure}()
#14 C:\\laragon\\www\\STIT2\\vendor\\laravel\\framework\\src\\Illuminate\\View\\Engines\\PhpEngine.php(57): Illuminate\\Filesystem\\Filesystem->getRequire('C:\\\\laragon\\\\www\\\\...', Array)
#15 C:\\laragon\\www\\STIT2\\vendor\\livewire\\livewire\\src\\Mechanisms\\ExtendBlade\\ExtendedCompilerEngine.php(22): Illuminate\\View\\Engines\\PhpEngine->evaluatePath('C:\\\\laragon\\\\www\\\\...', Array)
#16 C:\\laragon\\www\\STIT2\\vendor\\laravel\\framework\\src\\Illuminate\\View\\Engines\\CompilerEngine.php(76): Livewire\\Mechanisms\\ExtendBlade\\ExtendedCompilerEngine->evaluatePath('C:\\\\laragon\\\\www\\\\...', Array)
#17 C:\\laragon\\www\\STIT2\\vendor\\livewire\\livewire\\src\\Mechanisms\\ExtendBlade\\ExtendedCompilerEngine.php(10): Illuminate\\View\\Engines\\CompilerEngine->get('C:\\\\laragon\\\\www\\\\...', Array)
#18 C:\\laragon\\www\\STIT2\\vendor\\laravel\\framework\\src\\Illuminate\\View\\View.php(208): Livewire\\Mechanisms\\ExtendBlade\\ExtendedCompilerEngine->get('C:\\\\laragon\\\\www\\\\...', Array)
#19 C:\\laragon\\www\\STIT2\\vendor\\laravel\\framework\\src\\Illuminate\\View\\View.php(191): Illuminate\\View\\View->getContents()
#20 C:\\laragon\\www\\STIT2\\vendor\\laravel\\framework\\src\\Illuminate\\View\\View.php(160): Illuminate\\View\\View->renderContents()
#21 C:\\laragon\\www\\STIT2\\vendor\\laravel\\framework\\src\\Illuminate\\Http\\Response.php(78): Illuminate\\View\\View->render()
#22 C:\\laragon\\www\\STIT2\\vendor\\laravel\\framework\\src\\Illuminate\\Http\\Response.php(34): Illuminate\\Http\\Response->setContent(Object(Illuminate\\View\\View))
#23 C:\\laragon\\www\\STIT2\\vendor\\laravel\\framework\\src\\Illuminate\\Routing\\Router.php(925): Illuminate\\Http\\Response->__construct(Object(Illuminate\\View\\View), 200, Array)
#24 C:\\laragon\\www\\STIT2\\vendor\\laravel\\framework\\src\\Illuminate\\Routing\\Router.php(892): Illuminate\\Routing\\Router::toResponse(Object(Illuminate\\Http\\Request), Object(Illuminate\\View\\View))
#25 C:\\laragon\\www\\STIT2\\vendor\\laravel\\framework\\src\\Illuminate\\Routing\\Router.php(807): Illuminate\\Routing\\Router->prepareResponse(Object(Illuminate\\Http\\Request), Object(Illuminate\\View\\View))
#26 C:\\laragon\\www\\STIT2\\vendor\\laravel\\framework\\src\\Illuminate\\Pipeline\\Pipeline.php(169): Illuminate\\Routing\\Router->Illuminate\\Routing\\{closure}(Object(Illuminate\\Http\\Request))
#27 C:\\laragon\\www\\STIT2\\vendor\\laravel\\framework\\src\\Illuminate\\Routing\\Middleware\\SubstituteBindings.php(50): Illuminate\\Pipeline\\Pipeline->Illuminate\\Pipeline\\{closure}(Object(Illuminate\\Http\\Request))
#28 C:\\laragon\\www\\STIT2\\vendor\\laravel\\framework\\src\\Illuminate\\Pipeline\\Pipeline.php(208): Illuminate\\Routing\\Middleware\\SubstituteBindings->handle(Object(Illuminate\\Http\\Request), Object(Closure))
#29 C:\\laragon\\www\\STIT2\\vendor\\laravel\\framework\\src\\Illuminate\\Foundation\\Http\\Middleware\\VerifyCsrfToken.php(87): Illuminate\\Pipeline\\Pipeline->Illuminate\\Pipeline\\{closure}(Object(Illuminate\\Http\\Request))
#30 C:\\laragon\\www\\STIT2\\vendor\\laravel\\framework\\src\\Illuminate\\Pipeline\\Pipeline.php(208): Illuminate\\Foundation\\Http\\Middleware\\VerifyCsrfToken->handle(Object(Illuminate\\Http\\Request), Object(Closure))
#31 C:\\laragon\\www\\STIT2\\vendor\\laravel\\framework\\src\\Illuminate\\View\\Middleware\\ShareErrorsFromSession.php(48): Illuminate\\Pipeline\\Pipeline->Illuminate\\Pipeline\\{closure}(Object(Illuminate\\Http\\Request))
#32 C:\\laragon\\www\\STIT2\\vendor\\laravel\\framework\\src\\Illuminate\\Pipeline\\Pipeline.php(208): Illuminate\\View\\Middleware\\ShareErrorsFromSession->handle(Object(Illuminate\\Http\\Request), Object(Closure))
#33 C:\\laragon\\www\\STIT2\\vendor\\laravel\\framework\\src\\Illuminate\\Session\\Middleware\\StartSession.php(120): Illuminate\\Pipeline\\Pipeline->Illuminate\\Pipeline\\{closure}(Object(Illuminate\\Http\\Request))
#34 C:\\laragon\\www\\STIT2\\vendor\\laravel\\framework\\src\\Illuminate\\Session\\Middleware\\StartSession.php(63): Illuminate\\Session\\Middleware\\StartSession->handleStatefulRequest(Object(Illuminate\\Http\\Request), Object(Illuminate\\Session\\Store), Object(Closure))
#35 C:\\laragon\\www\\STIT2\\vendor\\laravel\\framework\\src\\Illuminate\\Pipeline\\Pipeline.php(208): Illuminate\\Session\\Middleware\\StartSession->handle(Object(Illuminate\\Http\\Request), Object(Closure))
#36 C:\\laragon\\www\\STIT2\\vendor\\laravel\\framework\\src\\Illuminate\\Cookie\\Middleware\\AddQueuedCookiesToResponse.php(36): Illuminate\\Pipeline\\Pipeline->Illuminate\\Pipeline\\{closure}(Object(Illuminate\\Http\\Request))
#37 C:\\laragon\\www\\STIT2\\vendor\\laravel\\framework\\src\\Illuminate\\Pipeline\\Pipeline.php(208): Illuminate\\Cookie\\Middleware\\AddQueuedCookiesToResponse->handle(Object(Illuminate\\Http\\Request), Object(Closure))
#38 C:\\laragon\\www\\STIT2\\vendor\\laravel\\framework\\src\\Illuminate\\Cookie\\Middleware\\EncryptCookies.php(74): Illuminate\\Pipeline\\Pipeline->Illuminate\\Pipeline\\{closure}(Object(Illuminate\\Http\\Request))
#39 C:\\laragon\\www\\STIT2\\vendor\\laravel\\framework\\src\\Illuminate\\Pipeline\\Pipeline.php(208): Illuminate\\Cookie\\Middleware\\EncryptCookies->handle(Object(Illuminate\\Http\\Request), Object(Closure))
#40 C:\\laragon\\www\\STIT2\\vendor\\laravel\\framework\\src\\Illuminate\\Pipeline\\Pipeline.php(126): Illuminate\\Pipeline\\Pipeline->Illuminate\\Pipeline\\{closure}(Object(Illuminate\\Http\\Request))
#41 C:\\laragon\\www\\STIT2\\vendor\\laravel\\framework\\src\\Illuminate\\Routing\\Router.php(807): Illuminate\\Pipeline\\Pipeline->then(Object(Closure))
#42 C:\\laragon\\www\\STIT2\\vendor\\laravel\\framework\\src\\Illuminate\\Routing\\Router.php(786): Illuminate\\Routing\\Router->runRouteWithinStack(Object(Illuminate\\Routing\\Route), Object(Illuminate\\Http\\Request))
#43 C:\\laragon\\www\\STIT2\\vendor\\laravel\\framework\\src\\Illuminate\\Routing\\Router.php(750): Illuminate\\Routing\\Router->runRoute(Object(Illuminate\\Http\\Request), Object(Illuminate\\Routing\\Route))
#44 C:\\laragon\\www\\STIT2\\vendor\\laravel\\framework\\src\\Illuminate\\Routing\\Router.php(739): Illuminate\\Routing\\Router->dispatchToRoute(Object(Illuminate\\Http\\Request))
#45 C:\\laragon\\www\\STIT2\\vendor\\laravel\\framework\\src\\Illuminate\\Foundation\\Http\\Kernel.php(200): Illuminate\\Routing\\Router->dispatch(Object(Illuminate\\Http\\Request))
#46 C:\\laragon\\www\\STIT2\\vendor\\laravel\\framework\\src\\Illuminate\\Pipeline\\Pipeline.php(169): Illuminate\\Foundation\\Http\\Kernel->Illuminate\\Foundation\\Http\\{closure}(Object(Illuminate\\Http\\Request))
#47 C:\\laragon\\www\\STIT2\\vendor\\livewire\\livewire\\src\\Features\\SupportDisablingBackButtonCache\\DisableBackButtonCacheMiddleware.php(19): Illuminate\\Pipeline\\Pipeline->Illuminate\\Pipeline\\{closure}(Object(Illuminate\\Http\\Request))
#48 C:\\laragon\\www\\STIT2\\vendor\\laravel\\framework\\src\\Illuminate\\Pipeline\\Pipeline.php(208): Livewire\\Features\\SupportDisablingBackButtonCache\\DisableBackButtonCacheMiddleware->handle(Object(Illuminate\\Http\\Request), Object(Closure))
#49 C:\\laragon\\www\\STIT2\\vendor\\laravel\\framework\\src\\Illuminate\\Foundation\\Http\\Middleware\\TransformsRequest.php(21): Illuminate\\Pipeline\\Pipeline->Illuminate\\Pipeline\\{closure}(Object(Illuminate\\Http\\Request))
#50 C:\\laragon\\www\\STIT2\\vendor\\laravel\\framework\\src\\Illuminate\\Foundation\\Http\\Middleware\\ConvertEmptyStringsToNull.php(31): Illuminate\\Foundation\\Http\\Middleware\\TransformsRequest->handle(Object(Illuminate\\Http\\Request), Object(Closure))
#51 C:\\laragon\\www\\STIT2\\vendor\\laravel\\framework\\src\\Illuminate\\Pipeline\\Pipeline.php(208): Illuminate\\Foundation\\Http\\Middleware\\ConvertEmptyStringsToNull->handle(Object(Illuminate\\Http\\Request), Object(Closure))
#52 C:\\laragon\\www\\STIT2\\vendor\\laravel\\framework\\src\\Illuminate\\Foundation\\Http\\Middleware\\TransformsRequest.php(21): Illuminate\\Pipeline\\Pipeline->Illuminate\\Pipeline\\{closure}(Object(Illuminate\\Http\\Request))
#53 C:\\laragon\\www\\STIT2\\vendor\\laravel\\framework\\src\\Illuminate\\Foundation\\Http\\Middleware\\TrimStrings.php(51): Illuminate\\Foundation\\Http\\Middleware\\TransformsRequest->handle(Object(Illuminate\\Http\\Request), Object(Closure))
#54 C:\\laragon\\www\\STIT2\\vendor\\laravel\\framework\\src\\Illuminate\\Pipeline\\Pipeline.php(208): Illuminate\\Foundation\\Http\\Middleware\\TrimStrings->handle(Object(Illuminate\\Http\\Request), Object(Closure))
#55 C:\\laragon\\www\\STIT2\\vendor\\laravel\\framework\\src\\Illuminate\\Http\\Middleware\\ValidatePostSize.php(27): Illuminate\\Pipeline\\Pipeline->Illuminate\\Pipeline\\{closure}(Object(Illuminate\\Http\\Request))
#56 C:\\laragon\\www\\STIT2\\vendor\\laravel\\framework\\src\\Illuminate\\Pipeline\\Pipeline.php(208): Illuminate\\Http\\Middleware\\ValidatePostSize->handle(Object(Illuminate\\Http\\Request), Object(Closure))
#57 C:\\laragon\\www\\STIT2\\vendor\\laravel\\framework\\src\\Illuminate\\Foundation\\Http\\Middleware\\PreventRequestsDuringMaintenance.php(109): Illuminate\\Pipeline\\Pipeline->Illuminate\\Pipeline\\{closure}(Object(Illuminate\\Http\\Request))
#58 C:\\laragon\\www\\STIT2\\vendor\\laravel\\framework\\src\\Illuminate\\Pipeline\\Pipeline.php(208): Illuminate\\Foundation\\Http\\Middleware\\PreventRequestsDuringMaintenance->handle(Object(Illuminate\\Http\\Request), Object(Closure))
#59 C:\\laragon\\www\\STIT2\\vendor\\laravel\\framework\\src\\Illuminate\\Http\\Middleware\\HandleCors.php(48): Illuminate\\Pipeline\\Pipeline->Illuminate\\Pipeline\\{closure}(Object(Illuminate\\Http\\Request))
#60 C:\\laragon\\www\\STIT2\\vendor\\laravel\\framework\\src\\Illuminate\\Pipeline\\Pipeline.php(208): Illuminate\\Http\\Middleware\\HandleCors->handle(Object(Illuminate\\Http\\Request), Object(Closure))
#61 C:\\laragon\\www\\STIT2\\vendor\\laravel\\framework\\src\\Illuminate\\Http\\Middleware\\TrustProxies.php(58): Illuminate\\Pipeline\\Pipeline->Illuminate\\Pipeline\\{closure}(Object(Illuminate\\Http\\Request))
#62 C:\\laragon\\www\\STIT2\\vendor\\laravel\\framework\\src\\Illuminate\\Pipeline\\Pipeline.php(208): Illuminate\\Http\\Middleware\\TrustProxies->handle(Object(Illuminate\\Http\\Request), Object(Closure))
#63 C:\\laragon\\www\\STIT2\\vendor\\laravel\\framework\\src\\Illuminate\\Foundation\\Http\\Middleware\\InvokeDeferredCallbacks.php(22): Illuminate\\Pipeline\\Pipeline->Illuminate\\Pipeline\\{closure}(Object(Illuminate\\Http\\Request))
#64 C:\\laragon\\www\\STIT2\\vendor\\laravel\\framework\\src\\Illuminate\\Pipeline\\Pipeline.php(208): Illuminate\\Foundation\\Http\\Middleware\\InvokeDeferredCallbacks->handle(Object(Illuminate\\Http\\Request), Object(Closure))
#65 C:\\laragon\\www\\STIT2\\vendor\\laravel\\framework\\src\\Illuminate\\Http\\Middleware\\ValidatePathEncoding.php(26): Illuminate\\Pipeline\\Pipeline->Illuminate\\Pipeline\\{closure}(Object(Illuminate\\Http\\Request))
#66 C:\\laragon\\www\\STIT2\\vendor\\laravel\\framework\\src\\Illuminate\\Pipeline\\Pipeline.php(208): Illuminate\\Http\\Middleware\\ValidatePathEncoding->handle(Object(Illuminate\\Http\\Request), Object(Closure))
#67 C:\\laragon\\www\\STIT2\\vendor\\laravel\\framework\\src\\Illuminate\\Pipeline\\Pipeline.php(126): Illuminate\\Pipeline\\Pipeline->Illuminate\\Pipeline\\{closure}(Object(Illuminate\\Http\\Request))
#68 C:\\laragon\\www\\STIT2\\vendor\\laravel\\framework\\src\\Illuminate\\Foundation\\Http\\Kernel.php(175): Illuminate\\Pipeline\\Pipeline->then(Object(Closure))
#69 C:\\laragon\\www\\STIT2\\vendor\\laravel\\framework\\src\\Illuminate\\Foundation\\Http\\Kernel.php(144): Illuminate\\Foundation\\Http\\Kernel->sendRequestThroughRouter(Object(Illuminate\\Http\\Request))
#70 C:\\laragon\\www\\STIT2\\public\\index.php(51): Illuminate\\Foundation\\Http\\Kernel->handle(Object(Illuminate\\Http\\Request))
#71 C:\\laragon\\www\\STIT2\\vendor\\laravel\\framework\\src\\Illuminate\\Foundation\\resources\\server.php(23): require_once('C:\\\\laragon\\\\www\\\\...')
#72 {main}
"} 
[2026-09-17 11:00:20] local.ERROR: Undefined variable $spref {"view":{"view":"C:\\laragon\\www\\STIT2\\resources\\views\\core-themes\\core-mainpage.blade.php","data":{"errors":"<pre class=sf-dump id=sf-dump-1405218536 data-indent-pad=\"  \"><span class=sf-dump-note>Illuminate\\Support\\ViewErrorBag</span> {<a class=sf-dump-ref>#854</a><samp data-depth=1 class=sf-dump-expanded>
  #<span class=sf-dump-protected title=\"Protected property\">bags</span>: []
</samp>}
</pre><script>Sfdump(\"sf-dump-1405218536\", {\"maxDepth\":3,\"maxStringLength\":160})</script>
","webs":"<pre class=sf-dump id=sf-dump-1382571018 data-indent-pad=\"  \"><span class=sf-dump-note>App\\Models\\Pengaturan\\WebSetting</span> {<a class=sf-dump-ref>#897</a><samp data-depth=1 class=sf-dump-expanded>
  #<span class=sf-dump-protected title=\"Protected property\">connection</span>: \"<span class=sf-dump-str title=\"5 characters\">mysql</span>\"
  #<span class=sf-dump-protected title=\"Protected property\">table</span>: \"<span class=sf-dump-str title=\"12 characters\">web_settings</span>\"
  #<span class=sf-dump-protected title=\"Protected property\">primaryKey</span>: \"<span class=sf-dump-str title=\"2 characters\">id</span>\"
  #<span class=sf-dump-protected title=\"Protected property\">keyType</span>: \"<span class=sf-dump-str title=\"3 characters\">int</span>\"
  +<span class=sf-dump-public title=\"Public property\">incrementing</span>: <span class=sf-dump-const>true</span>
  #<span class=sf-dump-protected title=\"Protected property\">with</span>: []
  #<span class=sf-dump-protected title=\"Protected property\">withCount</span>: []
  +<span class=sf-dump-public title=\"Public property\">preventsLazyLoading</span>: <span class=sf-dump-const>false</span>
  #<span class=sf-dump-protected title=\"Protected property\">perPage</span>: <span class=sf-dump-num>15</span>
  +<span class=sf-dump-public title=\"Public property\">exists</span>: <span class=sf-dump-const>true</span>
  +<span class=sf-dump-public title=\"Public property\">wasRecentlyCreated</span>: <span class=sf-dump-const>false</span>
  #<span class=sf-dump-protected title=\"Protected property\">escapeWhenCastingToString</span>: <span class=sf-dump-const>false</span>
  #<span class=sf-dump-protected title=\"Protected property\">attributes</span>: <span class=sf-dump-note>array:28</span> [<samp data-depth=2 class=sf-dump-compact>
    \"<span class=sf-dump-key>id</span>\" => <span class=sf-dump-num>1</span>
    \"<span class=sf-dump-key>taka_now</span>\" => <span class=sf-dump-num>2026</span>
    \"<span class=sf-dump-key>school_apps</span>\" => \"<span class=sf-dump-str title=\"11 characters\">SIAKAD STIT</span>\"
    \"<span class=sf-dump-key>school_name</span>\" => \"<span class=sf-dump-str title=\"15 characters\">STIT Darul Ilmi</span>\"
    \"<span class=sf-dump-key>school_head</span>\" => \"<span class=sf-dump-str title=\"34 characters\">Dr. H Dudung Rachmat Hidayat, M.Pd</span>\"
    \"<span class=sf-dump-key>school_link</span>\" => \"<span class=sf-dump-str title=\"33 characters\">http://siakad-stit-darul-ilmi.com</span>\"
    \"<span class=sf-dump-key>school_desc</span>\" => \"<span class=sf-dump-str title=\"58 characters\">Mencetak Manajer Pendidikan Islam Profesional dan Visioner</span>\"
    \"<span class=sf-dump-key>school_logo_vert</span>\" => \"<span class=sf-dump-str title=\"13 characters\">logo-vert.png</span>\"
    \"<span class=sf-dump-key>school_logo_hori</span>\" => \"<span class=sf-dump-str title=\"13 characters\">logo-hori.png</span>\"
    \"<span class=sf-dump-key>school_email</span>\" => \"<span class=sf-dump-str title=\"20 characters\">mjaya69703@gmail.com</span>\"
    \"<span class=sf-dump-key>school_phone</span>\" => \"<span class=sf-dump-str title=\"14 characters\">+6281234567895</span>\"
    \"<span class=sf-dump-key>school_address</span>\" => \"<span class=sf-dump-str title=\"76 characters\">Jl. Cirahayu, Sindangraja, Jamanis, Kabbupaten Tasikmalaya, jawa Barat 46175</span>\"
    \"<span class=sf-dump-key>school_longitude</span>\" => \"<span class=sf-dump-str title=\"9 characters\">-7.266670</span>\"
    \"<span class=sf-dump-key>school_latitude</span>\" => \"<span class=sf-dump-str title=\"10 characters\">110.416670</span>\"
    \"<span class=sf-dump-key>social_fb</span>\" => \"<span class=sf-dump-str title=\"30 characters\">https://facebook.com/kyouma052</span>\"
    \"<span class=sf-dump-key>social_ig</span>\" => \"<span class=sf-dump-str title=\"32 characters\">https://instagram.com/mjaya69703</span>\"
    \"<span class=sf-dump-key>social_in</span>\" => \"<span class=sf-dump-str title=\"37 characters\">https://id.linkedin.com/in/mjaya69703</span>\"
    \"<span class=sf-dump-key>social_tw</span>\" => \"<span class=sf-dump-str title=\"24 characters\">https://x.com/mjaya69703</span>\"
    \"<span class=sf-dump-key>maintenance_mode</span>\" => <span class=sf-dump-num>0</span>
    \"<span class=sf-dump-key>enable_captcha</span>\" => <span class=sf-dump-num>0</span>
    \"<span class=sf-dump-key>max_login_attempts</span>\" => <span class=sf-dump-num>5</span>
    \"<span class=sf-dump-key>login_decay_seconds</span>\" => <span class=sf-dump-num>60</span>
    \"<span class=sf-dump-key>created_at</span>\" => \"<span class=sf-dump-str title=\"19 characters\">2026-09-16 13:20:54</span>\"
    \"<span class=sf-dump-key>updated_at</span>\" => \"<span class=sf-dump-str title=\"19 characters\">2026-09-17 10:56:44</span>\"
    \"<span class=sf-dump-key>deleted_at</span>\" => <span class=sf-dump-const>null</span>
    \"<span class=sf-dump-key>created_by</span>\" => <span class=sf-dump-const>null</span>
    \"<span class=sf-dump-key>updated_by</span>\" => <span class=sf-dump-const>null</span>
    \"<span class=sf-dump-key>deleted_by</span>\" => <span class=sf-dump-const>null</span>
  </samp>]
  #<span class=sf-dump-protected title=\"Protected property\">original</span>: <span class=sf-dump-note>array:28</span> [<samp data-depth=2 class=sf-dump-compact>
    \"<span class=sf-dump-key>id</span>\" => <span class=sf-dump-num>1</span>
    \"<span class=sf-dump-key>taka_now</span>\" => <span class=sf-dump-num>2026</span>
    \"<span class=sf-dump-key>school_apps</span>\" => \"<span class=sf-dump-str title=\"11 characters\">SIAKAD STIT</span>\"
    \"<span class=sf-dump-key>school_name</span>\" => \"<span class=sf-dump-str title=\"15 characters\">STIT Darul Ilmi</span>\"
    \"<span class=sf-dump-key>school_head</span>\" => \"<span class=sf-dump-str title=\"34 characters\">Dr. H Dudung Rachmat Hidayat, M.Pd</span>\"
    \"<span class=sf-dump-key>school_link</span>\" => \"<span class=sf-dump-str title=\"33 characters\">http://siakad-stit-darul-ilmi.com</span>\"
    \"<span class=sf-dump-key>school_desc</span>\" => \"<span class=sf-dump-str title=\"58 characters\">Mencetak Manajer Pendidikan Islam Profesional dan Visioner</span>\"
    \"<span class=sf-dump-key>school_logo_vert</span>\" => \"<span class=sf-dump-str title=\"13 characters\">logo-vert.png</span>\"
    \"<span class=sf-dump-key>school_logo_hori</span>\" => \"<span class=sf-dump-str title=\"13 characters\">logo-hori.png</span>\"
    \"<span class=sf-dump-key>school_email</span>\" => \"<span class=sf-dump-str title=\"20 characters\">mjaya69703@gmail.com</span>\"
    \"<span class=sf-dump-key>school_phone</span>\" => \"<span class=sf-dump-str title=\"14 characters\">+6281234567895</span>\"
    \"<span class=sf-dump-key>school_address</span>\" => \"<span class=sf-dump-str title=\"76 characters\">Jl. Cirahayu, Sindangraja, Jamanis, Kabbupaten Tasikmalaya, jawa Barat 46175</span>\"
    \"<span class=sf-dump-key>school_longitude</span>\" => \"<span class=sf-dump-str title=\"9 characters\">-7.266670</span>\"
    \"<span class=sf-dump-key>school_latitude</span>\" => \"<span class=sf-dump-str title=\"10 characters\">110.416670</span>\"
    \"<span class=sf-dump-key>social_fb</span>\" => \"<span class=sf-dump-str title=\"30 characters\">https://facebook.com/kyouma052</span>\"
    \"<span class=sf-dump-key>social_ig</span>\" => \"<span class=sf-dump-str title=\"32 characters\">https://instagram.com/mjaya69703</span>\"
    \"<span class=sf-dump-key>social_in</span>\" => \"<span class=sf-dump-str title=\"37 characters\">https://id.linkedin.com/in/mjaya69703</span>\"
    \"<span class=sf-dump-key>social_tw</span>\" => \"<span class=sf-dump-str title=\"24 characters\">https://x.com/mjaya69703</span>\"
    \"<span class=sf-dump-key>maintenance_mode</span>\" => <span class=sf-dump-num>0</span>
    \"<span class=sf-dump-key>enable_captcha</span>\" => <span class=sf-dump-num>0</span>
    \"<span class=sf-dump-key>max_login_attempts</span>\" => <span class=sf-dump-num>5</span>
    \"<span class=sf-dump-key>login_decay_seconds</span>\" => <span class=sf-dump-num>60</span>
    \"<span class=sf-dump-key>created_at</span>\" => \"<span class=sf-dump-str title=\"19 characters\">2026-09-16 13:20:54</span>\"
    \"<span class=sf-dump-key>updated_at</span>\" => \"<span class=sf-dump-str title=\"19 characters\">2026-09-17 10:56:44</span>\"
    \"<span class=sf-dump-key>deleted_at</span>\" => <span class=sf-dump-const>null</span>
    \"<span class=sf-dump-key>created_by</span>\" => <span class=sf-dump-const>null</span>
    \"<span class=sf-dump-key>updated_by</span>\" => <span class=sf-dump-const>null</span>
    \"<span class=sf-dump-key>deleted_by</span>\" => <span class=sf-dump-const>null</span>
  </samp>]
  #<span class=sf-dump-protected title=\"Protected property\">changes</span>: []
  #<span class=sf-dump-protected title=\"Protected property\">previous</span>: []
  #<span class=sf-dump-protected title=\"Protected property\">casts</span>: <span class=sf-dump-note>array:1</span> [<samp data-depth=2 class=sf-dump-compact>
    \"<span class=sf-dump-key>deleted_at</span>\" => \"<span class=sf-dump-str title=\"8 characters\">datetime</span>\"
  </samp>]
  #<span class=sf-dump-protected title=\"Protected property\">classCastCache</span>: []
  #<span class=sf-dump-protected title=\"Protected property\">attributeCastCache</span>: []
  #<span class=sf-dump-protected title=\"Protected property\">dateFormat</span>: <span class=sf-dump-const>null</span>
  #<span class=sf-dump-protected title=\"Protected property\">appends</span>: []
  #<span class=sf-dump-protected title=\"Protected property\">dispatchesEvents</span>: []
  #<span class=sf-dump-protected title=\"Protected property\">observables</span>: []
  #<span class=sf-dump-protected title=\"Protected property\">relations</span>: []
  #<span class=sf-dump-protected title=\"Protected property\">touches</span>: []
  #<span class=sf-dump-protected title=\"Protected property\">relationAutoloadCallback</span>: <span class=sf-dump-const>null</span>
  #<span class=sf-dump-protected title=\"Protected property\">relationAutoloadContext</span>: <span class=sf-dump-const>null</span>
  +<span class=sf-dump-public title=\"Public property\">timestamps</span>: <span class=sf-dump-const>true</span>
  +<span class=sf-dump-public title=\"Public property\">usesUniqueIds</span>: <span class=sf-dump-const>false</span>
  #<span class=sf-dump-protected title=\"Protected property\">hidden</span>: []
  #<span class=sf-dump-protected title=\"Protected property\">visible</span>: []
  #<span class=sf-dump-protected title=\"Protected property\">fillable</span>: []
  #<span class=sf-dump-protected title=\"Protected property\">guarded</span>: []
  #<span class=sf-dump-protected title=\"Protected property\">forceDeleting</span>: <span class=sf-dump-const>false</span>
</samp>}
</pre><script>Sfdump(\"sf-dump-1382571018\", {\"maxDepth\":3,\"maxStringLength\":160})</script>
","menus":"<pre class=sf-dump id=sf-dump-494690430 data-indent-pad=\"  \">\"<span class=sf-dump-str title=\"9 characters\">Institusi</span>\"
</pre><script>Sfdump(\"sf-dump-494690430\", {\"maxDepth\":3,\"maxStringLength\":160})</script>
","pages":"<pre class=sf-dump id=sf-dump-458020126 data-indent-pad=\"  \">\"<span class=sf-dump-str title=\"13 characters\">Jadwal Kuliah</span>\"
</pre><script>Sfdump(\"sf-dump-458020126\", {\"maxDepth\":3,\"maxStringLength\":160})</script>
","academy":"<pre class=sf-dump id=sf-dump-1069943562 data-indent-pad=\"  \">\"<span class=sf-dump-str title=\"30 characters\">SIAKAD STIT by STIT Darul Ilmi</span>\"
</pre><script>Sfdump(\"sf-dump-1069943562\", {\"maxDepth\":3,\"maxStringLength\":160})</script>
","info":"<pre class=sf-dump id=sf-dump-346320705 data-indent-pad=\"  \"><span class=sf-dump-note>array:3</span> [<samp data-depth=1 class=sf-dump-expanded>
  \"<span class=sf-dump-key>title</span>\" => \"<span class=sf-dump-str title=\"13 characters\">Jadwal Kuliah</span>\"
  \"<span class=sf-dump-key>heading</span>\" => \"<span class=sf-dump-str title=\"13 characters\">Jadwal Kuliah</span>\"
  \"<span class=sf-dump-key>content</span>\" => \"<span class=sf-dump-str title=\"55 characters\">Jadwal kuliah tersedia melalui portal SIAKAD mahasiswa.</span>\"
</samp>]
</pre><script>Sfdump(\"sf-dump-346320705\", {\"maxDepth\":3,\"maxStringLength\":160})</script>
","user":"<pre class=sf-dump id=sf-dump-2092712372 data-indent-pad=\"  \"><span class=sf-dump-note>App\\Models\\User</span> {<a class=sf-dump-ref>#915</a><samp data-depth=1 class=sf-dump-expanded>
  #<span class=sf-dump-protected title=\"Protected property\">connection</span>: \"<span class=sf-dump-str title=\"5 characters\">mysql</span>\"
  #<span class=sf-dump-protected title=\"Protected property\">table</span>: \"<span class=sf-dump-str title=\"5 characters\">users</span>\"
  #<span class=sf-dump-protected title=\"Protected property\">primaryKey</span>: \"<span class=sf-dump-str title=\"2 characters\">id</span>\"
  #<span class=sf-dump-protected title=\"Protected property\">keyType</span>: \"<span class=sf-dump-str title=\"3 characters\">int</span>\"
  +<span class=sf-dump-public title=\"Public property\">incrementing</span>: <span class=sf-dump-const>true</span>
  #<span class=sf-dump-protected title=\"Protected property\">with</span>: []
  #<span class=sf-dump-protected title=\"Protected property\">withCount</span>: []
  +<span class=sf-dump-public title=\"Public property\">preventsLazyLoading</span>: <span class=sf-dump-const>false</span>
  #<span class=sf-dump-protected title=\"Protected property\">perPage</span>: <span class=sf-dump-num>15</span>
  +<span class=sf-dump-public title=\"Public property\">exists</span>: <span class=sf-dump-const>true</span>
  +<span class=sf-dump-public title=\"Public property\">wasRecentlyCreated</span>: <span class=sf-dump-const>false</span>
  #<span class=sf-dump-protected title=\"Protected property\">escapeWhenCastingToString</span>: <span class=sf-dump-const>false</span>
  #<span class=sf-dump-protected title=\"Protected property\">attributes</span>: <span class=sf-dump-note>array:70</span> [<samp data-depth=2 class=sf-dump-compact>
    \"<span class=sf-dump-key>id</span>\" => <span class=sf-dump-num>1</span>
    \"<span class=sf-dump-key>type</span>\" => <span class=sf-dump-num>0</span>
    \"<span class=sf-dump-key>name</span>\" => \"<span class=sf-dump-str title=\"13 characters\">Administrator</span>\"
    \"<span class=sf-dump-key>photo</span>\" => \"<span class=sf-dump-str title=\"35 characters\">1789567457-nCpmd7-6aaaa1e10df6a.jpg</span>\"
    \"<span class=sf-dump-key>username</span>\" => \"<span class=sf-dump-str title=\"5 characters\">admin</span>\"
    \"<span class=sf-dump-key>phone</span>\" => \"<span class=sf-dump-str title=\"13 characters\">6280012345660</span>\"
    \"<span class=sf-dump-key>email</span>\" => \"<span class=sf-dump-str title=\"20 characters\">mjaya69703@gmail.com</span>\"
    \"<span class=sf-dump-key>link_ig</span>\" => <span class=sf-dump-const>null</span>
    \"<span class=sf-dump-key>link_fb</span>\" => <span class=sf-dump-const>null</span>
    \"<span class=sf-dump-key>link_in</span>\" => <span class=sf-dump-const>null</span>
    \"<span class=sf-dump-key>bio_blood</span>\" => <span class=sf-dump-const>null</span>
    \"<span class=sf-dump-key>bio_height</span>\" => <span class=sf-dump-const>null</span>
    \"<span class=sf-dump-key>bio_weight</span>\" => <span class=sf-dump-const>null</span>
    \"<span class=sf-dump-key>bio_gender</span>\" => \"<span class=sf-dump-str title=\"9 characters\">Laki-laki</span>\"
    \"<span class=sf-dump-key>bio_religion</span>\" => <span class=sf-dump-const>null</span>
    \"<span class=sf-dump-key>bio_placebirth</span>\" => <span class=sf-dump-const>null</span>
    \"<span class=sf-dump-key>bio_nationality</span>\" => <span class=sf-dump-const>null</span>
    \"<span class=sf-dump-key>bio_datebirth</span>\" => <span class=sf-dump-const>null</span>
    \"<span class=sf-dump-key>numb_kk</span>\" => \"<span class=sf-dump-str title=\"11 characters\">11111111111</span>\"
    \"<span class=sf-dump-key>numb_ktp</span>\" => \"<span class=sf-dump-str title=\"15 characters\">122222222222222</span>\"
    \"<span class=sf-dump-key>numb_npsn</span>\" => <span class=sf-dump-const>null</span>
    \"<span class=sf-dump-key>numb_nitk</span>\" => \"<span class=sf-dump-str title=\"18 characters\">111111111111111111</span>\"
    \"<span class=sf-dump-key>numb_staff</span>\" => \"<span class=sf-dump-str>1</span>\"
    \"<span class=sf-dump-key>code</span>\" => \"<span class=sf-dump-str title=\"6 characters\">nCpmd7</span>\"
    \"<span class=sf-dump-key>password</span>\" => \"<span class=sf-dump-str title=\"60 characters\">$2y$12$mnKBaJy5agivF1/4zLseMeoqD2xAJLAj6mMPIrNie8JoMMteyCmM2</span>\"
    \"<span class=sf-dump-key>fst_setup</span>\" => <span class=sf-dump-num>0</span>
    \"<span class=sf-dump-key>tfa_setup</span>\" => <span class=sf-dump-num>0</span>
    \"<span class=sf-dump-key>ktp_addres</span>\" => \"\"\"
      <span class=sf-dump-str title=\"65 characters\">Cirahayu No. 104 RT/RW 03/010 Desa Sindangraja<span class=\"sf-dump-default sf-dump-ns\">\\r\\n</span></span>
      <span class=sf-dump-str title=\"65 characters\">Kecamatan Jamanis</span>
      \"\"\"
    \"<span class=sf-dump-key>ktp_rt</span>\" => \"<span class=sf-dump-str title=\"2 characters\">03</span>\"
    \"<span class=sf-dump-key>ktp_rw</span>\" => \"<span class=sf-dump-str title=\"3 characters\">010</span>\"
    \"<span class=sf-dump-key>ktp_village</span>\" => <span class=sf-dump-const>null</span>
    \"<span class=sf-dump-key>ktp_subdistrict</span>\" => \"<span class=sf-dump-str title=\"7 characters\">Jamanis</span>\"
    \"<span class=sf-dump-key>ktp_poscode</span>\" => \"<span class=sf-dump-str title=\"5 characters\">46175</span>\"
    \"<span class=sf-dump-key>ktp_city</span>\" => \"<span class=sf-dump-str title=\"21 characters\">Kabupaten Tasikmalaya</span>\"
    \"<span class=sf-dump-key>ktp_province</span>\" => \"<span class=sf-dump-str title=\"10 characters\">Jawa Barat</span>\"
    \"<span class=sf-dump-key>domicile_same</span>\" => \"<span class=sf-dump-str title=\"3 characters\">Yes</span>\"
    \"<span class=sf-dump-key>domicile_addres</span>\" => <span class=sf-dump-const>null</span>
    \"<span class=sf-dump-key>domicile_rt</span>\" => <span class=sf-dump-const>null</span>
    \"<span class=sf-dump-key>domicile_rw</span>\" => <span class=sf-dump-const>null</span>
    \"<span class=sf-dump-key>domicile_village</span>\" => <span class=sf-dump-const>null</span>
    \"<span class=sf-dump-key>domicile_subdistrict</span>\" => <span class=sf-dump-const>null</span>
    \"<span class=sf-dump-key>domicile_poscode</span>\" => <span class=sf-dump-const>null</span>
    \"<span class=sf-dump-key>domicile_city</span>\" => <span class=sf-dump-const>null</span>
    \"<span class=sf-dump-key>domicile_province</span>\" => <span class=sf-dump-const>null</span>
    \"<span class=sf-dump-key>google_id</span>\" => <span class=sf-dump-const>null</span>
    \"<span class=sf-dump-key>google_token</span>\" => <span class=sf-dump-const>null</span>
    \"<span class=sf-dump-key>google_refresh_token</span>\" => <span class=sf-dump-const>null</span>
    \"<span class=sf-dump-key>title_front</span>\" => <span class=sf-dump-const>null</span>
    \"<span class=sf-dump-key>title_behind</span>\" => <span class=sf-dump-const>null</span>
    \"<span class=sf-dump-key>edu1_type</span>\" => \"<span class=sf-dump-str title=\"7 characters\">SMA/SMK</span>\"
    \"<span class=sf-dump-key>edu1_place</span>\" => \"<span class=sf-dump-str title=\"6 characters\">SMAN 2</span>\"
    \"<span class=sf-dump-key>edu1_major</span>\" => \"<span class=sf-dump-str title=\"3 characters\">IPS</span>\"
    \"<span class=sf-dump-key>edu1_average_score</span>\" => \"<span class=sf-dump-str title=\"3 characters\">3.7</span>\"
    \"<span class=sf-dump-key>edu1_graduate_year</span>\" => \"<span class=sf-dump-str title=\"4 characters\">2002</span>\"
    \"<span class=sf-dump-key>edu2_type</span>\" => \"<span class=sf-dump-str title=\"7 characters\">SMA/SMK</span>\"
    \"<span class=sf-dump-key>edu2_place</span>\" => \"<span class=sf-dump-str title=\"3 characters\">DCI</span>\"
    \"<span class=sf-dump-key>edu2_major</span>\" => \"<span class=sf-dump-str title=\"10 characters\">Informatic</span>\"
    \"<span class=sf-dump-key>edu2_average_score</span>\" => \"<span class=sf-dump-str title=\"3 characters\">3.7</span>\"
    \"<span class=sf-dump-key>edu2_graduate_year</span>\" => \"<span class=sf-dump-str title=\"4 characters\">2004</span>\"
    \"<span class=sf-dump-key>edu3_type</span>\" => \"<span class=sf-dump-str title=\"7 characters\">SMA/SMK</span>\"
    \"<span class=sf-dump-key>edu3_place</span>\" => <span class=sf-dump-const>null</span>
    \"<span class=sf-dump-key>edu3_major</span>\" => <span class=sf-dump-const>null</span>
    \"<span class=sf-dump-key>edu3_average_score</span>\" => <span class=sf-dump-const>null</span>
    \"<span class=sf-dump-key>edu3_graduate_year</span>\" => <span class=sf-dump-const>null</span>
    \"<span class=sf-dump-key>created_at</span>\" => \"<span class=sf-dump-str title=\"19 characters\">2026-09-16 13:10:12</span>\"
    \"<span class=sf-dump-key>updated_at</span>\" => \"<span class=sf-dump-str title=\"19 characters\">2026-09-16 21:04:17</span>\"
    \"<span class=sf-dump-key>deleted_at</span>\" => <span class=sf-dump-const>null</span>
    \"<span class=sf-dump-key>created_by</span>\" => <span class=sf-dump-const>null</span>
    \"<span class=sf-dump-key>updated_by</span>\" => <span class=sf-dump-const>null</span>
    \"<span class=sf-dump-key>deleted_by</span>\" => <span class=sf-dump-const>null</span>
  </samp>]
  #<span class=sf-dump-protected title=\"Protected property\">original</span>: <span class=sf-dump-note>array:70</span> [<samp data-depth=2 class=sf-dump-compact>
    \"<span class=sf-dump-key>id</span>\" => <span class=sf-dump-num>1</span>
    \"<span class=sf-dump-key>type</span>\" => <span class=sf-dump-num>0</span>
    \"<span class=sf-dump-key>name</span>\" => \"<span class=sf-dump-str title=\"13 characters\">Administrator</span>\"
    \"<span class=sf-dump-key>photo</span>\" => \"<span class=sf-dump-str title=\"35 characters\">1789567457-nCpmd7-6aaaa1e10df6a.jpg</span>\"
    \"<span class=sf-dump-key>username</span>\" => \"<span class=sf-dump-str title=\"5 characters\">admin</span>\"
    \"<span class=sf-dump-key>phone</span>\" => \"<span class=sf-dump-str title=\"13 characters\">6280012345660</span>\"
    \"<span class=sf-dump-key>email</span>\" => \"<span class=sf-dump-str title=\"20 characters\">mjaya69703@gmail.com</span>\"
    \"<span class=sf-dump-key>link_ig</span>\" => <span class=sf-dump-const>null</span>
    \"<span class=sf-dump-key>link_fb</span>\" => <span class=sf-dump-const>null</span>
    \"<span class=sf-dump-key>link_in</span>\" => <span class=sf-dump-const>null</span>
    \"<span class=sf-dump-key>bio_blood</span>\" => <span class=sf-dump-const>null</span>
    \"<span class=sf-dump-key>bio_height</span>\" => <span class=sf-dump-const>null</span>
    \"<span class=sf-dump-key>bio_weight</span>\" => <span class=sf-dump-const>null</span>
    \"<span class=sf-dump-key>bio_gender</span>\" => \"<span class=sf-dump-str title=\"9 characters\">Laki-laki</span>\"
    \"<span class=sf-dump-key>bio_religion</span>\" => <span class=sf-dump-const>null</span>
    \"<span class=sf-dump-key>bio_placebirth</span>\" => <span class=sf-dump-const>null</span>
    \"<span class=sf-dump-key>bio_nationality</span>\" => <span class=sf-dump-const>null</span>
    \"<span class=sf-dump-key>bio_datebirth</span>\" => <span class=sf-dump-const>null</span>
    \"<span class=sf-dump-key>numb_kk</span>\" => \"<span class=sf-dump-str title=\"11 characters\">11111111111</span>\"
    \"<span class=sf-dump-key>numb_ktp</span>\" => \"<span class=sf-dump-str title=\"15 characters\">122222222222222</span>\"
    \"<span class=sf-dump-key>numb_npsn</span>\" => <span class=sf-dump-const>null</span>
    \"<span class=sf-dump-key>numb_nitk</span>\" => \"<span class=sf-dump-str title=\"18 characters\">111111111111111111</span>\"
    \"<span class=sf-dump-key>numb_staff</span>\" => \"<span class=sf-dump-str>1</span>\"
    \"<span class=sf-dump-key>code</span>\" => \"<span class=sf-dump-str title=\"6 characters\">nCpmd7</span>\"
    \"<span class=sf-dump-key>password</span>\" => \"<span class=sf-dump-str title=\"60 characters\">$2y$12$mnKBaJy5agivF1/4zLseMeoqD2xAJLAj6mMPIrNie8JoMMteyCmM2</span>\"
    \"<span class=sf-dump-key>fst_setup</span>\" => <span class=sf-dump-num>0</span>
    \"<span class=sf-dump-key>tfa_setup</span>\" => <span class=sf-dump-num>0</span>
    \"<span class=sf-dump-key>ktp_addres</span>\" => \"\"\"
      <span class=sf-dump-str title=\"65 characters\">Cirahayu No. 104 RT/RW 03/010 Desa Sindangraja<span class=\"sf-dump-default sf-dump-ns\">\\r\\n</span></span>
      <span class=sf-dump-str title=\"65 characters\">Kecamatan Jamanis</span>
      \"\"\"
    \"<span class=sf-dump-key>ktp_rt</span>\" => \"<span class=sf-dump-str title=\"2 characters\">03</span>\"
    \"<span class=sf-dump-key>ktp_rw</span>\" => \"<span class=sf-dump-str title=\"3 characters\">010</span>\"
    \"<span class=sf-dump-key>ktp_village</span>\" => <span class=sf-dump-const>null</span>
    \"<span class=sf-dump-key>ktp_subdistrict</span>\" => \"<span class=sf-dump-str title=\"7 characters\">Jamanis</span>\"
    \"<span class=sf-dump-key>ktp_poscode</span>\" => \"<span class=sf-dump-str title=\"5 characters\">46175</span>\"
    \"<span class=sf-dump-key>ktp_city</span>\" => \"<span class=sf-dump-str title=\"21 characters\">Kabupaten Tasikmalaya</span>\"
    \"<span class=sf-dump-key>ktp_province</span>\" => \"<span class=sf-dump-str title=\"10 characters\">Jawa Barat</span>\"
    \"<span class=sf-dump-key>domicile_same</span>\" => \"<span class=sf-dump-str title=\"3 characters\">Yes</span>\"
    \"<span class=sf-dump-key>domicile_addres</span>\" => <span class=sf-dump-const>null</span>
    \"<span class=sf-dump-key>domicile_rt</span>\" => <span class=sf-dump-const>null</span>
    \"<span class=sf-dump-key>domicile_rw</span>\" => <span class=sf-dump-const>null</span>
    \"<span class=sf-dump-key>domicile_village</span>\" => <span class=sf-dump-const>null</span>
    \"<span class=sf-dump-key>domicile_subdistrict</span>\" => <span class=sf-dump-const>null</span>
    \"<span class=sf-dump-key>domicile_poscode</span>\" => <span class=sf-dump-const>null</span>
    \"<span class=sf-dump-key>domicile_city</span>\" => <span class=sf-dump-const>null</span>
    \"<span class=sf-dump-key>domicile_province</span>\" => <span class=sf-dump-const>null</span>
    \"<span class=sf-dump-key>google_id</span>\" => <span class=sf-dump-const>null</span>
    \"<span class=sf-dump-key>google_token</span>\" => <span class=sf-dump-const>null</span>
    \"<span class=sf-dump-key>google_refresh_token</span>\" => <span class=sf-dump-const>null</span>
    \"<span class=sf-dump-key>title_front</span>\" => <span class=sf-dump-const>null</span>
    \"<span class=sf-dump-key>title_behind</span>\" => <span class=sf-dump-const>null</span>
    \"<span class=sf-dump-key>edu1_type</span>\" => \"<span class=sf-dump-str title=\"7 characters\">SMA/SMK</span>\"
    \"<span class=sf-dump-key>edu1_place</span>\" => \"<span class=sf-dump-str title=\"6 characters\">SMAN 2</span>\"
    \"<span class=sf-dump-key>edu1_major</span>\" => \"<span class=sf-dump-str title=\"3 characters\">IPS</span>\"
    \"<span class=sf-dump-key>edu1_average_score</span>\" => \"<span class=sf-dump-str title=\"3 characters\">3.7</span>\"
    \"<span class=sf-dump-key>edu1_graduate_year</span>\" => \"<span class=sf-dump-str title=\"4 characters\">2002</span>\"
    \"<span class=sf-dump-key>edu2_type</span>\" => \"<span class=sf-dump-str title=\"7 characters\">SMA/SMK</span>\"
    \"<span class=sf-dump-key>edu2_place</span>\" => \"<span class=sf-dump-str title=\"3 characters\">DCI</span>\"
    \"<span class=sf-dump-key>edu2_major</span>\" => \"<span class=sf-dump-str title=\"10 characters\">Informatic</span>\"
    \"<span class=sf-dump-key>edu2_average_score</span>\" => \"<span class=sf-dump-str title=\"3 characters\">3.7</span>\"
    \"<span class=sf-dump-key>edu2_graduate_year</span>\" => \"<span class=sf-dump-str title=\"4 characters\">2004</span>\"
    \"<span class=sf-dump-key>edu3_type</span>\" => \"<span class=sf-dump-str title=\"7 characters\">SMA/SMK</span>\"
    \"<span class=sf-dump-key>edu3_place</span>\" => <span class=sf-dump-const>null</span>
    \"<span class=sf-dump-key>edu3_major</span>\" => <span class=sf-dump-const>null</span>
    \"<span class=sf-dump-key>edu3_average_score</span>\" => <span class=sf-dump-const>null</span>
    \"<span class=sf-dump-key>edu3_graduate_year</span>\" => <span class=sf-dump-const>null</span>
    \"<span class=sf-dump-key>created_at</span>\" => \"<span class=sf-dump-str title=\"19 characters\">2026-09-16 13:10:12</span>\"
    \"<span class=sf-dump-key>updated_at</span>\" => \"<span class=sf-dump-str title=\"19 characters\">2026-09-16 21:04:17</span>\"
    \"<span class=sf-dump-key>deleted_at</span>\" => <span class=sf-dump-const>null</span>
    \"<span class=sf-dump-key>created_by</span>\" => <span class=sf-dump-const>null</span>
    \"<span class=sf-dump-key>updated_by</span>\" => <span class=sf-dump-const>null</span>
    \"<span class=sf-dump-key>deleted_by</span>\" => <span class=sf-dump-const>null</span>
  </samp>]
  #<span class=sf-dump-protected title=\"Protected property\">changes</span>: []
  #<span class=sf-dump-protected title=\"Protected property\">previous</span>: []
  #<span class=sf-dump-protected title=\"Protected property\">casts</span>: <span class=sf-dump-note>array:1</span> [<samp data-depth=2 class=sf-dump-compact>
    \"<span class=sf-dump-key>deleted_at</span>\" => \"<span class=sf-dump-str title=\"8 characters\">datetime</span>\"
  </samp>]
  #<span class=sf-dump-protected title=\"Protected property\">classCastCache</span>: []
  #<span class=sf-dump-protected title=\"Protected property\">attributeCastCache</span>: []
  #<span class=sf-dump-protected title=\"Protected property\">dateFormat</span>: <span class=sf-dump-const>null</span>
  #<span class=sf-dump-protected title=\"Protected property\">appends</span>: []
  #<span class=sf-dump-protected title=\"Protected property\">dispatchesEvents</span>: []
  #<span class=sf-dump-protected title=\"Protected property\">observables</span>: []
  #<span class=sf-dump-protected title=\"Protected property\">relations</span>: []
  #<span class=sf-dump-protected title=\"Protected property\">touches</span>: []
  #<span class=sf-dump-protected title=\"Protected property\">relationAutoloadCallback</span>: <span class=sf-dump-const>null</span>
  #<span class=sf-dump-protected title=\"Protected property\">relationAutoloadContext</span>: <span class=sf-dump-const>null</span>
  +<span class=sf-dump-public title=\"Public property\">timestamps</span>: <span class=sf-dump-const>true</span>
  +<span class=sf-dump-public title=\"Public property\">usesUniqueIds</span>: <span class=sf-dump-const>false</span>
  #<span class=sf-dump-protected title=\"Protected property\">hidden</span>: []
  #<span class=sf-dump-protected title=\"Protected property\">visible</span>: []
  #<span class=sf-dump-protected title=\"Protected property\">fillable</span>: []
  #<span class=sf-dump-protected title=\"Protected property\">guarded</span>: []
  #<span class=sf-dump-protected title=\"Protected property\">authPasswordName</span>: \"<span class=sf-dump-str title=\"8 characters\">password</span>\"
  #<span class=sf-dump-protected title=\"Protected property\">rememberTokenName</span>: \"<span class=sf-dump-str title=\"14 characters\">remember_token</span>\"
  #<span class=sf-dump-protected title=\"Protected property\">accessToken</span>: <span class=sf-dump-const>null</span>
  #<span class=sf-dump-protected title=\"Protected property\">forceDeleting</span>: <span class=sf-dump-const>false</span>
</samp>}
</pre><script>Sfdump(\"sf-dump-2092712372\", {\"maxDepth\":3,\"maxStringLength\":160})</script>
"}},"userId":1,"exception":"[object] (Spatie\\LaravelIgnition\\Exceptions\\ViewException(code: 0): Undefined variable $spref at C:\\laragon\\www\\STIT2\\resources\\views\\core-themes\\core-mainpage.blade.php:352)
[stacktrace]
#0 C:\\laragon\\www\\STIT2\\vendor\\laravel\\framework\\src\\Illuminate\\Filesystem\\Filesystem.php(123): require('C:\\\\laragon\\\\www\\\\...')
#1 C:\\laragon\\www\\STIT2\\vendor\\laravel\\framework\\src\\Illuminate\\Filesystem\\Filesystem.php(124): Illuminate\\Filesystem\\Filesystem::Illuminate\\Filesystem\\{closure}()
#2 C:\\laragon\\www\\STIT2\\vendor\\laravel\\framework\\src\\Illuminate\\View\\Engines\\PhpEngine.php(57): Illuminate\\Filesystem\\Filesystem->getRequire('C:\\\\laragon\\\\www\\\\...', Array)
#3 C:\\laragon\\www\\STIT2\\vendor\\livewire\\livewire\\src\\Mechanisms\\ExtendBlade\\ExtendedCompilerEngine.php(22): Illuminate\\View\\Engines\\PhpEngine->evaluatePath('C:\\\\laragon\\\\www\\\\...', Array)
#4 C:\\laragon\\www\\STIT2\\vendor\\laravel\\framework\\src\\Illuminate\\View\\Engines\\CompilerEngine.php(76): Livewire\\Mechanisms\\ExtendBlade\\ExtendedCompilerEngine->evaluatePath('C:\\\\laragon\\\\www\\\\...', Array)
#5 C:\\laragon\\www\\STIT2\\vendor\\livewire\\livewire\\src\\Mechanisms\\ExtendBlade\\ExtendedCompilerEngine.php(10): Illuminate\\View\\Engines\\CompilerEngine->get('C:\\\\laragon\\\\www\\\\...', Array)
#6 C:\\laragon\\www\\STIT2\\vendor\\laravel\\framework\\src\\Illuminate\\View\\View.php(208): Livewire\\Mechanisms\\ExtendBlade\\ExtendedCompilerEngine->get('C:\\\\laragon\\\\www\\\\...', Array)
#7 C:\\laragon\\www\\STIT2\\vendor\\laravel\\framework\\src\\Illuminate\\View\\View.php(191): Illuminate\\View\\View->getContents()
#8 C:\\laragon\\www\\STIT2\\vendor\\laravel\\framework\\src\\Illuminate\\View\\View.php(160): Illuminate\\View\\View->renderContents()
#9 C:\\laragon\\www\\STIT2\\resources\\views\\central\\pages\\public-info.blade.php(44): Illuminate\\View\\View->render()
#10 C:\\laragon\\www\\STIT2\\vendor\\laravel\\framework\\src\\Illuminate\\Filesystem\\Filesystem.php(123): require('C:\\\\laragon\\\\www\\\\...')
#11 C:\\laragon\\www\\STIT2\\vendor\\laravel\\framework\\src\\Illuminate\\Filesystem\\Filesystem.php(124): Illuminate\\Filesystem\\Filesystem::Illuminate\\Filesystem\\{closure}()
#12 C:\\laragon\\www\\STIT2\\vendor\\laravel\\framework\\src\\Illuminate\\View\\Engines\\PhpEngine.php(57): Illuminate\\Filesystem\\Filesystem->getRequire('C:\\\\laragon\\\\www\\\\...', Array)
#13 C:\\laragon\\www\\STIT2\\vendor\\livewire\\livewire\\src\\Mechanisms\\ExtendBlade\\ExtendedCompilerEngine.php(22): Illuminate\\View\\Engines\\PhpEngine->evaluatePath('C:\\\\laragon\\\\www\\\\...', Array)
#14 C:\\laragon\\www\\STIT2\\vendor\\laravel\\framework\\src\\Illuminate\\View\\Engines\\CompilerEngine.php(76): Livewire\\Mechanisms\\ExtendBlade\\ExtendedCompilerEngine->evaluatePath('C:\\\\laragon\\\\www\\\\...', Array)
#15 C:\\laragon\\www\\STIT2\\vendor\\livewire\\livewire\\src\\Mechanisms\\ExtendBlade\\ExtendedCompilerEngine.php(10): Illuminate\\View\\Engines\\CompilerEngine->get('C:\\\\laragon\\\\www\\\\...', Array)
#16 C:\\laragon\\www\\STIT2\\vendor\\laravel\\framework\\src\\Illuminate\\View\\View.php(208): Livewire\\Mechanisms\\ExtendBlade\\ExtendedCompilerEngine->get('C:\\\\laragon\\\\www\\\\...', Array)
#17 C:\\laragon\\www\\STIT2\\vendor\\laravel\\framework\\src\\Illuminate\\View\\View.php(191): Illuminate\\View\\View->getContents()
#18 C:\\laragon\\www\\STIT2\\vendor\\laravel\\framework\\src\\Illuminate\\View\\View.php(160): Illuminate\\View\\View->renderContents()
#19 C:\\laragon\\www\\STIT2\\vendor\\laravel\\framework\\src\\Illuminate\\Http\\Response.php(78): Illuminate\\View\\View->render()
#20 C:\\laragon\\www\\STIT2\\vendor\\laravel\\framework\\src\\Illuminate\\Http\\Response.php(34): Illuminate\\Http\\Response->setContent(Object(Illuminate\\View\\View))
#21 C:\\laragon\\www\\STIT2\\vendor\\laravel\\framework\\src\\Illuminate\\Routing\\Router.php(925): Illuminate\\Http\\Response->__construct(Object(Illuminate\\View\\View), 200, Array)
#22 C:\\laragon\\www\\STIT2\\vendor\\laravel\\framework\\src\\Illuminate\\Routing\\Router.php(892): Illuminate\\Routing\\Router::toResponse(Object(Illuminate\\Http\\Request), Object(Illuminate\\View\\View))
#23 C:\\laragon\\www\\STIT2\\vendor\\laravel\\framework\\src\\Illuminate\\Routing\\Router.php(807): Illuminate\\Routing\\Router->prepareResponse(Object(Illuminate\\Http\\Request), Object(Illuminate\\View\\View))
#24 C:\\laragon\\www\\STIT2\\vendor\\laravel\\framework\\src\\Illuminate\\Pipeline\\Pipeline.php(169): Illuminate\\Routing\\Router->Illuminate\\Routing\\{closure}(Object(Illuminate\\Http\\Request))
#25 C:\\laragon\\www\\STIT2\\vendor\\laravel\\framework\\src\\Illuminate\\Routing\\Middleware\\SubstituteBindings.php(50): Illuminate\\Pipeline\\Pipeline->Illuminate\\Pipeline\\{closure}(Object(Illuminate\\Http\\Request))
#26 C:\\laragon\\www\\STIT2\\vendor\\laravel\\framework\\src\\Illuminate\\Pipeline\\Pipeline.php(208): Illuminate\\Routing\\Middleware\\SubstituteBindings->handle(Object(Illuminate\\Http\\Request), Object(Closure))
#27 C:\\laragon\\www\\STIT2\\vendor\\laravel\\framework\\src\\Illuminate\\Foundation\\Http\\Middleware\\VerifyCsrfToken.php(87): Illuminate\\Pipeline\\Pipeline->Illuminate\\Pipeline\\{closure}(Object(Illuminate\\Http\\Request))
#28 C:\\laragon\\www\\STIT2\\vendor\\laravel\\framework\\src\\Illuminate\\Pipeline\\Pipeline.php(208): Illuminate\\Foundation\\Http\\Middleware\\VerifyCsrfToken->handle(Object(Illuminate\\Http\\Request), Object(Closure))
#29 C:\\laragon\\www\\STIT2\\vendor\\laravel\\framework\\src\\Illuminate\\View\\Middleware\\ShareErrorsFromSession.php(48): Illuminate\\Pipeline\\Pipeline->Illuminate\\Pipeline\\{closure}(Object(Illuminate\\Http\\Request))
#30 C:\\laragon\\www\\STIT2\\vendor\\laravel\\framework\\src\\Illuminate\\Pipeline\\Pipeline.php(208): Illuminate\\View\\Middleware\\ShareErrorsFromSession->handle(Object(Illuminate\\Http\\Request), Object(Closure))
#31 C:\\laragon\\www\\STIT2\\vendor\\laravel\\framework\\src\\Illuminate\\Session\\Middleware\\StartSession.php(120): Illuminate\\Pipeline\\Pipeline->Illuminate\\Pipeline\\{closure}(Object(Illuminate\\Http\\Request))
#32 C:\\laragon\\www\\STIT2\\vendor\\laravel\\framework\\src\\Illuminate\\Session\\Middleware\\StartSession.php(63): Illuminate\\Session\\Middleware\\StartSession->handleStatefulRequest(Object(Illuminate\\Http\\Request), Object(Illuminate\\Session\\Store), Object(Closure))
#33 C:\\laragon\\www\\STIT2\\vendor\\laravel\\framework\\src\\Illuminate\\Pipeline\\Pipeline.php(208): Illuminate\\Session\\Middleware\\StartSession->handle(Object(Illuminate\\Http\\Request), Object(Closure))
#34 C:\\laragon\\www\\STIT2\\vendor\\laravel\\framework\\src\\Illuminate\\Cookie\\Middleware\\AddQueuedCookiesToResponse.php(36): Illuminate\\Pipeline\\Pipeline->Illuminate\\Pipeline\\{closure}(Object(Illuminate\\Http\\Request))
#35 C:\\laragon\\www\\STIT2\\vendor\\laravel\\framework\\src\\Illuminate\\Pipeline\\Pipeline.php(208): Illuminate\\Cookie\\Middleware\\AddQueuedCookiesToResponse->handle(Object(Illuminate\\Http\\Request), Object(Closure))
#36 C:\\laragon\\www\\STIT2\\vendor\\laravel\\framework\\src\\Illuminate\\Cookie\\Middleware\\EncryptCookies.php(74): Illuminate\\Pipeline\\Pipeline->Illuminate\\Pipeline\\{closure}(Object(Illuminate\\Http\\Request))
#37 C:\\laragon\\www\\STIT2\\vendor\\laravel\\framework\\src\\Illuminate\\Pipeline\\Pipeline.php(208): Illuminate\\Cookie\\Middleware\\EncryptCookies->handle(Object(Illuminate\\Http\\Request), Object(Closure))
#38 C:\\laragon\\www\\STIT2\\vendor\\laravel\\framework\\src\\Illuminate\\Pipeline\\Pipeline.php(126): Illuminate\\Pipeline\\Pipeline->Illuminate\\Pipeline\\{closure}(Object(Illuminate\\Http\\Request))
#39 C:\\laragon\\www\\STIT2\\vendor\\laravel\\framework\\src\\Illuminate\\Routing\\Router.php(807): Illuminate\\Pipeline\\Pipeline->then(Object(Closure))
#40 C:\\laragon\\www\\STIT2\\vendor\\laravel\\framework\\src\\Illuminate\\Routing\\Router.php(786): Illuminate\\Routing\\Router->runRouteWithinStack(Object(Illuminate\\Routing\\Route), Object(Illuminate\\Http\\Request))
#41 C:\\laragon\\www\\STIT2\\vendor\\laravel\\framework\\src\\Illuminate\\Routing\\Router.php(750): Illuminate\\Routing\\Router->runRoute(Object(Illuminate\\Http\\Request), Object(Illuminate\\Routing\\Route))
#42 C:\\laragon\\www\\STIT2\\vendor\\laravel\\framework\\src\\Illuminate\\Routing\\Router.php(739): Illuminate\\Routing\\Router->dispatchToRoute(Object(Illuminate\\Http\\Request))
#43 C:\\laragon\\www\\STIT2\\vendor\\laravel\\framework\\src\\Illuminate\\Foundation\\Http\\Kernel.php(200): Illuminate\\Routing\\Router->dispatch(Object(Illuminate\\Http\\Request))
#44 C:\\laragon\\www\\STIT2\\vendor\\laravel\\framework\\src\\Illuminate\\Pipeline\\Pipeline.php(169): Illuminate\\Foundation\\Http\\Kernel->Illuminate\\Foundation\\Http\\{closure}(Object(Illuminate\\Http\\Request))
#45 C:\\laragon\\www\\STIT2\\vendor\\livewire\\livewire\\src\\Features\\SupportDisablingBackButtonCache\\DisableBackButtonCacheMiddleware.php(19): Illuminate\\Pipeline\\Pipeline->Illuminate\\Pipeline\\{closure}(Object(Illuminate\\Http\\Request))
#46 C:\\laragon\\www\\STIT2\\vendor\\laravel\\framework\\src\\Illuminate\\Pipeline\\Pipeline.php(208): Livewire\\Features\\SupportDisablingBackButtonCache\\DisableBackButtonCacheMiddleware->handle(Object(Illuminate\\Http\\Request), Object(Closure))
#47 C:\\laragon\\www\\STIT2\\vendor\\laravel\\framework\\src\\Illuminate\\Foundation\\Http\\Middleware\\TransformsRequest.php(21): Illuminate\\Pipeline\\Pipeline->Illuminate\\Pipeline\\{closure}(Object(Illuminate\\Http\\Request))
#48 C:\\laragon\\www\\STIT2\\vendor\\laravel\\framework\\src\\Illuminate\\Foundation\\Http\\Middleware\\ConvertEmptyStringsToNull.php(31): Illuminate\\Foundation\\Http\\Middleware\\TransformsRequest->handle(Object(Illuminate\\Http\\Request), Object(Closure))
#49 C:\\laragon\\www\\STIT2\\vendor\\laravel\\framework\\src\\Illuminate\\Pipeline\\Pipeline.php(208): Illuminate\\Foundation\\Http\\Middleware\\ConvertEmptyStringsToNull->handle(Object(Illuminate\\Http\\Request), Object(Closure))
#50 C:\\laragon\\www\\STIT2\\vendor\\laravel\\framework\\src\\Illuminate\\Foundation\\Http\\Middleware\\TransformsRequest.php(21): Illuminate\\Pipeline\\Pipeline->Illuminate\\Pipeline\\{closure}(Object(Illuminate\\Http\\Request))
#51 C:\\laragon\\www\\STIT2\\vendor\\laravel\\framework\\src\\Illuminate\\Foundation\\Http\\Middleware\\TrimStrings.php(51): Illuminate\\Foundation\\Http\\Middleware\\TransformsRequest->handle(Object(Illuminate\\Http\\Request), Object(Closure))
#52 C:\\laragon\\www\\STIT2\\vendor\\laravel\\framework\\src\\Illuminate\\Pipeline\\Pipeline.php(208): Illuminate\\Foundation\\Http\\Middleware\\TrimStrings->handle(Object(Illuminate\\Http\\Request), Object(Closure))
#53 C:\\laragon\\www\\STIT2\\vendor\\laravel\\framework\\src\\Illuminate\\Http\\Middleware\\ValidatePostSize.php(27): Illuminate\\Pipeline\\Pipeline->Illuminate\\Pipeline\\{closure}(Object(Illuminate\\Http\\Request))
#54 C:\\laragon\\www\\STIT2\\vendor\\laravel\\framework\\src\\Illuminate\\Pipeline\\Pipeline.php(208): Illuminate\\Http\\Middleware\\ValidatePostSize->handle(Object(Illuminate\\Http\\Request), Object(Closure))
#55 C:\\laragon\\www\\STIT2\\vendor\\laravel\\framework\\src\\Illuminate\\Foundation\\Http\\Middleware\\PreventRequestsDuringMaintenance.php(109): Illuminate\\Pipeline\\Pipeline->Illuminate\\Pipeline\\{closure}(Object(Illuminate\\Http\\Request))
#56 C:\\laragon\\www\\STIT2\\vendor\\laravel\\framework\\src\\Illuminate\\Pipeline\\Pipeline.php(208): Illuminate\\Foundation\\Http\\Middleware\\PreventRequestsDuringMaintenance->handle(Object(Illuminate\\Http\\Request), Object(Closure))
#57 C:\\laragon\\www\\STIT2\\vendor\\laravel\\framework\\src\\Illuminate\\Http\\Middleware\\HandleCors.php(48): Illuminate\\Pipeline\\Pipeline->Illuminate\\Pipeline\\{closure}(Object(Illuminate\\Http\\Request))
#58 C:\\laragon\\www\\STIT2\\vendor\\laravel\\framework\\src\\Illuminate\\Pipeline\\Pipeline.php(208): Illuminate\\Http\\Middleware\\HandleCors->handle(Object(Illuminate\\Http\\Request), Object(Closure))
#59 C:\\laragon\\www\\STIT2\\vendor\\laravel\\framework\\src\\Illuminate\\Http\\Middleware\\TrustProxies.php(58): Illuminate\\Pipeline\\Pipeline->Illuminate\\Pipeline\\{closure}(Object(Illuminate\\Http\\Request))
#60 C:\\laragon\\www\\STIT2\\vendor\\laravel\\framework\\src\\Illuminate\\Pipeline\\Pipeline.php(208): Illuminate\\Http\\Middleware\\TrustProxies->handle(Object(Illuminate\\Http\\Request), Object(Closure))
#61 C:\\laragon\\www\\STIT2\\vendor\\laravel\\framework\\src\\Illuminate\\Foundation\\Http\\Middleware\\InvokeDeferredCallbacks.php(22): Illuminate\\Pipeline\\Pipeline->Illuminate\\Pipeline\\{closure}(Object(Illuminate\\Http\\Request))
#62 C:\\laragon\\www\\STIT2\\vendor\\laravel\\framework\\src\\Illuminate\\Pipeline\\Pipeline.php(208): Illuminate\\Foundation\\Http\\Middleware\\InvokeDeferredCallbacks->handle(Object(Illuminate\\Http\\Request), Object(Closure))
#63 C:\\laragon\\www\\STIT2\\vendor\\laravel\\framework\\src\\Illuminate\\Http\\Middleware\\ValidatePathEncoding.php(26): Illuminate\\Pipeline\\Pipeline->Illuminate\\Pipeline\\{closure}(Object(Illuminate\\Http\\Request))
#64 C:\\laragon\\www\\STIT2\\vendor\\laravel\\framework\\src\\Illuminate\\Pipeline\\Pipeline.php(208): Illuminate\\Http\\Middleware\\ValidatePathEncoding->handle(Object(Illuminate\\Http\\Request), Object(Closure))
#65 C:\\laragon\\www\\STIT2\\vendor\\laravel\\framework\\src\\Illuminate\\Pipeline\\Pipeline.php(126): Illuminate\\Pipeline\\Pipeline->Illuminate\\Pipeline\\{closure}(Object(Illuminate\\Http\\Request))
#66 C:\\laragon\\www\\STIT2\\vendor\\laravel\\framework\\src\\Illuminate\\Foundation\\Http\\Kernel.php(175): Illuminate\\Pipeline\\Pipeline->then(Object(Closure))
#67 C:\\laragon\\www\\STIT2\\vendor\\laravel\\framework\\src\\Illuminate\\Foundation\\Http\\Kernel.php(144): Illuminate\\Foundation\\Http\\Kernel->sendRequestThroughRouter(Object(Illuminate\\Http\\Request))
#68 C:\\laragon\\www\\STIT2\\public\\index.php(51): Illuminate\\Foundation\\Http\\Kernel->handle(Object(Illuminate\\Http\\Request))
#69 C:\\laragon\\www\\STIT2\\vendor\\laravel\\framework\\src\\Illuminate\\Foundation\\resources\\server.php(23): require_once('C:\\\\laragon\\\\www\\\\...')
#70 {main}

[previous exception] [object] (ErrorException(code: 0): Undefined variable $spref at C:\\laragon\\www\\STIT2\\storage\\framework\\views\\c0ab4a70c91cf4f3941485b2f5e3952e.php:352)
[stacktrace]
#0 C:\\laragon\\www\\STIT2\\vendor\\laravel\\framework\\src\\Illuminate\\Foundation\\Bootstrap\\HandleExceptions.php(256): Illuminate\\Foundation\\Bootstrap\\HandleExceptions->handleError(2, 'Undefined varia...', 'C:\\\\laragon\\\\www\\\\...', 352)
#1 C:\\laragon\\www\\STIT2\\storage\\framework\\views\\c0ab4a70c91cf4f3941485b2f5e3952e.php(352): Illuminate\\Foundation\\Bootstrap\\HandleExceptions->Illuminate\\Foundation\\Bootstrap\\{closure}(2, 'Undefined varia...', 'C:\\\\laragon\\\\www\\\\...', 352)
#2 C:\\laragon\\www\\STIT2\\vendor\\laravel\\framework\\src\\Illuminate\\Filesystem\\Filesystem.php(123): require('C:\\\\laragon\\\\www\\\\...')
#3 C:\\laragon\\www\\STIT2\\vendor\\laravel\\framework\\src\\Illuminate\\Filesystem\\Filesystem.php(124): Illuminate\\Filesystem\\Filesystem::Illuminate\\Filesystem\\{closure}()
#4 C:\\laragon\\www\\STIT2\\vendor\\laravel\\framework\\src\\Illuminate\\View\\Engines\\PhpEngine.php(57): Illuminate\\Filesystem\\Filesystem->getRequire('C:\\\\laragon\\\\www\\\\...', Array)
#5 C:\\laragon\\www\\STIT2\\vendor\\livewire\\livewire\\src\\Mechanisms\\ExtendBlade\\ExtendedCompilerEngine.php(22): Illuminate\\View\\Engines\\PhpEngine->evaluatePath('C:\\\\laragon\\\\www\\\\...', Array)
#6 C:\\laragon\\www\\STIT2\\vendor\\laravel\\framework\\src\\Illuminate\\View\\Engines\\CompilerEngine.php(76): Livewire\\Mechanisms\\ExtendBlade\\ExtendedCompilerEngine->evaluatePath('C:\\\\laragon\\\\www\\\\...', Array)
#7 C:\\laragon\\www\\STIT2\\vendor\\livewire\\livewire\\src\\Mechanisms\\ExtendBlade\\ExtendedCompilerEngine.php(10): Illuminate\\View\\Engines\\CompilerEngine->get('C:\\\\laragon\\\\www\\\\...', Array)
#8 C:\\laragon\\www\\STIT2\\vendor\\laravel\\framework\\src\\Illuminate\\View\\View.php(208): Livewire\\Mechanisms\\ExtendBlade\\ExtendedCompilerEngine->get('C:\\\\laragon\\\\www\\\\...', Array)
#9 C:\\laragon\\www\\STIT2\\vendor\\laravel\\framework\\src\\Illuminate\\View\\View.php(191): Illuminate\\View\\View->getContents()
#10 C:\\laragon\\www\\STIT2\\vendor\\laravel\\framework\\src\\Illuminate\\View\\View.php(160): Illuminate\\View\\View->renderContents()
#11 C:\\laragon\\www\\STIT2\\storage\\framework\\views\\59f71ea7e0eaa467808b8a930ee2cee2.php(44): Illuminate\\View\\View->render()
#12 C:\\laragon\\www\\STIT2\\vendor\\laravel\\framework\\src\\Illuminate\\Filesystem\\Filesystem.php(123): require('C:\\\\laragon\\\\www\\\\...')
#13 C:\\laragon\\www\\STIT2\\vendor\\laravel\\framework\\src\\Illuminate\\Filesystem\\Filesystem.php(124): Illuminate\\Filesystem\\Filesystem::Illuminate\\Filesystem\\{closure}()
#14 C:\\laragon\\www\\STIT2\\vendor\\laravel\\framework\\src\\Illuminate\\View\\Engines\\PhpEngine.php(57): Illuminate\\Filesystem\\Filesystem->getRequire('C:\\\\laragon\\\\www\\\\...', Array)
#15 C:\\laragon\\www\\STIT2\\vendor\\livewire\\livewire\\src\\Mechanisms\\ExtendBlade\\ExtendedCompilerEngine.php(22): Illuminate\\View\\Engines\\PhpEngine->evaluatePath('C:\\\\laragon\\\\www\\\\...', Array)
#16 C:\\laragon\\www\\STIT2\\vendor\\laravel\\framework\\src\\Illuminate\\View\\Engines\\CompilerEngine.php(76): Livewire\\Mechanisms\\ExtendBlade\\ExtendedCompilerEngine->evaluatePath('C:\\\\laragon\\\\www\\\\...', Array)
#17 C:\\laragon\\www\\STIT2\\vendor\\livewire\\livewire\\src\\Mechanisms\\ExtendBlade\\ExtendedCompilerEngine.php(10): Illuminate\\View\\Engines\\CompilerEngine->get('C:\\\\laragon\\\\www\\\\...', Array)
#18 C:\\laragon\\www\\STIT2\\vendor\\laravel\\framework\\src\\Illuminate\\View\\View.php(208): Livewire\\Mechanisms\\ExtendBlade\\ExtendedCompilerEngine->get('C:\\\\laragon\\\\www\\\\...', Array)
#19 C:\\laragon\\www\\STIT2\\vendor\\laravel\\framework\\src\\Illuminate\\View\\View.php(191): Illuminate\\View\\View->getContents()
#20 C:\\laragon\\www\\STIT2\\vendor\\laravel\\framework\\src\\Illuminate\\View\\View.php(160): Illuminate\\View\\View->renderContents()
#21 C:\\laragon\\www\\STIT2\\vendor\\laravel\\framework\\src\\Illuminate\\Http\\Response.php(78): Illuminate\\View\\View->render()
#22 C:\\laragon\\www\\STIT2\\vendor\\laravel\\framework\\src\\Illuminate\\Http\\Response.php(34): Illuminate\\Http\\Response->setContent(Object(Illuminate\\View\\View))
#23 C:\\laragon\\www\\STIT2\\vendor\\laravel\\framework\\src\\Illuminate\\Routing\\Router.php(925): Illuminate\\Http\\Response->__construct(Object(Illuminate\\View\\View), 200, Array)
#24 C:\\laragon\\www\\STIT2\\vendor\\laravel\\framework\\src\\Illuminate\\Routing\\Router.php(892): Illuminate\\Routing\\Router::toResponse(Object(Illuminate\\Http\\Request), Object(Illuminate\\View\\View))
#25 C:\\laragon\\www\\STIT2\\vendor\\laravel\\framework\\src\\Illuminate\\Routing\\Router.php(807): Illuminate\\Routing\\Router->prepareResponse(Object(Illuminate\\Http\\Request), Object(Illuminate\\View\\View))
#26 C:\\laragon\\www\\STIT2\\vendor\\laravel\\framework\\src\\Illuminate\\Pipeline\\Pipeline.php(169): Illuminate\\Routing\\Router->Illuminate\\Routing\\{closure}(Object(Illuminate\\Http\\Request))
#27 C:\\laragon\\www\\STIT2\\vendor\\laravel\\framework\\src\\Illuminate\\Routing\\Middleware\\SubstituteBindings.php(50): Illuminate\\Pipeline\\Pipeline->Illuminate\\Pipeline\\{closure}(Object(Illuminate\\Http\\Request))
#28 C:\\laragon\\www\\STIT2\\vendor\\laravel\\framework\\src\\Illuminate\\Pipeline\\Pipeline.php(208): Illuminate\\Routing\\Middleware\\SubstituteBindings->handle(Object(Illuminate\\Http\\Request), Object(Closure))
#29 C:\\laragon\\www\\STIT2\\vendor\\laravel\\framework\\src\\Illuminate\\Foundation\\Http\\Middleware\\VerifyCsrfToken.php(87): Illuminate\\Pipeline\\Pipeline->Illuminate\\Pipeline\\{closure}(Object(Illuminate\\Http\\Request))
#30 C:\\laragon\\www\\STIT2\\vendor\\laravel\\framework\\src\\Illuminate\\Pipeline\\Pipeline.php(208): Illuminate\\Foundation\\Http\\Middleware\\VerifyCsrfToken->handle(Object(Illuminate\\Http\\Request), Object(Closure))
#31 C:\\laragon\\www\\STIT2\\vendor\\laravel\\framework\\src\\Illuminate\\View\\Middleware\\ShareErrorsFromSession.php(48): Illuminate\\Pipeline\\Pipeline->Illuminate\\Pipeline\\{closure}(Object(Illuminate\\Http\\Request))
#32 C:\\laragon\\www\\STIT2\\vendor\\laravel\\framework\\src\\Illuminate\\Pipeline\\Pipeline.php(208): Illuminate\\View\\Middleware\\ShareErrorsFromSession->handle(Object(Illuminate\\Http\\Request), Object(Closure))
#33 C:\\laragon\\www\\STIT2\\vendor\\laravel\\framework\\src\\Illuminate\\Session\\Middleware\\StartSession.php(120): Illuminate\\Pipeline\\Pipeline->Illuminate\\Pipeline\\{closure}(Object(Illuminate\\Http\\Request))
#34 C:\\laragon\\www\\STIT2\\vendor\\laravel\\framework\\src\\Illuminate\\Session\\Middleware\\StartSession.php(63): Illuminate\\Session\\Middleware\\StartSession->handleStatefulRequest(Object(Illuminate\\Http\\Request), Object(Illuminate\\Session\\Store), Object(Closure))
#35 C:\\laragon\\www\\STIT2\\vendor\\laravel\\framework\\src\\Illuminate\\Pipeline\\Pipeline.php(208): Illuminate\\Session\\Middleware\\StartSession->handle(Object(Illuminate\\Http\\Request), Object(Closure))
#36 C:\\laragon\\www\\STIT2\\vendor\\laravel\\framework\\src\\Illuminate\\Cookie\\Middleware\\AddQueuedCookiesToResponse.php(36): Illuminate\\Pipeline\\Pipeline->Illuminate\\Pipeline\\{closure}(Object(Illuminate\\Http\\Request))
#37 C:\\laragon\\www\\STIT2\\vendor\\laravel\\framework\\src\\Illuminate\\Pipeline\\Pipeline.php(208): Illuminate\\Cookie\\Middleware\\AddQueuedCookiesToResponse->handle(Object(Illuminate\\Http\\Request), Object(Closure))
#38 C:\\laragon\\www\\STIT2\\vendor\\laravel\\framework\\src\\Illuminate\\Cookie\\Middleware\\EncryptCookies.php(74): Illuminate\\Pipeline\\Pipeline->Illuminate\\Pipeline\\{closure}(Object(Illuminate\\Http\\Request))
#39 C:\\laragon\\www\\STIT2\\vendor\\laravel\\framework\\src\\Illuminate\\Pipeline\\Pipeline.php(208): Illuminate\\Cookie\\Middleware\\EncryptCookies->handle(Object(Illuminate\\Http\\Request), Object(Closure))
#40 C:\\laragon\\www\\STIT2\\vendor\\laravel\\framework\\src\\Illuminate\\Pipeline\\Pipeline.php(126): Illuminate\\Pipeline\\Pipeline->Illuminate\\Pipeline\\{closure}(Object(Illuminate\\Http\\Request))
#41 C:\\laragon\\www\\STIT2\\vendor\\laravel\\framework\\src\\Illuminate\\Routing\\Router.php(807): Illuminate\\Pipeline\\Pipeline->then(Object(Closure))
#42 C:\\laragon\\www\\STIT2\\vendor\\laravel\\framework\\src\\Illuminate\\Routing\\Router.php(786): Illuminate\\Routing\\Router->runRouteWithinStack(Object(Illuminate\\Routing\\Route), Object(Illuminate\\Http\\Request))
#43 C:\\laragon\\www\\STIT2\\vendor\\laravel\\framework\\src\\Illuminate\\Routing\\Router.php(750): Illuminate\\Routing\\Router->runRoute(Object(Illuminate\\Http\\Request), Object(Illuminate\\Routing\\Route))
#44 C:\\laragon\\www\\STIT2\\vendor\\laravel\\framework\\src\\Illuminate\\Routing\\Router.php(739): Illuminate\\Routing\\Router->dispatchToRoute(Object(Illuminate\\Http\\Request))
#45 C:\\laragon\\www\\STIT2\\vendor\\laravel\\framework\\src\\Illuminate\\Foundation\\Http\\Kernel.php(200): Illuminate\\Routing\\Router->dispatch(Object(Illuminate\\Http\\Request))
#46 C:\\laragon\\www\\STIT2\\vendor\\laravel\\framework\\src\\Illuminate\\Pipeline\\Pipeline.php(169): Illuminate\\Foundation\\Http\\Kernel->Illuminate\\Foundation\\Http\\{closure}(Object(Illuminate\\Http\\Request))
#47 C:\\laragon\\www\\STIT2\\vendor\\livewire\\livewire\\src\\Features\\SupportDisablingBackButtonCache\\DisableBackButtonCacheMiddleware.php(19): Illuminate\\Pipeline\\Pipeline->Illuminate\\Pipeline\\{closure}(Object(Illuminate\\Http\\Request))
#48 C:\\laragon\\www\\STIT2\\vendor\\laravel\\framework\\src\\Illuminate\\Pipeline\\Pipeline.php(208): Livewire\\Features\\SupportDisablingBackButtonCache\\DisableBackButtonCacheMiddleware->handle(Object(Illuminate\\Http\\Request), Object(Closure))
#49 C:\\laragon\\www\\STIT2\\vendor\\laravel\\framework\\src\\Illuminate\\Foundation\\Http\\Middleware\\TransformsRequest.php(21): Illuminate\\Pipeline\\Pipeline->Illuminate\\Pipeline\\{closure}(Object(Illuminate\\Http\\Request))
#50 C:\\laragon\\www\\STIT2\\vendor\\laravel\\framework\\src\\Illuminate\\Foundation\\Http\\Middleware\\ConvertEmptyStringsToNull.php(31): Illuminate\\Foundation\\Http\\Middleware\\TransformsRequest->handle(Object(Illuminate\\Http\\Request), Object(Closure))
#51 C:\\laragon\\www\\STIT2\\vendor\\laravel\\framework\\src\\Illuminate\\Pipeline\\Pipeline.php(208): Illuminate\\Foundation\\Http\\Middleware\\ConvertEmptyStringsToNull->handle(Object(Illuminate\\Http\\Request), Object(Closure))
#52 C:\\laragon\\www\\STIT2\\vendor\\laravel\\framework\\src\\Illuminate\\Foundation\\Http\\Middleware\\TransformsRequest.php(21): Illuminate\\Pipeline\\Pipeline->Illuminate\\Pipeline\\{closure}(Object(Illuminate\\Http\\Request))
#53 C:\\laragon\\www\\STIT2\\vendor\\laravel\\framework\\src\\Illuminate\\Foundation\\Http\\Middleware\\TrimStrings.php(51): Illuminate\\Foundation\\Http\\Middleware\\TransformsRequest->handle(Object(Illuminate\\Http\\Request), Object(Closure))
#54 C:\\laragon\\www\\STIT2\\vendor\\laravel\\framework\\src\\Illuminate\\Pipeline\\Pipeline.php(208): Illuminate\\Foundation\\Http\\Middleware\\TrimStrings->handle(Object(Illuminate\\Http\\Request), Object(Closure))
#55 C:\\laragon\\www\\STIT2\\vendor\\laravel\\framework\\src\\Illuminate\\Http\\Middleware\\ValidatePostSize.php(27): Illuminate\\Pipeline\\Pipeline->Illuminate\\Pipeline\\{closure}(Object(Illuminate\\Http\\Request))
#56 C:\\laragon\\www\\STIT2\\vendor\\laravel\\framework\\src\\Illuminate\\Pipeline\\Pipeline.php(208): Illuminate\\Http\\Middleware\\ValidatePostSize->handle(Object(Illuminate\\Http\\Request), Object(Closure))
#57 C:\\laragon\\www\\STIT2\\vendor\\laravel\\framework\\src\\Illuminate\\Foundation\\Http\\Middleware\\PreventRequestsDuringMaintenance.php(109): Illuminate\\Pipeline\\Pipeline->Illuminate\\Pipeline\\{closure}(Object(Illuminate\\Http\\Request))
#58 C:\\laragon\\www\\STIT2\\vendor\\laravel\\framework\\src\\Illuminate\\Pipeline\\Pipeline.php(208): Illuminate\\Foundation\\Http\\Middleware\\PreventRequestsDuringMaintenance->handle(Object(Illuminate\\Http\\Request), Object(Closure))
#59 C:\\laragon\\www\\STIT2\\vendor\\laravel\\framework\\src\\Illuminate\\Http\\Middleware\\HandleCors.php(48): Illuminate\\Pipeline\\Pipeline->Illuminate\\Pipeline\\{closure}(Object(Illuminate\\Http\\Request))
#60 C:\\laragon\\www\\STIT2\\vendor\\laravel\\framework\\src\\Illuminate\\Pipeline\\Pipeline.php(208): Illuminate\\Http\\Middleware\\HandleCors->handle(Object(Illuminate\\Http\\Request), Object(Closure))
#61 C:\\laragon\\www\\STIT2\\vendor\\laravel\\framework\\src\\Illuminate\\Http\\Middleware\\TrustProxies.php(58): Illuminate\\Pipeline\\Pipeline->Illuminate\\Pipeline\\{closure}(Object(Illuminate\\Http\\Request))
#62 C:\\laragon\\www\\STIT2\\vendor\\laravel\\framework\\src\\Illuminate\\Pipeline\\Pipeline.php(208): Illuminate\\Http\\Middleware\\TrustProxies->handle(Object(Illuminate\\Http\\Request), Object(Closure))
#63 C:\\laragon\\www\\STIT2\\vendor\\laravel\\framework\\src\\Illuminate\\Foundation\\Http\\Middleware\\InvokeDeferredCallbacks.php(22): Illuminate\\Pipeline\\Pipeline->Illuminate\\Pipeline\\{closure}(Object(Illuminate\\Http\\Request))
#64 C:\\laragon\\www\\STIT2\\vendor\\laravel\\framework\\src\\Illuminate\\Pipeline\\Pipeline.php(208): Illuminate\\Foundation\\Http\\Middleware\\InvokeDeferredCallbacks->handle(Object(Illuminate\\Http\\Request), Object(Closure))
#65 C:\\laragon\\www\\STIT2\\vendor\\laravel\\framework\\src\\Illuminate\\Http\\Middleware\\ValidatePathEncoding.php(26): Illuminate\\Pipeline\\Pipeline->Illuminate\\Pipeline\\{closure}(Object(Illuminate\\Http\\Request))
#66 C:\\laragon\\www\\STIT2\\vendor\\laravel\\framework\\src\\Illuminate\\Pipeline\\Pipeline.php(208): Illuminate\\Http\\Middleware\\ValidatePathEncoding->handle(Object(Illuminate\\Http\\Request), Object(Closure))
#67 C:\\laragon\\www\\STIT2\\vendor\\laravel\\framework\\src\\Illuminate\\Pipeline\\Pipeline.php(126): Illuminate\\Pipeline\\Pipeline->Illuminate\\Pipeline\\{closure}(Object(Illuminate\\Http\\Request))
#68 C:\\laragon\\www\\STIT2\\vendor\\laravel\\framework\\src\\Illuminate\\Foundation\\Http\\Kernel.php(175): Illuminate\\Pipeline\\Pipeline->then(Object(Closure))
#69 C:\\laragon\\www\\STIT2\\vendor\\laravel\\framework\\src\\Illuminate\\Foundation\\Http\\Kernel.php(144): Illuminate\\Foundation\\Http\\Kernel->sendRequestThroughRouter(Object(Illuminate\\Http\\Request))
#70 C:\\laragon\\www\\STIT2\\public\\index.php(51): Illuminate\\Foundation\\Http\\Kernel->handle(Object(Illuminate\\Http\\Request))
#71 C:\\laragon\\www\\STIT2\\vendor\\laravel\\framework\\src\\Illuminate\\Foundation\\resources\\server.php(23): require_once('C:\\\\laragon\\\\www\\\\...')
#72 {main}
"} 
[2026-09-17 11:00:24] local.ERROR: Undefined variable $spref {"view":{"view":"C:\\laragon\\www\\STIT2\\resources\\views\\core-themes\\core-mainpage.blade.php","data":{"errors":"<pre class=sf-dump id=sf-dump-326627948 data-indent-pad=\"  \"><span class=sf-dump-note>Illuminate\\Support\\ViewErrorBag</span> {<a class=sf-dump-ref>#856</a><samp data-depth=1 class=sf-dump-expanded>
  #<span class=sf-dump-protected title=\"Protected property\">bags</span>: []
</samp>}
</pre><script>Sfdump(\"sf-dump-326627948\", {\"maxDepth\":3,\"maxStringLength\":160})</script>
","webs":"<pre class=sf-dump id=sf-dump-204665060 data-indent-pad=\"  \"><span class=sf-dump-note>App\\Models\\Pengaturan\\WebSetting</span> {<a class=sf-dump-ref>#899</a><samp data-depth=1 class=sf-dump-expanded>
  #<span class=sf-dump-protected title=\"Protected property\">connection</span>: \"<span class=sf-dump-str title=\"5 characters\">mysql</span>\"
  #<span class=sf-dump-protected title=\"Protected property\">table</span>: \"<span class=sf-dump-str title=\"12 characters\">web_settings</span>\"
  #<span class=sf-dump-protected title=\"Protected property\">primaryKey</span>: \"<span class=sf-dump-str title=\"2 characters\">id</span>\"
  #<span class=sf-dump-protected title=\"Protected property\">keyType</span>: \"<span class=sf-dump-str title=\"3 characters\">int</span>\"
  +<span class=sf-dump-public title=\"Public property\">incrementing</span>: <span class=sf-dump-const>true</span>
  #<span class=sf-dump-protected title=\"Protected property\">with</span>: []
  #<span class=sf-dump-protected title=\"Protected property\">withCount</span>: []
  +<span class=sf-dump-public title=\"Public property\">preventsLazyLoading</span>: <span class=sf-dump-const>false</span>
  #<span class=sf-dump-protected title=\"Protected property\">perPage</span>: <span class=sf-dump-num>15</span>
  +<span class=sf-dump-public title=\"Public property\">exists</span>: <span class=sf-dump-const>true</span>
  +<span class=sf-dump-public title=\"Public property\">wasRecentlyCreated</span>: <span class=sf-dump-const>false</span>
  #<span class=sf-dump-protected title=\"Protected property\">escapeWhenCastingToString</span>: <span class=sf-dump-const>false</span>
  #<span class=sf-dump-protected title=\"Protected property\">attributes</span>: <span class=sf-dump-note>array:28</span> [<samp data-depth=2 class=sf-dump-compact>
    \"<span class=sf-dump-key>id</span>\" => <span class=sf-dump-num>1</span>
    \"<span class=sf-dump-key>taka_now</span>\" => <span class=sf-dump-num>2026</span>
    \"<span class=sf-dump-key>school_apps</span>\" => \"<span class=sf-dump-str title=\"11 characters\">SIAKAD STIT</span>\"
    \"<span class=sf-dump-key>school_name</span>\" => \"<span class=sf-dump-str title=\"15 characters\">STIT Darul Ilmi</span>\"
    \"<span class=sf-dump-key>school_head</span>\" => \"<span class=sf-dump-str title=\"34 characters\">Dr. H Dudung Rachmat Hidayat, M.Pd</span>\"
    \"<span class=sf-dump-key>school_link</span>\" => \"<span class=sf-dump-str title=\"33 characters\">http://siakad-stit-darul-ilmi.com</span>\"
    \"<span class=sf-dump-key>school_desc</span>\" => \"<span class=sf-dump-str title=\"58 characters\">Mencetak Manajer Pendidikan Islam Profesional dan Visioner</span>\"
    \"<span class=sf-dump-key>school_logo_vert</span>\" => \"<span class=sf-dump-str title=\"13 characters\">logo-vert.png</span>\"
    \"<span class=sf-dump-key>school_logo_hori</span>\" => \"<span class=sf-dump-str title=\"13 characters\">logo-hori.png</span>\"
    \"<span class=sf-dump-key>school_email</span>\" => \"<span class=sf-dump-str title=\"20 characters\">mjaya69703@gmail.com</span>\"
    \"<span class=sf-dump-key>school_phone</span>\" => \"<span class=sf-dump-str title=\"14 characters\">+6281234567895</span>\"
    \"<span class=sf-dump-key>school_address</span>\" => \"<span class=sf-dump-str title=\"76 characters\">Jl. Cirahayu, Sindangraja, Jamanis, Kabbupaten Tasikmalaya, jawa Barat 46175</span>\"
    \"<span class=sf-dump-key>school_longitude</span>\" => \"<span class=sf-dump-str title=\"9 characters\">-7.266670</span>\"
    \"<span class=sf-dump-key>school_latitude</span>\" => \"<span class=sf-dump-str title=\"10 characters\">110.416670</span>\"
    \"<span class=sf-dump-key>social_fb</span>\" => \"<span class=sf-dump-str title=\"30 characters\">https://facebook.com/kyouma052</span>\"
    \"<span class=sf-dump-key>social_ig</span>\" => \"<span class=sf-dump-str title=\"32 characters\">https://instagram.com/mjaya69703</span>\"
    \"<span class=sf-dump-key>social_in</span>\" => \"<span class=sf-dump-str title=\"37 characters\">https://id.linkedin.com/in/mjaya69703</span>\"
    \"<span class=sf-dump-key>social_tw</span>\" => \"<span class=sf-dump-str title=\"24 characters\">https://x.com/mjaya69703</span>\"
    \"<span class=sf-dump-key>maintenance_mode</span>\" => <span class=sf-dump-num>0</span>
    \"<span class=sf-dump-key>enable_captcha</span>\" => <span class=sf-dump-num>0</span>
    \"<span class=sf-dump-key>max_login_attempts</span>\" => <span class=sf-dump-num>5</span>
    \"<span class=sf-dump-key>login_decay_seconds</span>\" => <span class=sf-dump-num>60</span>
    \"<span class=sf-dump-key>created_at</span>\" => \"<span class=sf-dump-str title=\"19 characters\">2026-09-16 13:20:54</span>\"
    \"<span class=sf-dump-key>updated_at</span>\" => \"<span class=sf-dump-str title=\"19 characters\">2026-09-17 10:56:44</span>\"
    \"<span class=sf-dump-key>deleted_at</span>\" => <span class=sf-dump-const>null</span>
    \"<span class=sf-dump-key>created_by</span>\" => <span class=sf-dump-const>null</span>
    \"<span class=sf-dump-key>updated_by</span>\" => <span class=sf-dump-const>null</span>
    \"<span class=sf-dump-key>deleted_by</span>\" => <span class=sf-dump-const>null</span>
  </samp>]
  #<span class=sf-dump-protected title=\"Protected property\">original</span>: <span class=sf-dump-note>array:28</span> [<samp data-depth=2 class=sf-dump-compact>
    \"<span class=sf-dump-key>id</span>\" => <span class=sf-dump-num>1</span>
    \"<span class=sf-dump-key>taka_now</span>\" => <span class=sf-dump-num>2026</span>
    \"<span class=sf-dump-key>school_apps</span>\" => \"<span class=sf-dump-str title=\"11 characters\">SIAKAD STIT</span>\"
    \"<span class=sf-dump-key>school_name</span>\" => \"<span class=sf-dump-str title=\"15 characters\">STIT Darul Ilmi</span>\"
    \"<span class=sf-dump-key>school_head</span>\" => \"<span class=sf-dump-str title=\"34 characters\">Dr. H Dudung Rachmat Hidayat, M.Pd</span>\"
    \"<span class=sf-dump-key>school_link</span>\" => \"<span class=sf-dump-str title=\"33 characters\">http://siakad-stit-darul-ilmi.com</span>\"
    \"<span class=sf-dump-key>school_desc</span>\" => \"<span class=sf-dump-str title=\"58 characters\">Mencetak Manajer Pendidikan Islam Profesional dan Visioner</span>\"
    \"<span class=sf-dump-key>school_logo_vert</span>\" => \"<span class=sf-dump-str title=\"13 characters\">logo-vert.png</span>\"
    \"<span class=sf-dump-key>school_logo_hori</span>\" => \"<span class=sf-dump-str title=\"13 characters\">logo-hori.png</span>\"
    \"<span class=sf-dump-key>school_email</span>\" => \"<span class=sf-dump-str title=\"20 characters\">mjaya69703@gmail.com</span>\"
    \"<span class=sf-dump-key>school_phone</span>\" => \"<span class=sf-dump-str title=\"14 characters\">+6281234567895</span>\"
    \"<span class=sf-dump-key>school_address</span>\" => \"<span class=sf-dump-str title=\"76 characters\">Jl. Cirahayu, Sindangraja, Jamanis, Kabbupaten Tasikmalaya, jawa Barat 46175</span>\"
    \"<span class=sf-dump-key>school_longitude</span>\" => \"<span class=sf-dump-str title=\"9 characters\">-7.266670</span>\"
    \"<span class=sf-dump-key>school_latitude</span>\" => \"<span class=sf-dump-str title=\"10 characters\">110.416670</span>\"
    \"<span class=sf-dump-key>social_fb</span>\" => \"<span class=sf-dump-str title=\"30 characters\">https://facebook.com/kyouma052</span>\"
    \"<span class=sf-dump-key>social_ig</span>\" => \"<span class=sf-dump-str title=\"32 characters\">https://instagram.com/mjaya69703</span>\"
    \"<span class=sf-dump-key>social_in</span>\" => \"<span class=sf-dump-str title=\"37 characters\">https://id.linkedin.com/in/mjaya69703</span>\"
    \"<span class=sf-dump-key>social_tw</span>\" => \"<span class=sf-dump-str title=\"24 characters\">https://x.com/mjaya69703</span>\"
    \"<span class=sf-dump-key>maintenance_mode</span>\" => <span class=sf-dump-num>0</span>
    \"<span class=sf-dump-key>enable_captcha</span>\" => <span class=sf-dump-num>0</span>
    \"<span class=sf-dump-key>max_login_attempts</span>\" => <span class=sf-dump-num>5</span>
    \"<span class=sf-dump-key>login_decay_seconds</span>\" => <span class=sf-dump-num>60</span>
    \"<span class=sf-dump-key>created_at</span>\" => \"<span class=sf-dump-str title=\"19 characters\">2026-09-16 13:20:54</span>\"
    \"<span class=sf-dump-key>updated_at</span>\" => \"<span class=sf-dump-str title=\"19 characters\">2026-09-17 10:56:44</span>\"
    \"<span class=sf-dump-key>deleted_at</span>\" => <span class=sf-dump-const>null</span>
    \"<span class=sf-dump-key>created_by</span>\" => <span class=sf-dump-const>null</span>
    \"<span class=sf-dump-key>updated_by</span>\" => <span class=sf-dump-const>null</span>
    \"<span class=sf-dump-key>deleted_by</span>\" => <span class=sf-dump-const>null</span>
  </samp>]
  #<span class=sf-dump-protected title=\"Protected property\">changes</span>: []
  #<span class=sf-dump-protected title=\"Protected property\">previous</span>: []
  #<span class=sf-dump-protected title=\"Protected property\">casts</span>: <span class=sf-dump-note>array:1</span> [<samp data-depth=2 class=sf-dump-compact>
    \"<span class=sf-dump-key>deleted_at</span>\" => \"<span class=sf-dump-str title=\"8 characters\">datetime</span>\"
  </samp>]
  #<span class=sf-dump-protected title=\"Protected property\">classCastCache</span>: []
  #<span class=sf-dump-protected title=\"Protected property\">attributeCastCache</span>: []
  #<span class=sf-dump-protected title=\"Protected property\">dateFormat</span>: <span class=sf-dump-const>null</span>
  #<span class=sf-dump-protected title=\"Protected property\">appends</span>: []
  #<span class=sf-dump-protected title=\"Protected property\">dispatchesEvents</span>: []
  #<span class=sf-dump-protected title=\"Protected property\">observables</span>: []
  #<span class=sf-dump-protected title=\"Protected property\">relations</span>: []
  #<span class=sf-dump-protected title=\"Protected property\">touches</span>: []
  #<span class=sf-dump-protected title=\"Protected property\">relationAutoloadCallback</span>: <span class=sf-dump-const>null</span>
  #<span class=sf-dump-protected title=\"Protected property\">relationAutoloadContext</span>: <span class=sf-dump-const>null</span>
  +<span class=sf-dump-public title=\"Public property\">timestamps</span>: <span class=sf-dump-const>true</span>
  +<span class=sf-dump-public title=\"Public property\">usesUniqueIds</span>: <span class=sf-dump-const>false</span>
  #<span class=sf-dump-protected title=\"Protected property\">hidden</span>: []
  #<span class=sf-dump-protected title=\"Protected property\">visible</span>: []
  #<span class=sf-dump-protected title=\"Protected property\">fillable</span>: []
  #<span class=sf-dump-protected title=\"Protected property\">guarded</span>: []
  #<span class=sf-dump-protected title=\"Protected property\">forceDeleting</span>: <span class=sf-dump-const>false</span>
</samp>}
</pre><script>Sfdump(\"sf-dump-204665060\", {\"maxDepth\":3,\"maxStringLength\":160})</script>
","menus":"<pre class=sf-dump id=sf-dump-1810535183 data-indent-pad=\"  \">\"<span class=sf-dump-str title=\"9 characters\">Institusi</span>\"
</pre><script>Sfdump(\"sf-dump-1810535183\", {\"maxDepth\":3,\"maxStringLength\":160})</script>
","pages":"<pre class=sf-dump id=sf-dump-1853482312 data-indent-pad=\"  \">\"<span class=sf-dump-str title=\"10 characters\">E-Learning</span>\"
</pre><script>Sfdump(\"sf-dump-1853482312\", {\"maxDepth\":3,\"maxStringLength\":160})</script>
","academy":"<pre class=sf-dump id=sf-dump-835965965 data-indent-pad=\"  \">\"<span class=sf-dump-str title=\"30 characters\">SIAKAD STIT by STIT Darul Ilmi</span>\"
</pre><script>Sfdump(\"sf-dump-835965965\", {\"maxDepth\":3,\"maxStringLength\":160})</script>
","info":"<pre class=sf-dump id=sf-dump-1610041597 data-indent-pad=\"  \"><span class=sf-dump-note>array:3</span> [<samp data-depth=1 class=sf-dump-expanded>
  \"<span class=sf-dump-key>title</span>\" => \"<span class=sf-dump-str title=\"10 characters\">E-Learning</span>\"
  \"<span class=sf-dump-key>heading</span>\" => \"<span class=sf-dump-str title=\"10 characters\">E-Learning</span>\"
  \"<span class=sf-dump-key>content</span>\" => \"<span class=sf-dump-str title=\"61 characters\">Layanan E-Learning akan tersedia melalui portal pembelajaran.</span>\"
</samp>]
</pre><script>Sfdump(\"sf-dump-1610041597\", {\"maxDepth\":3,\"maxStringLength\":160})</script>
","user":"<pre class=sf-dump id=sf-dump-1632188849 data-indent-pad=\"  \"><span class=sf-dump-note>App\\Models\\User</span> {<a class=sf-dump-ref>#917</a><samp data-depth=1 class=sf-dump-expanded>
  #<span class=sf-dump-protected title=\"Protected property\">connection</span>: \"<span class=sf-dump-str title=\"5 characters\">mysql</span>\"
  #<span class=sf-dump-protected title=\"Protected property\">table</span>: \"<span class=sf-dump-str title=\"5 characters\">users</span>\"
  #<span class=sf-dump-protected title=\"Protected property\">primaryKey</span>: \"<span class=sf-dump-str title=\"2 characters\">id</span>\"
  #<span class=sf-dump-protected title=\"Protected property\">keyType</span>: \"<span class=sf-dump-str title=\"3 characters\">int</span>\"
  +<span class=sf-dump-public title=\"Public property\">incrementing</span>: <span class=sf-dump-const>true</span>
  #<span class=sf-dump-protected title=\"Protected property\">with</span>: []
  #<span class=sf-dump-protected title=\"Protected property\">withCount</span>: []
  +<span class=sf-dump-public title=\"Public property\">preventsLazyLoading</span>: <span class=sf-dump-const>false</span>
  #<span class=sf-dump-protected title=\"Protected property\">perPage</span>: <span class=sf-dump-num>15</span>
  +<span class=sf-dump-public title=\"Public property\">exists</span>: <span class=sf-dump-const>true</span>
  +<span class=sf-dump-public title=\"Public property\">wasRecentlyCreated</span>: <span class=sf-dump-const>false</span>
  #<span class=sf-dump-protected title=\"Protected property\">escapeWhenCastingToString</span>: <span class=sf-dump-const>false</span>
  #<span class=sf-dump-protected title=\"Protected property\">attributes</span>: <span class=sf-dump-note>array:70</span> [<samp data-depth=2 class=sf-dump-compact>
    \"<span class=sf-dump-key>id</span>\" => <span class=sf-dump-num>1</span>
    \"<span class=sf-dump-key>type</span>\" => <span class=sf-dump-num>0</span>
    \"<span class=sf-dump-key>name</span>\" => \"<span class=sf-dump-str title=\"13 characters\">Administrator</span>\"
    \"<span class=sf-dump-key>photo</span>\" => \"<span class=sf-dump-str title=\"35 characters\">1789567457-nCpmd7-6aaaa1e10df6a.jpg</span>\"
    \"<span class=sf-dump-key>username</span>\" => \"<span class=sf-dump-str title=\"5 characters\">admin</span>\"
    \"<span class=sf-dump-key>phone</span>\" => \"<span class=sf-dump-str title=\"13 characters\">6280012345660</span>\"
    \"<span class=sf-dump-key>email</span>\" => \"<span class=sf-dump-str title=\"20 characters\">mjaya69703@gmail.com</span>\"
    \"<span class=sf-dump-key>link_ig</span>\" => <span class=sf-dump-const>null</span>
    \"<span class=sf-dump-key>link_fb</span>\" => <span class=sf-dump-const>null</span>
    \"<span class=sf-dump-key>link_in</span>\" => <span class=sf-dump-const>null</span>
    \"<span class=sf-dump-key>bio_blood</span>\" => <span class=sf-dump-const>null</span>
    \"<span class=sf-dump-key>bio_height</span>\" => <span class=sf-dump-const>null</span>
    \"<span class=sf-dump-key>bio_weight</span>\" => <span class=sf-dump-const>null</span>
    \"<span class=sf-dump-key>bio_gender</span>\" => \"<span class=sf-dump-str title=\"9 characters\">Laki-laki</span>\"
    \"<span class=sf-dump-key>bio_religion</span>\" => <span class=sf-dump-const>null</span>
    \"<span class=sf-dump-key>bio_placebirth</span>\" => <span class=sf-dump-const>null</span>
    \"<span class=sf-dump-key>bio_nationality</span>\" => <span class=sf-dump-const>null</span>
    \"<span class=sf-dump-key>bio_datebirth</span>\" => <span class=sf-dump-const>null</span>
    \"<span class=sf-dump-key>numb_kk</span>\" => \"<span class=sf-dump-str title=\"11 characters\">11111111111</span>\"
    \"<span class=sf-dump-key>numb_ktp</span>\" => \"<span class=sf-dump-str title=\"15 characters\">122222222222222</span>\"
    \"<span class=sf-dump-key>numb_npsn</span>\" => <span class=sf-dump-const>null</span>
    \"<span class=sf-dump-key>numb_nitk</span>\" => \"<span class=sf-dump-str title=\"18 characters\">111111111111111111</span>\"
    \"<span class=sf-dump-key>numb_staff</span>\" => \"<span class=sf-dump-str>1</span>\"
    \"<span class=sf-dump-key>code</span>\" => \"<span class=sf-dump-str title=\"6 characters\">nCpmd7</span>\"
    \"<span class=sf-dump-key>password</span>\" => \"<span class=sf-dump-str title=\"60 characters\">$2y$12$mnKBaJy5agivF1/4zLseMeoqD2xAJLAj6mMPIrNie8JoMMteyCmM2</span>\"
    \"<span class=sf-dump-key>fst_setup</span>\" => <span class=sf-dump-num>0</span>
    \"<span class=sf-dump-key>tfa_setup</span>\" => <span class=sf-dump-num>0</span>
    \"<span class=sf-dump-key>ktp_addres</span>\" => \"\"\"
      <span class=sf-dump-str title=\"65 characters\">Cirahayu No. 104 RT/RW 03/010 Desa Sindangraja<span class=\"sf-dump-default sf-dump-ns\">\\r\\n</span></span>
      <span class=sf-dump-str title=\"65 characters\">Kecamatan Jamanis</span>
      \"\"\"
    \"<span class=sf-dump-key>ktp_rt</span>\" => \"<span class=sf-dump-str title=\"2 characters\">03</span>\"
    \"<span class=sf-dump-key>ktp_rw</span>\" => \"<span class=sf-dump-str title=\"3 characters\">010</span>\"
    \"<span class=sf-dump-key>ktp_village</span>\" => <span class=sf-dump-const>null</span>
    \"<span class=sf-dump-key>ktp_subdistrict</span>\" => \"<span class=sf-dump-str title=\"7 characters\">Jamanis</span>\"
    \"<span class=sf-dump-key>ktp_poscode</span>\" => \"<span class=sf-dump-str title=\"5 characters\">46175</span>\"
    \"<span class=sf-dump-key>ktp_city</span>\" => \"<span class=sf-dump-str title=\"21 characters\">Kabupaten Tasikmalaya</span>\"
    \"<span class=sf-dump-key>ktp_province</span>\" => \"<span class=sf-dump-str title=\"10 characters\">Jawa Barat</span>\"
    \"<span class=sf-dump-key>domicile_same</span>\" => \"<span class=sf-dump-str title=\"3 characters\">Yes</span>\"
    \"<span class=sf-dump-key>domicile_addres</span>\" => <span class=sf-dump-const>null</span>
    \"<span class=sf-dump-key>domicile_rt</span>\" => <span class=sf-dump-const>null</span>
    \"<span class=sf-dump-key>domicile_rw</span>\" => <span class=sf-dump-const>null</span>
    \"<span class=sf-dump-key>domicile_village</span>\" => <span class=sf-dump-const>null</span>
    \"<span class=sf-dump-key>domicile_subdistrict</span>\" => <span class=sf-dump-const>null</span>
    \"<span class=sf-dump-key>domicile_poscode</span>\" => <span class=sf-dump-const>null</span>
    \"<span class=sf-dump-key>domicile_city</span>\" => <span class=sf-dump-const>null</span>
    \"<span class=sf-dump-key>domicile_province</span>\" => <span class=sf-dump-const>null</span>
    \"<span class=sf-dump-key>google_id</span>\" => <span class=sf-dump-const>null</span>
    \"<span class=sf-dump-key>google_token</span>\" => <span class=sf-dump-const>null</span>
    \"<span class=sf-dump-key>google_refresh_token</span>\" => <span class=sf-dump-const>null</span>
    \"<span class=sf-dump-key>title_front</span>\" => <span class=sf-dump-const>null</span>
    \"<span class=sf-dump-key>title_behind</span>\" => <span class=sf-dump-const>null</span>
    \"<span class=sf-dump-key>edu1_type</span>\" => \"<span class=sf-dump-str title=\"7 characters\">SMA/SMK</span>\"
    \"<span class=sf-dump-key>edu1_place</span>\" => \"<span class=sf-dump-str title=\"6 characters\">SMAN 2</span>\"
    \"<span class=sf-dump-key>edu1_major</span>\" => \"<span class=sf-dump-str title=\"3 characters\">IPS</span>\"
    \"<span class=sf-dump-key>edu1_average_score</span>\" => \"<span class=sf-dump-str title=\"3 characters\">3.7</span>\"
    \"<span class=sf-dump-key>edu1_graduate_year</span>\" => \"<span class=sf-dump-str title=\"4 characters\">2002</span>\"
    \"<span class=sf-dump-key>edu2_type</span>\" => \"<span class=sf-dump-str title=\"7 characters\">SMA/SMK</span>\"
    \"<span class=sf-dump-key>edu2_place</span>\" => \"<span class=sf-dump-str title=\"3 characters\">DCI</span>\"
    \"<span class=sf-dump-key>edu2_major</span>\" => \"<span class=sf-dump-str title=\"10 characters\">Informatic</span>\"
    \"<span class=sf-dump-key>edu2_average_score</span>\" => \"<span class=sf-dump-str title=\"3 characters\">3.7</span>\"
    \"<span class=sf-dump-key>edu2_graduate_year</span>\" => \"<span class=sf-dump-str title=\"4 characters\">2004</span>\"
    \"<span class=sf-dump-key>edu3_type</span>\" => \"<span class=sf-dump-str title=\"7 characters\">SMA/SMK</span>\"
    \"<span class=sf-dump-key>edu3_place</span>\" => <span class=sf-dump-const>null</span>
    \"<span class=sf-dump-key>edu3_major</span>\" => <span class=sf-dump-const>null</span>
    \"<span class=sf-dump-key>edu3_average_score</span>\" => <span class=sf-dump-const>null</span>
    \"<span class=sf-dump-key>edu3_graduate_year</span>\" => <span class=sf-dump-const>null</span>
    \"<span class=sf-dump-key>created_at</span>\" => \"<span class=sf-dump-str title=\"19 characters\">2026-09-16 13:10:12</span>\"
    \"<span class=sf-dump-key>updated_at</span>\" => \"<span class=sf-dump-str title=\"19 characters\">2026-09-16 21:04:17</span>\"
    \"<span class=sf-dump-key>deleted_at</span>\" => <span class=sf-dump-const>null</span>
    \"<span class=sf-dump-key>created_by</span>\" => <span class=sf-dump-const>null</span>
    \"<span class=sf-dump-key>updated_by</span>\" => <span class=sf-dump-const>null</span>
    \"<span class=sf-dump-key>deleted_by</span>\" => <span class=sf-dump-const>null</span>
  </samp>]
  #<span class=sf-dump-protected title=\"Protected property\">original</span>: <span class=sf-dump-note>array:70</span> [<samp data-depth=2 class=sf-dump-compact>
    \"<span class=sf-dump-key>id</span>\" => <span class=sf-dump-num>1</span>
    \"<span class=sf-dump-key>type</span>\" => <span class=sf-dump-num>0</span>
    \"<span class=sf-dump-key>name</span>\" => \"<span class=sf-dump-str title=\"13 characters\">Administrator</span>\"
    \"<span class=sf-dump-key>photo</span>\" => \"<span class=sf-dump-str title=\"35 characters\">1789567457-nCpmd7-6aaaa1e10df6a.jpg</span>\"
    \"<span class=sf-dump-key>username</span>\" => \"<span class=sf-dump-str title=\"5 characters\">admin</span>\"
    \"<span class=sf-dump-key>phone</span>\" => \"<span class=sf-dump-str title=\"13 characters\">6280012345660</span>\"
    \"<span class=sf-dump-key>email</span>\" => \"<span class=sf-dump-str title=\"20 characters\">mjaya69703@gmail.com</span>\"
    \"<span class=sf-dump-key>link_ig</span>\" => <span class=sf-dump-const>null</span>
    \"<span class=sf-dump-key>link_fb</span>\" => <span class=sf-dump-const>null</span>
    \"<span class=sf-dump-key>link_in</span>\" => <span class=sf-dump-const>null</span>
    \"<span class=sf-dump-key>bio_blood</span>\" => <span class=sf-dump-const>null</span>
    \"<span class=sf-dump-key>bio_height</span>\" => <span class=sf-dump-const>null</span>
    \"<span class=sf-dump-key>bio_weight</span>\" => <span class=sf-dump-const>null</span>
    \"<span class=sf-dump-key>bio_gender</span>\" => \"<span class=sf-dump-str title=\"9 characters\">Laki-laki</span>\"
    \"<span class=sf-dump-key>bio_religion</span>\" => <span class=sf-dump-const>null</span>
    \"<span class=sf-dump-key>bio_placebirth</span>\" => <span class=sf-dump-const>null</span>
    \"<span class=sf-dump-key>bio_nationality</span>\" => <span class=sf-dump-const>null</span>
    \"<span class=sf-dump-key>bio_datebirth</span>\" => <span class=sf-dump-const>null</span>
    \"<span class=sf-dump-key>numb_kk</span>\" => \"<span class=sf-dump-str title=\"11 characters\">11111111111</span>\"
    \"<span class=sf-dump-key>numb_ktp</span>\" => \"<span class=sf-dump-str title=\"15 characters\">122222222222222</span>\"
    \"<span class=sf-dump-key>numb_npsn</span>\" => <span class=sf-dump-const>null</span>
    \"<span class=sf-dump-key>numb_nitk</span>\" => \"<span class=sf-dump-str title=\"18 characters\">111111111111111111</span>\"
    \"<span class=sf-dump-key>numb_staff</span>\" => \"<span class=sf-dump-str>1</span>\"
    \"<span class=sf-dump-key>code</span>\" => \"<span class=sf-dump-str title=\"6 characters\">nCpmd7</span>\"
    \"<span class=sf-dump-key>password</span>\" => \"<span class=sf-dump-str title=\"60 characters\">$2y$12$mnKBaJy5agivF1/4zLseMeoqD2xAJLAj6mMPIrNie8JoMMteyCmM2</span>\"
    \"<span class=sf-dump-key>fst_setup</span>\" => <span class=sf-dump-num>0</span>
    \"<span class=sf-dump-key>tfa_setup</span>\" => <span class=sf-dump-num>0</span>
    \"<span class=sf-dump-key>ktp_addres</span>\" => \"\"\"
      <span class=sf-dump-str title=\"65 characters\">Cirahayu No. 104 RT/RW 03/010 Desa Sindangraja<span class=\"sf-dump-default sf-dump-ns\">\\r\\n</span></span>
      <span class=sf-dump-str title=\"65 characters\">Kecamatan Jamanis</span>
      \"\"\"
    \"<span class=sf-dump-key>ktp_rt</span>\" => \"<span class=sf-dump-str title=\"2 characters\">03</span>\"
    \"<span class=sf-dump-key>ktp_rw</span>\" => \"<span class=sf-dump-str title=\"3 characters\">010</span>\"
    \"<span class=sf-dump-key>ktp_village</span>\" => <span class=sf-dump-const>null</span>
    \"<span class=sf-dump-key>ktp_subdistrict</span>\" => \"<span class=sf-dump-str title=\"7 characters\">Jamanis</span>\"
    \"<span class=sf-dump-key>ktp_poscode</span>\" => \"<span class=sf-dump-str title=\"5 characters\">46175</span>\"
    \"<span class=sf-dump-key>ktp_city</span>\" => \"<span class=sf-dump-str title=\"21 characters\">Kabupaten Tasikmalaya</span>\"
    \"<span class=sf-dump-key>ktp_province</span>\" => \"<span class=sf-dump-str title=\"10 characters\">Jawa Barat</span>\"
    \"<span class=sf-dump-key>domicile_same</span>\" => \"<span class=sf-dump-str title=\"3 characters\">Yes</span>\"
    \"<span class=sf-dump-key>domicile_addres</span>\" => <span class=sf-dump-const>null</span>
    \"<span class=sf-dump-key>domicile_rt</span>\" => <span class=sf-dump-const>null</span>
    \"<span class=sf-dump-key>domicile_rw</span>\" => <span class=sf-dump-const>null</span>
    \"<span class=sf-dump-key>domicile_village</span>\" => <span class=sf-dump-const>null</span>
    \"<span class=sf-dump-key>domicile_subdistrict</span>\" => <span class=sf-dump-const>null</span>
    \"<span class=sf-dump-key>domicile_poscode</span>\" => <span class=sf-dump-const>null</span>
    \"<span class=sf-dump-key>domicile_city</span>\" => <span class=sf-dump-const>null</span>
    \"<span class=sf-dump-key>domicile_province</span>\" => <span class=sf-dump-const>null</span>
    \"<span class=sf-dump-key>google_id</span>\" => <span class=sf-dump-const>null</span>
    \"<span class=sf-dump-key>google_token</span>\" => <span class=sf-dump-const>null</span>
    \"<span class=sf-dump-key>google_refresh_token</span>\" => <span class=sf-dump-const>null</span>
    \"<span class=sf-dump-key>title_front</span>\" => <span class=sf-dump-const>null</span>
    \"<span class=sf-dump-key>title_behind</span>\" => <span class=sf-dump-const>null</span>
    \"<span class=sf-dump-key>edu1_type</span>\" => \"<span class=sf-dump-str title=\"7 characters\">SMA/SMK</span>\"
    \"<span class=sf-dump-key>edu1_place</span>\" => \"<span class=sf-dump-str title=\"6 characters\">SMAN 2</span>\"
    \"<span class=sf-dump-key>edu1_major</span>\" => \"<span class=sf-dump-str title=\"3 characters\">IPS</span>\"
    \"<span class=sf-dump-key>edu1_average_score</span>\" => \"<span class=sf-dump-str title=\"3 characters\">3.7</span>\"
    \"<span class=sf-dump-key>edu1_graduate_year</span>\" => \"<span class=sf-dump-str title=\"4 characters\">2002</span>\"
    \"<span class=sf-dump-key>edu2_type</span>\" => \"<span class=sf-dump-str title=\"7 characters\">SMA/SMK</span>\"
    \"<span class=sf-dump-key>edu2_place</span>\" => \"<span class=sf-dump-str title=\"3 characters\">DCI</span>\"
    \"<span class=sf-dump-key>edu2_major</span>\" => \"<span class=sf-dump-str title=\"10 characters\">Informatic</span>\"
    \"<span class=sf-dump-key>edu2_average_score</span>\" => \"<span class=sf-dump-str title=\"3 characters\">3.7</span>\"
    \"<span class=sf-dump-key>edu2_graduate_year</span>\" => \"<span class=sf-dump-str title=\"4 characters\">2004</span>\"
    \"<span class=sf-dump-key>edu3_type</span>\" => \"<span class=sf-dump-str title=\"7 characters\">SMA/SMK</span>\"
    \"<span class=sf-dump-key>edu3_place</span>\" => <span class=sf-dump-const>null</span>
    \"<span class=sf-dump-key>edu3_major</span>\" => <span class=sf-dump-const>null</span>
    \"<span class=sf-dump-key>edu3_average_score</span>\" => <span class=sf-dump-const>null</span>
    \"<span class=sf-dump-key>edu3_graduate_year</span>\" => <span class=sf-dump-const>null</span>
    \"<span class=sf-dump-key>created_at</span>\" => \"<span class=sf-dump-str title=\"19 characters\">2026-09-16 13:10:12</span>\"
    \"<span class=sf-dump-key>updated_at</span>\" => \"<span class=sf-dump-str title=\"19 characters\">2026-09-16 21:04:17</span>\"
    \"<span class=sf-dump-key>deleted_at</span>\" => <span class=sf-dump-const>null</span>
    \"<span class=sf-dump-key>created_by</span>\" => <span class=sf-dump-const>null</span>
    \"<span class=sf-dump-key>updated_by</span>\" => <span class=sf-dump-const>null</span>
    \"<span class=sf-dump-key>deleted_by</span>\" => <span class=sf-dump-const>null</span>
  </samp>]
  #<span class=sf-dump-protected title=\"Protected property\">changes</span>: []
  #<span class=sf-dump-protected title=\"Protected property\">previous</span>: []
  #<span class=sf-dump-protected title=\"Protected property\">casts</span>: <span class=sf-dump-note>array:1</span> [<samp data-depth=2 class=sf-dump-compact>
    \"<span class=sf-dump-key>deleted_at</span>\" => \"<span class=sf-dump-str title=\"8 characters\">datetime</span>\"
  </samp>]
  #<span class=sf-dump-protected title=\"Protected property\">classCastCache</span>: []
  #<span class=sf-dump-protected title=\"Protected property\">attributeCastCache</span>: []
  #<span class=sf-dump-protected title=\"Protected property\">dateFormat</span>: <span class=sf-dump-const>null</span>
  #<span class=sf-dump-protected title=\"Protected property\">appends</span>: []
  #<span class=sf-dump-protected title=\"Protected property\">dispatchesEvents</span>: []
  #<span class=sf-dump-protected title=\"Protected property\">observables</span>: []
  #<span class=sf-dump-protected title=\"Protected property\">relations</span>: []
  #<span class=sf-dump-protected title=\"Protected property\">touches</span>: []
  #<span class=sf-dump-protected title=\"Protected property\">relationAutoloadCallback</span>: <span class=sf-dump-const>null</span>
  #<span class=sf-dump-protected title=\"Protected property\">relationAutoloadContext</span>: <span class=sf-dump-const>null</span>
  +<span class=sf-dump-public title=\"Public property\">timestamps</span>: <span class=sf-dump-const>true</span>
  +<span class=sf-dump-public title=\"Public property\">usesUniqueIds</span>: <span class=sf-dump-const>false</span>
  #<span class=sf-dump-protected title=\"Protected property\">hidden</span>: []
  #<span class=sf-dump-protected title=\"Protected property\">visible</span>: []
  #<span class=sf-dump-protected title=\"Protected property\">fillable</span>: []
  #<span class=sf-dump-protected title=\"Protected property\">guarded</span>: []
  #<span class=sf-dump-protected title=\"Protected property\">authPasswordName</span>: \"<span class=sf-dump-str title=\"8 characters\">password</span>\"
  #<span class=sf-dump-protected title=\"Protected property\">rememberTokenName</span>: \"<span class=sf-dump-str title=\"14 characters\">remember_token</span>\"
  #<span class=sf-dump-protected title=\"Protected property\">accessToken</span>: <span class=sf-dump-const>null</span>
  #<span class=sf-dump-protected title=\"Protected property\">forceDeleting</span>: <span class=sf-dump-const>false</span>
</samp>}
</pre><script>Sfdump(\"sf-dump-1632188849\", {\"maxDepth\":3,\"maxStringLength\":160})</script>
"}},"userId":1,"exception":"[object] (Spatie\\LaravelIgnition\\Exceptions\\ViewException(code: 0): Undefined variable $spref at C:\\laragon\\www\\STIT2\\resources\\views\\core-themes\\core-mainpage.blade.php:352)
[stacktrace]
#0 C:\\laragon\\www\\STIT2\\vendor\\laravel\\framework\\src\\Illuminate\\Filesystem\\Filesystem.php(123): require('C:\\\\laragon\\\\www\\\\...')
#1 C:\\laragon\\www\\STIT2\\vendor\\laravel\\framework\\src\\Illuminate\\Filesystem\\Filesystem.php(124): Illuminate\\Filesystem\\Filesystem::Illuminate\\Filesystem\\{closure}()
#2 C:\\laragon\\www\\STIT2\\vendor\\laravel\\framework\\src\\Illuminate\\View\\Engines\\PhpEngine.php(57): Illuminate\\Filesystem\\Filesystem->getRequire('C:\\\\laragon\\\\www\\\\...', Array)
#3 C:\\laragon\\www\\STIT2\\vendor\\livewire\\livewire\\src\\Mechanisms\\ExtendBlade\\ExtendedCompilerEngine.php(22): Illuminate\\View\\Engines\\PhpEngine->evaluatePath('C:\\\\laragon\\\\www\\\\...', Array)
#4 C:\\laragon\\www\\STIT2\\vendor\\laravel\\framework\\src\\Illuminate\\View\\Engines\\CompilerEngine.php(76): Livewire\\Mechanisms\\ExtendBlade\\ExtendedCompilerEngine->evaluatePath('C:\\\\laragon\\\\www\\\\...', Array)
#5 C:\\laragon\\www\\STIT2\\vendor\\livewire\\livewire\\src\\Mechanisms\\ExtendBlade\\ExtendedCompilerEngine.php(10): Illuminate\\View\\Engines\\CompilerEngine->get('C:\\\\laragon\\\\www\\\\...', Array)
#6 C:\\laragon\\www\\STIT2\\vendor\\laravel\\framework\\src\\Illuminate\\View\\View.php(208): Livewire\\Mechanisms\\ExtendBlade\\ExtendedCompilerEngine->get('C:\\\\laragon\\\\www\\\\...', Array)
#7 C:\\laragon\\www\\STIT2\\vendor\\laravel\\framework\\src\\Illuminate\\View\\View.php(191): Illuminate\\View\\View->getContents()
#8 C:\\laragon\\www\\STIT2\\vendor\\laravel\\framework\\src\\Illuminate\\View\\View.php(160): Illuminate\\View\\View->renderContents()
#9 C:\\laragon\\www\\STIT2\\resources\\views\\central\\pages\\public-info.blade.php(44): Illuminate\\View\\View->render()
#10 C:\\laragon\\www\\STIT2\\vendor\\laravel\\framework\\src\\Illuminate\\Filesystem\\Filesystem.php(123): require('C:\\\\laragon\\\\www\\\\...')
#11 C:\\laragon\\www\\STIT2\\vendor\\laravel\\framework\\src\\Illuminate\\Filesystem\\Filesystem.php(124): Illuminate\\Filesystem\\Filesystem::Illuminate\\Filesystem\\{closure}()
#12 C:\\laragon\\www\\STIT2\\vendor\\laravel\\framework\\src\\Illuminate\\View\\Engines\\PhpEngine.php(57): Illuminate\\Filesystem\\Filesystem->getRequire('C:\\\\laragon\\\\www\\\\...', Array)
#13 C:\\laragon\\www\\STIT2\\vendor\\livewire\\livewire\\src\\Mechanisms\\ExtendBlade\\ExtendedCompilerEngine.php(22): Illuminate\\View\\Engines\\PhpEngine->evaluatePath('C:\\\\laragon\\\\www\\\\...', Array)
#14 C:\\laragon\\www\\STIT2\\vendor\\laravel\\framework\\src\\Illuminate\\View\\Engines\\CompilerEngine.php(76): Livewire\\Mechanisms\\ExtendBlade\\ExtendedCompilerEngine->evaluatePath('C:\\\\laragon\\\\www\\\\...', Array)
#15 C:\\laragon\\www\\STIT2\\vendor\\livewire\\livewire\\src\\Mechanisms\\ExtendBlade\\ExtendedCompilerEngine.php(10): Illuminate\\View\\Engines\\CompilerEngine->get('C:\\\\laragon\\\\www\\\\...', Array)
#16 C:\\laragon\\www\\STIT2\\vendor\\laravel\\framework\\src\\Illuminate\\View\\View.php(208): Livewire\\Mechanisms\\ExtendBlade\\ExtendedCompilerEngine->get('C:\\\\laragon\\\\www\\\\...', Array)
#17 C:\\laragon\\www\\STIT2\\vendor\\laravel\\framework\\src\\Illuminate\\View\\View.php(191): Illuminate\\View\\View->getContents()
#18 C:\\laragon\\www\\STIT2\\vendor\\laravel\\framework\\src\\Illuminate\\View\\View.php(160): Illuminate\\View\\View->renderContents()
#19 C:\\laragon\\www\\STIT2\\vendor\\laravel\\framework\\src\\Illuminate\\Http\\Response.php(78): Illuminate\\View\\View->render()
#20 C:\\laragon\\www\\STIT2\\vendor\\laravel\\framework\\src\\Illuminate\\Http\\Response.php(34): Illuminate\\Http\\Response->setContent(Object(Illuminate\\View\\View))
#21 C:\\laragon\\www\\STIT2\\vendor\\laravel\\framework\\src\\Illuminate\\Routing\\Router.php(925): Illuminate\\Http\\Response->__construct(Object(Illuminate\\View\\View), 200, Array)
#22 C:\\laragon\\www\\STIT2\\vendor\\laravel\\framework\\src\\Illuminate\\Routing\\Router.php(892): Illuminate\\Routing\\Router::toResponse(Object(Illuminate\\Http\\Request), Object(Illuminate\\View\\View))
#23 C:\\laragon\\www\\STIT2\\vendor\\laravel\\framework\\src\\Illuminate\\Routing\\Router.php(807): Illuminate\\Routing\\Router->prepareResponse(Object(Illuminate\\Http\\Request), Object(Illuminate\\View\\View))
#24 C:\\laragon\\www\\STIT2\\vendor\\laravel\\framework\\src\\Illuminate\\Pipeline\\Pipeline.php(169): Illuminate\\Routing\\Router->Illuminate\\Routing\\{closure}(Object(Illuminate\\Http\\Request))
#25 C:\\laragon\\www\\STIT2\\vendor\\laravel\\framework\\src\\Illuminate\\Routing\\Middleware\\SubstituteBindings.php(50): Illuminate\\Pipeline\\Pipeline->Illuminate\\Pipeline\\{closure}(Object(Illuminate\\Http\\Request))
#26 C:\\laragon\\www\\STIT2\\vendor\\laravel\\framework\\src\\Illuminate\\Pipeline\\Pipeline.php(208): Illuminate\\Routing\\Middleware\\SubstituteBindings->handle(Object(Illuminate\\Http\\Request), Object(Closure))
#27 C:\\laragon\\www\\STIT2\\vendor\\laravel\\framework\\src\\Illuminate\\Foundation\\Http\\Middleware\\VerifyCsrfToken.php(87): Illuminate\\Pipeline\\Pipeline->Illuminate\\Pipeline\\{closure}(Object(Illuminate\\Http\\Request))
#28 C:\\laragon\\www\\STIT2\\vendor\\laravel\\framework\\src\\Illuminate\\Pipeline\\Pipeline.php(208): Illuminate\\Foundation\\Http\\Middleware\\VerifyCsrfToken->handle(Object(Illuminate\\Http\\Request), Object(Closure))
#29 C:\\laragon\\www\\STIT2\\vendor\\laravel\\framework\\src\\Illuminate\\View\\Middleware\\ShareErrorsFromSession.php(48): Illuminate\\Pipeline\\Pipeline->Illuminate\\Pipeline\\{closure}(Object(Illuminate\\Http\\Request))
#30 C:\\laragon\\www\\STIT2\\vendor\\laravel\\framework\\src\\Illuminate\\Pipeline\\Pipeline.php(208): Illuminate\\View\\Middleware\\ShareErrorsFromSession->handle(Object(Illuminate\\Http\\Request), Object(Closure))
#31 C:\\laragon\\www\\STIT2\\vendor\\laravel\\framework\\src\\Illuminate\\Session\\Middleware\\StartSession.php(120): Illuminate\\Pipeline\\Pipeline->Illuminate\\Pipeline\\{closure}(Object(Illuminate\\Http\\Request))
#32 C:\\laragon\\www\\STIT2\\vendor\\laravel\\framework\\src\\Illuminate\\Session\\Middleware\\StartSession.php(63): Illuminate\\Session\\Middleware\\StartSession->handleStatefulRequest(Object(Illuminate\\Http\\Request), Object(Illuminate\\Session\\Store), Object(Closure))
#33 C:\\laragon\\www\\STIT2\\vendor\\laravel\\framework\\src\\Illuminate\\Pipeline\\Pipeline.php(208): Illuminate\\Session\\Middleware\\StartSession->handle(Object(Illuminate\\Http\\Request), Object(Closure))
#34 C:\\laragon\\www\\STIT2\\vendor\\laravel\\framework\\src\\Illuminate\\Cookie\\Middleware\\AddQueuedCookiesToResponse.php(36): Illuminate\\Pipeline\\Pipeline->Illuminate\\Pipeline\\{closure}(Object(Illuminate\\Http\\Request))
#35 C:\\laragon\\www\\STIT2\\vendor\\laravel\\framework\\src\\Illuminate\\Pipeline\\Pipeline.php(208): Illuminate\\Cookie\\Middleware\\AddQueuedCookiesToResponse->handle(Object(Illuminate\\Http\\Request), Object(Closure))
#36 C:\\laragon\\www\\STIT2\\vendor\\laravel\\framework\\src\\Illuminate\\Cookie\\Middleware\\EncryptCookies.php(74): Illuminate\\Pipeline\\Pipeline->Illuminate\\Pipeline\\{closure}(Object(Illuminate\\Http\\Request))
#37 C:\\laragon\\www\\STIT2\\vendor\\laravel\\framework\\src\\Illuminate\\Pipeline\\Pipeline.php(208): Illuminate\\Cookie\\Middleware\\EncryptCookies->handle(Object(Illuminate\\Http\\Request), Object(Closure))
#38 C:\\laragon\\www\\STIT2\\vendor\\laravel\\framework\\src\\Illuminate\\Pipeline\\Pipeline.php(126): Illuminate\\Pipeline\\Pipeline->Illuminate\\Pipeline\\{closure}(Object(Illuminate\\Http\\Request))
#39 C:\\laragon\\www\\STIT2\\vendor\\laravel\\framework\\src\\Illuminate\\Routing\\Router.php(807): Illuminate\\Pipeline\\Pipeline->then(Object(Closure))
#40 C:\\laragon\\www\\STIT2\\vendor\\laravel\\framework\\src\\Illuminate\\Routing\\Router.php(786): Illuminate\\Routing\\Router->runRouteWithinStack(Object(Illuminate\\Routing\\Route), Object(Illuminate\\Http\\Request))
#41 C:\\laragon\\www\\STIT2\\vendor\\laravel\\framework\\src\\Illuminate\\Routing\\Router.php(750): Illuminate\\Routing\\Router->runRoute(Object(Illuminate\\Http\\Request), Object(Illuminate\\Routing\\Route))
#42 C:\\laragon\\www\\STIT2\\vendor\\laravel\\framework\\src\\Illuminate\\Routing\\Router.php(739): Illuminate\\Routing\\Router->dispatchToRoute(Object(Illuminate\\Http\\Request))
#43 C:\\laragon\\www\\STIT2\\vendor\\laravel\\framework\\src\\Illuminate\\Foundation\\Http\\Kernel.php(200): Illuminate\\Routing\\Router->dispatch(Object(Illuminate\\Http\\Request))
#44 C:\\laragon\\www\\STIT2\\vendor\\laravel\\framework\\src\\Illuminate\\Pipeline\\Pipeline.php(169): Illuminate\\Foundation\\Http\\Kernel->Illuminate\\Foundation\\Http\\{closure}(Object(Illuminate\\Http\\Request))
#45 C:\\laragon\\www\\STIT2\\vendor\\livewire\\livewire\\src\\Features\\SupportDisablingBackButtonCache\\DisableBackButtonCacheMiddleware.php(19): Illuminate\\Pipeline\\Pipeline->Illuminate\\Pipeline\\{closure}(Object(Illuminate\\Http\\Request))
#46 C:\\laragon\\www\\STIT2\\vendor\\laravel\\framework\\src\\Illuminate\\Pipeline\\Pipeline.php(208): Livewire\\Features\\SupportDisablingBackButtonCache\\DisableBackButtonCacheMiddleware->handle(Object(Illuminate\\Http\\Request), Object(Closure))
#47 C:\\laragon\\www\\STIT2\\vendor\\laravel\\framework\\src\\Illuminate\\Foundation\\Http\\Middleware\\TransformsRequest.php(21): Illuminate\\Pipeline\\Pipeline->Illuminate\\Pipeline\\{closure}(Object(Illuminate\\Http\\Request))
#48 C:\\laragon\\www\\STIT2\\vendor\\laravel\\framework\\src\\Illuminate\\Foundation\\Http\\Middleware\\ConvertEmptyStringsToNull.php(31): Illuminate\\Foundation\\Http\\Middleware\\TransformsRequest->handle(Object(Illuminate\\Http\\Request), Object(Closure))
#49 C:\\laragon\\www\\STIT2\\vendor\\laravel\\framework\\src\\Illuminate\\Pipeline\\Pipeline.php(208): Illuminate\\Foundation\\Http\\Middleware\\ConvertEmptyStringsToNull->handle(Object(Illuminate\\Http\\Request), Object(Closure))
#50 C:\\laragon\\www\\STIT2\\vendor\\laravel\\framework\\src\\Illuminate\\Foundation\\Http\\Middleware\\TransformsRequest.php(21): Illuminate\\Pipeline\\Pipeline->Illuminate\\Pipeline\\{closure}(Object(Illuminate\\Http\\Request))
#51 C:\\laragon\\www\\STIT2\\vendor\\laravel\\framework\\src\\Illuminate\\Foundation\\Http\\Middleware\\TrimStrings.php(51): Illuminate\\Foundation\\Http\\Middleware\\TransformsRequest->handle(Object(Illuminate\\Http\\Request), Object(Closure))
#52 C:\\laragon\\www\\STIT2\\vendor\\laravel\\framework\\src\\Illuminate\\Pipeline\\Pipeline.php(208): Illuminate\\Foundation\\Http\\Middleware\\TrimStrings->handle(Object(Illuminate\\Http\\Request), Object(Closure))
#53 C:\\laragon\\www\\STIT2\\vendor\\laravel\\framework\\src\\Illuminate\\Http\\Middleware\\ValidatePostSize.php(27): Illuminate\\Pipeline\\Pipeline->Illuminate\\Pipeline\\{closure}(Object(Illuminate\\Http\\Request))
#54 C:\\laragon\\www\\STIT2\\vendor\\laravel\\framework\\src\\Illuminate\\Pipeline\\Pipeline.php(208): Illuminate\\Http\\Middleware\\ValidatePostSize->handle(Object(Illuminate\\Http\\Request), Object(Closure))
#55 C:\\laragon\\www\\STIT2\\vendor\\laravel\\framework\\src\\Illuminate\\Foundation\\Http\\Middleware\\PreventRequestsDuringMaintenance.php(109): Illuminate\\Pipeline\\Pipeline->Illuminate\\Pipeline\\{closure}(Object(Illuminate\\Http\\Request))
#56 C:\\laragon\\www\\STIT2\\vendor\\laravel\\framework\\src\\Illuminate\\Pipeline\\Pipeline.php(208): Illuminate\\Foundation\\Http\\Middleware\\PreventRequestsDuringMaintenance->handle(Object(Illuminate\\Http\\Request), Object(Closure))
#57 C:\\laragon\\www\\STIT2\\vendor\\laravel\\framework\\src\\Illuminate\\Http\\Middleware\\HandleCors.php(48): Illuminate\\Pipeline\\Pipeline->Illuminate\\Pipeline\\{closure}(Object(Illuminate\\Http\\Request))
#58 C:\\laragon\\www\\STIT2\\vendor\\laravel\\framework\\src\\Illuminate\\Pipeline\\Pipeline.php(208): Illuminate\\Http\\Middleware\\HandleCors->handle(Object(Illuminate\\Http\\Request), Object(Closure))
#59 C:\\laragon\\www\\STIT2\\vendor\\laravel\\framework\\src\\Illuminate\\Http\\Middleware\\TrustProxies.php(58): Illuminate\\Pipeline\\Pipeline->Illuminate\\Pipeline\\{closure}(Object(Illuminate\\Http\\Request))
#60 C:\\laragon\\www\\STIT2\\vendor\\laravel\\framework\\src\\Illuminate\\Pipeline\\Pipeline.php(208): Illuminate\\Http\\Middleware\\TrustProxies->handle(Object(Illuminate\\Http\\Request), Object(Closure))
#61 C:\\laragon\\www\\STIT2\\vendor\\laravel\\framework\\src\\Illuminate\\Foundation\\Http\\Middleware\\InvokeDeferredCallbacks.php(22): Illuminate\\Pipeline\\Pipeline->Illuminate\\Pipeline\\{closure}(Object(Illuminate\\Http\\Request))
#62 C:\\laragon\\www\\STIT2\\vendor\\laravel\\framework\\src\\Illuminate\\Pipeline\\Pipeline.php(208): Illuminate\\Foundation\\Http\\Middleware\\InvokeDeferredCallbacks->handle(Object(Illuminate\\Http\\Request), Object(Closure))
#63 C:\\laragon\\www\\STIT2\\vendor\\laravel\\framework\\src\\Illuminate\\Http\\Middleware\\ValidatePathEncoding.php(26): Illuminate\\Pipeline\\Pipeline->Illuminate\\Pipeline\\{closure}(Object(Illuminate\\Http\\Request))
#64 C:\\laragon\\www\\STIT2\\vendor\\laravel\\framework\\src\\Illuminate\\Pipeline\\Pipeline.php(208): Illuminate\\Http\\Middleware\\ValidatePathEncoding->handle(Object(Illuminate\\Http\\Request), Object(Closure))
#65 C:\\laragon\\www\\STIT2\\vendor\\laravel\\framework\\src\\Illuminate\\Pipeline\\Pipeline.php(126): Illuminate\\Pipeline\\Pipeline->Illuminate\\Pipeline\\{closure}(Object(Illuminate\\Http\\Request))
#66 C:\\laragon\\www\\STIT2\\vendor\\laravel\\framework\\src\\Illuminate\\Foundation\\Http\\Kernel.php(175): Illuminate\\Pipeline\\Pipeline->then(Object(Closure))
#67 C:\\laragon\\www\\STIT2\\vendor\\laravel\\framework\\src\\Illuminate\\Foundation\\Http\\Kernel.php(144): Illuminate\\Foundation\\Http\\Kernel->sendRequestThroughRouter(Object(Illuminate\\Http\\Request))
#68 C:\\laragon\\www\\STIT2\\public\\index.php(51): Illuminate\\Foundation\\Http\\Kernel->handle(Object(Illuminate\\Http\\Request))
#69 C:\\laragon\\www\\STIT2\\vendor\\laravel\\framework\\src\\Illuminate\\Foundation\\resources\\server.php(23): require_once('C:\\\\laragon\\\\www\\\\...')
#70 {main}

[previous exception] [object] (ErrorException(code: 0): Undefined variable $spref at C:\\laragon\\www\\STIT2\\storage\\framework\\views\\c0ab4a70c91cf4f3941485b2f5e3952e.php:352)
[stacktrace]
#0 C:\\laragon\\www\\STIT2\\vendor\\laravel\\framework\\src\\Illuminate\\Foundation\\Bootstrap\\HandleExceptions.php(256): Illuminate\\Foundation\\Bootstrap\\HandleExceptions->handleError(2, 'Undefined varia...', 'C:\\\\laragon\\\\www\\\\...', 352)
#1 C:\\laragon\\www\\STIT2\\storage\\framework\\views\\c0ab4a70c91cf4f3941485b2f5e3952e.php(352): Illuminate\\Foundation\\Bootstrap\\HandleExceptions->Illuminate\\Foundation\\Bootstrap\\{closure}(2, 'Undefined varia...', 'C:\\\\laragon\\\\www\\\\...', 352)
#2 C:\\laragon\\www\\STIT2\\vendor\\laravel\\framework\\src\\Illuminate\\Filesystem\\Filesystem.php(123): require('C:\\\\laragon\\\\www\\\\...')
#3 C:\\laragon\\www\\STIT2\\vendor\\laravel\\framework\\src\\Illuminate\\Filesystem\\Filesystem.php(124): Illuminate\\Filesystem\\Filesystem::Illuminate\\Filesystem\\{closure}()
#4 C:\\laragon\\www\\STIT2\\vendor\\laravel\\framework\\src\\Illuminate\\View\\Engines\\PhpEngine.php(57): Illuminate\\Filesystem\\Filesystem->getRequire('C:\\\\laragon\\\\www\\\\...', Array)
#5 C:\\laragon\\www\\STIT2\\vendor\\livewire\\livewire\\src\\Mechanisms\\ExtendBlade\\ExtendedCompilerEngine.php(22): Illuminate\\View\\Engines\\PhpEngine->evaluatePath('C:\\\\laragon\\\\www\\\\...', Array)
#6 C:\\laragon\\www\\STIT2\\vendor\\laravel\\framework\\src\\Illuminate\\View\\Engines\\CompilerEngine.php(76): Livewire\\Mechanisms\\ExtendBlade\\ExtendedCompilerEngine->evaluatePath('C:\\\\laragon\\\\www\\\\...', Array)
#7 C:\\laragon\\www\\STIT2\\vendor\\livewire\\livewire\\src\\Mechanisms\\ExtendBlade\\ExtendedCompilerEngine.php(10): Illuminate\\View\\Engines\\CompilerEngine->get('C:\\\\laragon\\\\www\\\\...', Array)
#8 C:\\laragon\\www\\STIT2\\vendor\\laravel\\framework\\src\\Illuminate\\View\\View.php(208): Livewire\\Mechanisms\\ExtendBlade\\ExtendedCompilerEngine->get('C:\\\\laragon\\\\www\\\\...', Array)
#9 C:\\laragon\\www\\STIT2\\vendor\\laravel\\framework\\src\\Illuminate\\View\\View.php(191): Illuminate\\View\\View->getContents()
#10 C:\\laragon\\www\\STIT2\\vendor\\laravel\\framework\\src\\Illuminate\\View\\View.php(160): Illuminate\\View\\View->renderContents()
#11 C:\\laragon\\www\\STIT2\\storage\\framework\\views\\59f71ea7e0eaa467808b8a930ee2cee2.php(44): Illuminate\\View\\View->render()
#12 C:\\laragon\\www\\STIT2\\vendor\\laravel\\framework\\src\\Illuminate\\Filesystem\\Filesystem.php(123): require('C:\\\\laragon\\\\www\\\\...')
#13 C:\\laragon\\www\\STIT2\\vendor\\laravel\\framework\\src\\Illuminate\\Filesystem\\Filesystem.php(124): Illuminate\\Filesystem\\Filesystem::Illuminate\\Filesystem\\{closure}()
#14 C:\\laragon\\www\\STIT2\\vendor\\laravel\\framework\\src\\Illuminate\\View\\Engines\\PhpEngine.php(57): Illuminate\\Filesystem\\Filesystem->getRequire('C:\\\\laragon\\\\www\\\\...', Array)
#15 C:\\laragon\\www\\STIT2\\vendor\\livewire\\livewire\\src\\Mechanisms\\ExtendBlade\\ExtendedCompilerEngine.php(22): Illuminate\\View\\Engines\\PhpEngine->evaluatePath('C:\\\\laragon\\\\www\\\\...', Array)
#16 C:\\laragon\\www\\STIT2\\vendor\\laravel\\framework\\src\\Illuminate\\View\\Engines\\CompilerEngine.php(76): Livewire\\Mechanisms\\ExtendBlade\\ExtendedCompilerEngine->evaluatePath('C:\\\\laragon\\\\www\\\\...', Array)
#17 C:\\laragon\\www\\STIT2\\vendor\\livewire\\livewire\\src\\Mechanisms\\ExtendBlade\\ExtendedCompilerEngine.php(10): Illuminate\\View\\Engines\\CompilerEngine->get('C:\\\\laragon\\\\www\\\\...', Array)
#18 C:\\laragon\\www\\STIT2\\vendor\\laravel\\framework\\src\\Illuminate\\View\\View.php(208): Livewire\\Mechanisms\\ExtendBlade\\ExtendedCompilerEngine->get('C:\\\\laragon\\\\www\\\\...', Array)
#19 C:\\laragon\\www\\STIT2\\vendor\\laravel\\framework\\src\\Illuminate\\View\\View.php(191): Illuminate\\View\\View->getContents()
#20 C:\\laragon\\www\\STIT2\\vendor\\laravel\\framework\\src\\Illuminate\\View\\View.php(160): Illuminate\\View\\View->renderContents()
#21 C:\\laragon\\www\\STIT2\\vendor\\laravel\\framework\\src\\Illuminate\\Http\\Response.php(78): Illuminate\\View\\View->render()
#22 C:\\laragon\\www\\STIT2\\vendor\\laravel\\framework\\src\\Illuminate\\Http\\Response.php(34): Illuminate\\Http\\Response->setContent(Object(Illuminate\\View\\View))
#23 C:\\laragon\\www\\STIT2\\vendor\\laravel\\framework\\src\\Illuminate\\Routing\\Router.php(925): Illuminate\\Http\\Response->__construct(Object(Illuminate\\View\\View), 200, Array)
#24 C:\\laragon\\www\\STIT2\\vendor\\laravel\\framework\\src\\Illuminate\\Routing\\Router.php(892): Illuminate\\Routing\\Router::toResponse(Object(Illuminate\\Http\\Request), Object(Illuminate\\View\\View))
#25 C:\\laragon\\www\\STIT2\\vendor\\laravel\\framework\\src\\Illuminate\\Routing\\Router.php(807): Illuminate\\Routing\\Router->prepareResponse(Object(Illuminate\\Http\\Request), Object(Illuminate\\View\\View))
#26 C:\\laragon\\www\\STIT2\\vendor\\laravel\\framework\\src\\Illuminate\\Pipeline\\Pipeline.php(169): Illuminate\\Routing\\Router->Illuminate\\Routing\\{closure}(Object(Illuminate\\Http\\Request))
#27 C:\\laragon\\www\\STIT2\\vendor\\laravel\\framework\\src\\Illuminate\\Routing\\Middleware\\SubstituteBindings.php(50): Illuminate\\Pipeline\\Pipeline->Illuminate\\Pipeline\\{closure}(Object(Illuminate\\Http\\Request))
#28 C:\\laragon\\www\\STIT2\\vendor\\laravel\\framework\\src\\Illuminate\\Pipeline\\Pipeline.php(208): Illuminate\\Routing\\Middleware\\SubstituteBindings->handle(Object(Illuminate\\Http\\Request), Object(Closure))
#29 C:\\laragon\\www\\STIT2\\vendor\\laravel\\framework\\src\\Illuminate\\Foundation\\Http\\Middleware\\VerifyCsrfToken.php(87): Illuminate\\Pipeline\\Pipeline->Illuminate\\Pipeline\\{closure}(Object(Illuminate\\Http\\Request))
#30 C:\\laragon\\www\\STIT2\\vendor\\laravel\\framework\\src\\Illuminate\\Pipeline\\Pipeline.php(208): Illuminate\\Foundation\\Http\\Middleware\\VerifyCsrfToken->handle(Object(Illuminate\\Http\\Request), Object(Closure))
#31 C:\\laragon\\www\\STIT2\\vendor\\laravel\\framework\\src\\Illuminate\\View\\Middleware\\ShareErrorsFromSession.php(48): Illuminate\\Pipeline\\Pipeline->Illuminate\\Pipeline\\{closure}(Object(Illuminate\\Http\\Request))
#32 C:\\laragon\\www\\STIT2\\vendor\\laravel\\framework\\src\\Illuminate\\Pipeline\\Pipeline.php(208): Illuminate\\View\\Middleware\\ShareErrorsFromSession->handle(Object(Illuminate\\Http\\Request), Object(Closure))
#33 C:\\laragon\\www\\STIT2\\vendor\\laravel\\framework\\src\\Illuminate\\Session\\Middleware\\StartSession.php(120): Illuminate\\Pipeline\\Pipeline->Illuminate\\Pipeline\\{closure}(Object(Illuminate\\Http\\Request))
#34 C:\\laragon\\www\\STIT2\\vendor\\laravel\\framework\\src\\Illuminate\\Session\\Middleware\\StartSession.php(63): Illuminate\\Session\\Middleware\\StartSession->handleStatefulRequest(Object(Illuminate\\Http\\Request), Object(Illuminate\\Session\\Store), Object(Closure))
#35 C:\\laragon\\www\\STIT2\\vendor\\laravel\\framework\\src\\Illuminate\\Pipeline\\Pipeline.php(208): Illuminate\\Session\\Middleware\\StartSession->handle(Object(Illuminate\\Http\\Request), Object(Closure))
#36 C:\\laragon\\www\\STIT2\\vendor\\laravel\\framework\\src\\Illuminate\\Cookie\\Middleware\\AddQueuedCookiesToResponse.php(36): Illuminate\\Pipeline\\Pipeline->Illuminate\\Pipeline\\{closure}(Object(Illuminate\\Http\\Request))
#37 C:\\laragon\\www\\STIT2\\vendor\\laravel\\framework\\src\\Illuminate\\Pipeline\\Pipeline.php(208): Illuminate\\Cookie\\Middleware\\AddQueuedCookiesToResponse->handle(Object(Illuminate\\Http\\Request), Object(Closure))
#38 C:\\laragon\\www\\STIT2\\vendor\\laravel\\framework\\src\\Illuminate\\Cookie\\Middleware\\EncryptCookies.php(74): Illuminate\\Pipeline\\Pipeline->Illuminate\\Pipeline\\{closure}(Object(Illuminate\\Http\\Request))
#39 C:\\laragon\\www\\STIT2\\vendor\\laravel\\framework\\src\\Illuminate\\Pipeline\\Pipeline.php(208): Illuminate\\Cookie\\Middleware\\EncryptCookies->handle(Object(Illuminate\\Http\\Request), Object(Closure))
#40 C:\\laragon\\www\\STIT2\\vendor\\laravel\\framework\\src\\Illuminate\\Pipeline\\Pipeline.php(126): Illuminate\\Pipeline\\Pipeline->Illuminate\\Pipeline\\{closure}(Object(Illuminate\\Http\\Request))
#41 C:\\laragon\\www\\STIT2\\vendor\\laravel\\framework\\src\\Illuminate\\Routing\\Router.php(807): Illuminate\\Pipeline\\Pipeline->then(Object(Closure))
#42 C:\\laragon\\www\\STIT2\\vendor\\laravel\\framework\\src\\Illuminate\\Routing\\Router.php(786): Illuminate\\Routing\\Router->runRouteWithinStack(Object(Illuminate\\Routing\\Route), Object(Illuminate\\Http\\Request))
#43 C:\\laragon\\www\\STIT2\\vendor\\laravel\\framework\\src\\Illuminate\\Routing\\Router.php(750): Illuminate\\Routing\\Router->runRoute(Object(Illuminate\\Http\\Request), Object(Illuminate\\Routing\\Route))
#44 C:\\laragon\\www\\STIT2\\vendor\\laravel\\framework\\src\\Illuminate\\Routing\\Router.php(739): Illuminate\\Routing\\Router->dispatchToRoute(Object(Illuminate\\Http\\Request))
#45 C:\\laragon\\www\\STIT2\\vendor\\laravel\\framework\\src\\Illuminate\\Foundation\\Http\\Kernel.php(200): Illuminate\\Routing\\Router->dispatch(Object(Illuminate\\Http\\Request))
#46 C:\\laragon\\www\\STIT2\\vendor\\laravel\\framework\\src\\Illuminate\\Pipeline\\Pipeline.php(169): Illuminate\\Foundation\\Http\\Kernel->Illuminate\\Foundation\\Http\\{closure}(Object(Illuminate\\Http\\Request))
#47 C:\\laragon\\www\\STIT2\\vendor\\livewire\\livewire\\src\\Features\\SupportDisablingBackButtonCache\\DisableBackButtonCacheMiddleware.php(19): Illuminate\\Pipeline\\Pipeline->Illuminate\\Pipeline\\{closure}(Object(Illuminate\\Http\\Request))
#48 C:\\laragon\\www\\STIT2\\vendor\\laravel\\framework\\src\\Illuminate\\Pipeline\\Pipeline.php(208): Livewire\\Features\\SupportDisablingBackButtonCache\\DisableBackButtonCacheMiddleware->handle(Object(Illuminate\\Http\\Request), Object(Closure))
#49 C:\\laragon\\www\\STIT2\\vendor\\laravel\\framework\\src\\Illuminate\\Foundation\\Http\\Middleware\\TransformsRequest.php(21): Illuminate\\Pipeline\\Pipeline->Illuminate\\Pipeline\\{closure}(Object(Illuminate\\Http\\Request))
#50 C:\\laragon\\www\\STIT2\\vendor\\laravel\\framework\\src\\Illuminate\\Foundation\\Http\\Middleware\\ConvertEmptyStringsToNull.php(31): Illuminate\\Foundation\\Http\\Middleware\\TransformsRequest->handle(Object(Illuminate\\Http\\Request), Object(Closure))
#51 C:\\laragon\\www\\STIT2\\vendor\\laravel\\framework\\src\\Illuminate\\Pipeline\\Pipeline.php(208): Illuminate\\Foundation\\Http\\Middleware\\ConvertEmptyStringsToNull->handle(Object(Illuminate\\Http\\Request), Object(Closure))
#52 C:\\laragon\\www\\STIT2\\vendor\\laravel\\framework\\src\\Illuminate\\Foundation\\Http\\Middleware\\TransformsRequest.php(21): Illuminate\\Pipeline\\Pipeline->Illuminate\\Pipeline\\{closure}(Object(Illuminate\\Http\\Request))
#53 C:\\laragon\\www\\STIT2\\vendor\\laravel\\framework\\src\\Illuminate\\Foundation\\Http\\Middleware\\TrimStrings.php(51): Illuminate\\Foundation\\Http\\Middleware\\TransformsRequest->handle(Object(Illuminate\\Http\\Request), Object(Closure))
#54 C:\\laragon\\www\\STIT2\\vendor\\laravel\\framework\\src\\Illuminate\\Pipeline\\Pipeline.php(208): Illuminate\\Foundation\\Http\\Middleware\\TrimStrings->handle(Object(Illuminate\\Http\\Request), Object(Closure))
#55 C:\\laragon\\www\\STIT2\\vendor\\laravel\\framework\\src\\Illuminate\\Http\\Middleware\\ValidatePostSize.php(27): Illuminate\\Pipeline\\Pipeline->Illuminate\\Pipeline\\{closure}(Object(Illuminate\\Http\\Request))
#56 C:\\laragon\\www\\STIT2\\vendor\\laravel\\framework\\src\\Illuminate\\Pipeline\\Pipeline.php(208): Illuminate\\Http\\Middleware\\ValidatePostSize->handle(Object(Illuminate\\Http\\Request), Object(Closure))
#57 C:\\laragon\\www\\STIT2\\vendor\\laravel\\framework\\src\\Illuminate\\Foundation\\Http\\Middleware\\PreventRequestsDuringMaintenance.php(109): Illuminate\\Pipeline\\Pipeline->Illuminate\\Pipeline\\{closure}(Object(Illuminate\\Http\\Request))
#58 C:\\laragon\\www\\STIT2\\vendor\\laravel\\framework\\src\\Illuminate\\Pipeline\\Pipeline.php(208): Illuminate\\Foundation\\Http\\Middleware\\PreventRequestsDuringMaintenance->handle(Object(Illuminate\\Http\\Request), Object(Closure))
#59 C:\\laragon\\www\\STIT2\\vendor\\laravel\\framework\\src\\Illuminate\\Http\\Middleware\\HandleCors.php(48): Illuminate\\Pipeline\\Pipeline->Illuminate\\Pipeline\\{closure}(Object(Illuminate\\Http\\Request))
#60 C:\\laragon\\www\\STIT2\\vendor\\laravel\\framework\\src\\Illuminate\\Pipeline\\Pipeline.php(208): Illuminate\\Http\\Middleware\\HandleCors->handle(Object(Illuminate\\Http\\Request), Object(Closure))
#61 C:\\laragon\\www\\STIT2\\vendor\\laravel\\framework\\src\\Illuminate\\Http\\Middleware\\TrustProxies.php(58): Illuminate\\Pipeline\\Pipeline->Illuminate\\Pipeline\\{closure}(Object(Illuminate\\Http\\Request))
#62 C:\\laragon\\www\\STIT2\\vendor\\laravel\\framework\\src\\Illuminate\\Pipeline\\Pipeline.php(208): Illuminate\\Http\\Middleware\\TrustProxies->handle(Object(Illuminate\\Http\\Request), Object(Closure))
#63 C:\\laragon\\www\\STIT2\\vendor\\laravel\\framework\\src\\Illuminate\\Foundation\\Http\\Middleware\\InvokeDeferredCallbacks.php(22): Illuminate\\Pipeline\\Pipeline->Illuminate\\Pipeline\\{closure}(Object(Illuminate\\Http\\Request))
#64 C:\\laragon\\www\\STIT2\\vendor\\laravel\\framework\\src\\Illuminate\\Pipeline\\Pipeline.php(208): Illuminate\\Foundation\\Http\\Middleware\\InvokeDeferredCallbacks->handle(Object(Illuminate\\Http\\Request), Object(Closure))
#65 C:\\laragon\\www\\STIT2\\vendor\\laravel\\framework\\src\\Illuminate\\Http\\Middleware\\ValidatePathEncoding.php(26): Illuminate\\Pipeline\\Pipeline->Illuminate\\Pipeline\\{closure}(Object(Illuminate\\Http\\Request))
#66 C:\\laragon\\www\\STIT2\\vendor\\laravel\\framework\\src\\Illuminate\\Pipeline\\Pipeline.php(208): Illuminate\\Http\\Middleware\\ValidatePathEncoding->handle(Object(Illuminate\\Http\\Request), Object(Closure))
#67 C:\\laragon\\www\\STIT2\\vendor\\laravel\\framework\\src\\Illuminate\\Pipeline\\Pipeline.php(126): Illuminate\\Pipeline\\Pipeline->Illuminate\\Pipeline\\{closure}(Object(Illuminate\\Http\\Request))
#68 C:\\laragon\\www\\STIT2\\vendor\\laravel\\framework\\src\\Illuminate\\Foundation\\Http\\Kernel.php(175): Illuminate\\Pipeline\\Pipeline->then(Object(Closure))
#69 C:\\laragon\\www\\STIT2\\vendor\\laravel\\framework\\src\\Illuminate\\Foundation\\Http\\Kernel.php(144): Illuminate\\Foundation\\Http\\Kernel->sendRequestThroughRouter(Object(Illuminate\\Http\\Request))
#70 C:\\laragon\\www\\STIT2\\public\\index.php(51): Illuminate\\Foundation\\Http\\Kernel->handle(Object(Illuminate\\Http\\Request))
#71 C:\\laragon\\www\\STIT2\\vendor\\laravel\\framework\\src\\Illuminate\\Foundation\\resources\\server.php(23): require_once('C:\\\\laragon\\\\www\\\\...')
#72 {main}
"} 
